Título,URL detalle,id_inmueble,URL imagen,Etiquetas,Precio listado,Tipología listado,Descripción breve,Ubicación listado,Publicante,Acción disponible,Descripción completa,Unidades,Latitud,Longitud,Porcentaje terminado,Porcentaje vendido,Ocupación,Desarrollador,Estado,Parqueaderos,Financiación,Formas de pago,Cuota inicial,Cantidad de pisos,Aplica subsidio,Fecha de Finalización,Estrato,fecha_recoleccion
"Apartamento en Venta en Valle del Lili, Cali",https://www.fincaraiz.com.co/apartamento-en-venta-en-valle-del-lili-cali/193726505,193726505,https://cdn4.fincaraiz.com.co/repo/img/th.outside384x275.69fe4788a911b_infocdn__kydulannp417oasusggzmannqhb6u2hgmoq8quehjpg.jpg,[],$ 290.000.000,3 Habs. 2 Baños 68 m²,"Apartamento en venta en valle del lili, cali","Apartamento enCali, Valle del cauca",EPSILUM ASESORES,Llamar,"SE VENDE APARTAMENTO CONJUNTO JADE VALLE DEL LILIÁrea 67 Mt2Piso 13 habitaciones todos con aire acondicionado2 baños todas con bañoBalcón con vista hacia el exteriorHabitación principal con Vestier y bañoBaño socialSala comedor y estudioCocina integral Abierta tipo americanaZona de servicio1 parqueaderoCuenta con amenidades como salón social, piscina para adultos y piscina de niñosPrecio $290.000.000negociablesAdministración : $289.000",[],3.3708257,-76.5057779,,,,,,,,,,,,,,2026-08-02
"Apartamento en Venta en Valle del Lili, Cali",https://www.fincaraiz.com.co/apartamento-en-venta-en-valle-del-lili-cali/193990939,193990939,https://cdn4.fincaraiz.com.co/repo/img/th.outside384x275.6a570228a9b7a_infocdn__cz9g3nr5k0yee0iht9nxgzcmw5mvzl8fefwaywnejpg.jpg,[],$ 290.000.000,2 Habs. 2 Baños 60 m²,"Apartamento en venta en valle del lili, cali","Apartamento enCali, Valle del cauca",EPSILUM ASESORES,Llamar,"VENTA DE APARTAMENTO ZONA SUR DE CALI ROSALES VIVERO CON PARQUEADERO PROPIOEncuentra en este apartamento en el sur de Cali zona VIVERO unidad residencial Rosales de 60 metros cuadrados, cuenta con piso terminado en porcelanato paredes y techo. dos alcobas, espacio disponible para vestier, estudio o star, dos baños terminados, el segundo en la alcoba principal, sala comedor con acceso a amplio balcon, cocina abierta moderna amplia, zona de oficios independiente. Consta de parqueadero privado, lindas zonas comunes pensadas en la diversion y entretenimiento de toda la familia como piscina para adultos y para niños, cancha multiple, salon social, gimnasio dotado, juegos infantiles , doble porteria y vigilancia 24/7 COMUNICATE PARA AGENDAR VISITA!",[],3.3587732,-76.5064552,,,,,,,,,,,,,,2026-08-02
"Apartamento en Venta en Valle del Lili, Cali",https://www.fincaraiz.com.co/apartamento-en-venta-en-valle-del-lili-cali/193990884,193990884,https://cdn4.fincaraiz.com.co/repo/img/th.outside384x275.6a56fe51f2965_infocdn__uw8mljo6hl1kiya6p5jpxchzrpo7zhhh0iyjs7vtjpg.jpg,[],$ 250.000.000,2 Habs. 2 Baños 60 m²,"Apartamento en venta en valle del lili, cali","Apartamento enCali, Valle del cauca",EPSILUM ASESORES,Llamar,"SE VENDE APARTAMENTO EN CIUDAD MELÉNDEZ Conjunto Residencial Cian Valle del Lili Listo para mudarse y disfrutar. Un apartamento moderno con solo 4 años de antigüedad, excelentes acabados y ubicación premium. Características: Piso 9 con ascensor fresco e iluminado, 2 habitaciones con closets y estudio, 2 baños completos social y privado en alcoba principal, Cocina integral con bastantes cajones, Zona de oficios con lavadero y espacio para lavadora, Sala-comedor con balcón y vista exterior, Parqueadero comunitario carro y moto, El conjunto cuenta con: Piscinas para adultos y niños, salón social, juegos infantiles y un hermoso parque lineal justo en frente para caminar y ejercitarse. Formas de pago: Se recibe efectivo o crédito hipotecario. Tiene deuda vigente con BBVA y se entrega 100% al día y esta oportunidad. Para más información o agendar una visita, escríbeme.",[],3.370026,-76.507577,,,,,,,,,,,,,,2026-08-02
"Orellana, Apartamentos en Venta en El hormiguero, Cali",https://www.fincaraiz.com.co/proyectos-vivienda/orellana-apartamentos-en-venta-en-el-hormiguero-cali/15017701,15017701,https://cdn4.fincaraiz.com.co/repo/img/th.outside384x275.68ade31820ddc_infocdn__pmiwlaj1jemusb2uekzegxicobcybo3jyjg40nltjpg.jpg,[],Desde $ 330.600.000,2 Habs. 1 Baño 54.59 m²,"Orellana, apartamentos en venta en el hormiguero, cali","Apartamento enCali, Valle del cauca",CONSTRUCTORA BOLIVAR CALI,Llamar,"Este proyecto en conjunto cerrado, rodeado de amplias zonas verdes, está ubicado estratégicamente al sur de Cali. Orellana está conformado por 4 torres de 10 pisos, cada una con ascensor. Cuenta con un parqueadero propio 1 a 1 y sus completas zonas comunes incluyen salón social, gimnasio, sala de entretenimiento y coworking dotado, zona de juegos infantiles, piscina para adultos y piscina para niños. Un lugar pensado para brindar bienestar, accesibilidad y calidad de vida.",[],3.3291219,-76.5026127,¡Pregúntale!,¡Pregúntale!,¡Pregúntale!,¡Pregúntale!,Sobre planos,1,¡Pregúntale!,¡Pregúntale!,¡Pregúntale!,¡Pregúntale!,¡Pregúntale!,¡Pregúntale!,4,2026-08-02
"CHIPICHAPE GARDENS, Apartamento en Venta en Chipichape, Cali",https://www.fincaraiz.com.co/proyectos-vivienda/chipichape-gardens-apartamentos-en-venta-en-chipichape-cali/15016873,15016873,https://cdn4.fincaraiz.com.co/repo/img/th.outside384x275.69fd23b72c879_infocdn__bdedsynfrpoiuimbvo2qkyfzuxx8u4yhushxza0opng.png,[],Desde $ 327.000.000,1 Hab 2 Baños 31.7 m²,"Chipichape gardens, apartamento en venta en chipichape, cali","Apartamento enCali, Valle del cauca",INDICO,Llamar,"Chipichape Gardens es el conjunto residencial más completo del norte de Cali, donde convergen bienestar, diseño contemporáneo y oportunidades de inversión en un entorno urbano en plena transformación. Este proyecto ha sido concebido con visión de futuro, integrando un modelo de uso mixto que combina vivienda y comercio para dinamizar la vida del sector y garantizar valorización sostenible. Con cuatro torres de apartamentos y un diseño funcional adaptable a distintos estilos de vida, ofrece una propuesta sólida tanto para quienes desean habitar de inmediato como para quienes buscan rentabilidad a corto, mediano o largo plazo. Chipichape Gardens representa una forma inteligente de vivir o invertir, con respaldo, proyección y propósito.!",[],3.4733655652145,-76.524391453442,¡Pregúntale!,¡Pregúntale!,¡Pregúntale!,¡Pregúntale!,En construcción,¡Pregúntale!,20-30% CUOTA INICIAL,¡Pregúntale!,¡Pregúntale!,¡Pregúntale!,¡Pregúntale!,¡Pregúntale!,5,2026-08-02
"Zenda, Apartamento en Venta en Pance, Cali",https://www.fincaraiz.com.co/proyectos-vivienda/zenda-apartamentos-en-venta-en-pance-cali/15017681,15017681,https://cdn4.fincaraiz.com.co/repo/img/th.outside384x275.689b593bdeb1f_infocdn__v7n7l6ibbzth8nnhgiv7bqtnjzablaflrvf1bucbjpg.jpg,[],Desde $ 1.274.408.390,3 Habs. 4 Baños 124.81 m²,"Zenda, apartamento en venta en pance, cali","Apartamento enCali, Valle del cauca",CONSTRUCTORA BOLIVAR CALI,Llamar,"Vive en un exclusivo proyecto con dos torres de 10 pisos, ascensores, parqueadero propio, planta eléctrica total y un elegante car lobby. Disfruta de piscina, cancha de pádel, circuito de jogging, turco, fire pits y gimnasio. Además, cuenta con espacios dotados como working lounge, coworking, simulador de golf y un salón social premium con cocina y terraza. ¡Todo el confort que sueñas para tu hogar!",[],3.3496177334126,-76.54190163315,¡Pregúntale!,¡Pregúntale!,¡Pregúntale!,¡Pregúntale!,Sobre planos,1,¡Pregúntale!,¡Pregúntale!,¡Pregúntale!,¡Pregúntale!,¡Pregúntale!,¡Pregúntale!,6,2026-08-02
"FOREST LIVING, Apartamentos en Venta en Ciudad jardin, Cali",https://www.fincaraiz.com.co/proyectos-vivienda/forest-living-apartamentos-en-venta-en-ciudad-jardin-cali/15018737,15018737,https://cdn4.fincaraiz.com.co/repo/img/th.outside384x275.6a691c869bfa0_infocdn__t6pmreadtrzz071jaqhrprbcox7yykmepbweklghjpg.jpg,[],Desde $ 365.949.000,1 Hab 1 Baño 33.42 m²,"Forest living, apartamentos en venta en ciudad jardin, cali","Apartamento enCali, Valle del cauca",JULIAN APONTE ESTUDIO ARQUITECTOS,Llamar,"Forest Living es un proyecto desarrollado por Aponte Arquitectos y Eduard López Constructora, ubicado en Ciudad Jardín, al sur de Cali, frente a la Reserva Natural El Zanjón del Burro, un entorno privilegiado que combina naturaleza, tranquilidad y una ubicación estratégica. El proyecto está conformado por 79 apartamentos de 1, 2 y 3 habitaciones, con la posibilidad de destinarlos a vivienda tradicional o vivienda turística, ofreciendo una excelente alternativa para vivir o invertir. Está respaldado por Fiduciaria Aval, cuenta con dos sótanos de parqueaderos y ocho pisos de apartamentos, además de exclusivas zonas comunes como lobby tipo hotel, gimnasio, coworking, sala de juntas, salón social, sport bar, lavandería, zonas BBQ, jacuzzis, terraza lounge y tiendas virtuales, diseñadas para brindar una experiencia moderna, cómoda y funcional para residentes y huéspedes.",[],3.3590186351597,-76.541258018796,¡Pregúntale!,¡Pregúntale!,¡Pregúntale!,¡Pregúntale!,Sobre planos,¡Pregúntale!,30% PREGUNTA POR NUESTRAS OPCIONES DE FINANCIACION,CONTAMOS CON TODOS LOS MEDIOS DE PAGO,¡Pregúntale!,10,¡Pregúntale!,2029,6,2026-08-02
"TIERRALINDA  DE LOS ALMENDROS, Casa en Venta en TierraLinda, Cali",https://www.fincaraiz.com.co/proyectos-vivienda/tierralinda-de-los-almendros-casas-en-venta-en-tierralinda-cali/15017556,15017556,https://cdn4.fincaraiz.com.co/repo/img/th.outside384x275.686e9beb10aa6_infocdn__pd8dldy4vtph3cuynefqo8fcg1jmrdreoru4qdzxjpg.jpg,[],Desde $ 442.369.200,2 Habs. 2 Baños 61 m²,"Tierralinda  de los almendros, casa en venta en tierralinda, cali","Casa enCali, Valle del cauca",CONSTRUCTORA MELENDEZ,Llamar,"Tierralinda de los Almendros es un proyecto de casas en condominio que ofrece viviendas de 2 y 3 pisos con parqueadero propio, disponibles en opciones de obra gris o full acabados. Su ubicación estratégica está pensada para familias que buscan espacios cómodos, privacidad y seguridad dentro de un entorno planificado. Es una propuesta ideal para quienes valoran la calidad de vida, la conexión con la naturaleza y la oportunidad de invertir en una propiedad con excelente proyección de valorización.",[],3.3428242,-76.5185552,¡Pregúntale!,¡Pregúntale!,¡Pregúntale!,¡Pregúntale!,Sobre planos,1,25% CUOTA  INICIAL - 75% Crédito,¡Pregúntale!,¡Pregúntale!,¡Pregúntale!,¡Pregúntale!,2029,4,2026-08-02
"TIERRALINDA DE LOS GUAYACANES, Apartamento en Venta en TierraLinda, Cali",https://www.fincaraiz.com.co/proyectos-vivienda/tierralinda-de-los-guayacanes-apartamentos-en-venta-en-tierralinda-cali/15017996,15017996,https://cdn4.fincaraiz.com.co/repo/img/th.outside384x275.693afcdac197c_infocdn__8wj04bwzwhsbqfqteef4amax8xpzh4awjvwcc1nwpng.png,[],Desde $ 304.000.000,2 Habs. 2 Baños 63 m²,"Tierralinda de los guayacanes, apartamento en venta en tierralinda, cali","Apartamento enCali, Valle del cauca",CONSTRUCTORA MELENDEZ,Llamar,"Tierralinda de los Guayacanes es un nuevo proyecto de apartamentos VIS en condominio ubicado en la Calle 53 con Carrera 122, dentro del reconocido macroproyecto Tierralinda, al sur de Cali. Un espacio pensado para quienes buscan un hogar rodeado de naturaleza, con un diseño moderno y funcional, y el respaldo de un entorno con proyección de valorización. Este proyecto se desarrolla sobre planos y contará con completas zonas comunes para disfrutar cada día, entre ellas: portería tipo lobby, gimnasio cerrado y dotado, coworking, salón social, zona BBQ, piscina para adultos y niños, zona picnic, zona pet, juegos infantiles y circuito de patinaje infantil. Aquí encontrarás un lugar perfecto para vivir o invertir, con la comodidad y calidad que mereces.",[],3.3428242,-76.5185552,¡Pregúntale!,¡Pregúntale!,¡Pregúntale!,¡Pregúntale!,Sobre planos,¡Pregúntale!,¡Pregúntale!,¡Pregúntale!,¡Pregúntale!,¡Pregúntale!,¡Pregúntale!,2028,4,2026-08-02
"INSITE, Apartamentos en Venta en Versalles, Cali",https://www.fincaraiz.com.co/proyectos-vivienda/insite-apartamentos-en-venta-en-versalles-cali/15018274,15018274,https://cdn4.fincaraiz.com.co/repo/img/th.outside384x275.69a700019846d_infocdn__yjufojw3yhuic7tdpdykddixnl2izpkwckzhqxr5png.png,[],Desde $ 315.500.000,1 Hab 1 Baño 34.39 m²,"Insite, apartamentos en venta en versalles, cali","Apartamento enCali, Valle del cauca",CONSTRUCTORA MELENDEZ,Llamar,"INSITE es un proyecto con posibilidad de rentas cortas ubicado en la estratégica Av. 6 Norte con Calle 21 Norte, un punto clave del norte de Cali por su alto movimiento gastronómico, turístico y empresarial. Pensado para quienes quieren invertir donde la ciudad está activa todos los días, INSITE se conecta con restaurantes, clínicas, comercio y los principales lugares de interés del sector. Ofrece apartamentos funcionales de 34 m² y 35 m², ideales para vivir o generar ingresos a través de rentas cortas en una de las zonas con mayor proyección de la ciudad.",[],3.4627864,-76.5302896,¡Pregúntale!,¡Pregúntale!,¡Pregúntale!,¡Pregúntale!,Sobre planos,¡Pregúntale!,¡Pregúntale!,¡Pregúntale!,¡Pregúntale!,¡Pregúntale!,¡Pregúntale!,2029,5,2026-08-02
"Mistral, Apartamentos en Venta en Normandia, Cali",https://www.fincaraiz.com.co/proyectos-vivienda/mistral-apartamentos-en-venta-en-normandia-cali/15018067,15018067,https://cdn4.fincaraiz.com.co/repo/img/6969237c59423_infocdn__5hdbkruxjvjt0dgntiialhsazxjxrwjtr0stjmu3webp.webp,[],Desde $ 1.350.000.000,3 Habs. 5 Baños 148.2 m²,"Mistral, apartamentos en venta en normandia, cali","Apartamento enCali, Valle del cauca",JARAMILLO MORA CONSTRUCTORA,Llamar,"Desde su ubicación privilegiada en las colinas del oeste de Cali, Mistral es más que un condominio; es un refugio donde la frescura de la brisa te abraza y te inspira a vivir en armonía, rodeado de exclusividad y naturaleza.Ven, y deja que el viento te guíe hacia un nuevo y exclusivo estilo de vida.",[],3.4495663,-76.5444839,¡Pregúntale!,¡Pregúntale!,¡Pregúntale!,¡Pregúntale!,Sobre planos,¡Pregúntale!,2,¡Pregúntale!,¡Pregúntale!,¡Pregúntale!,¡Pregúntale!,¡Pregúntale!,6,2026-08-02
"TORRES DEL PARQUE CONJUNTO CERRADO, Apartamento en Venta en Ciudadela del rio, Cali",https://www.fincaraiz.com.co/proyectos-vivienda/torres-del-parque-conjunto-cerrado-apartamentos-en-venta-en-ciudadela-del-rio-cali/7207846,7207846,https://cdn4.fincaraiz.com.co/repo/img/th.outside384x275.69b9b30447219_infocdn__vjv3plxabv4jhlvb9iqujwrsi0jeweoohedm7ndspng.png,[],Desde $ 171.460.575,3 Habs. 1 Baño 44.62 m²,"Torres del parque conjunto cerrado, apartamento en venta en ciudadela del rio, cali","Apartamento enCali, Valle del cauca",RUIZ AREVALO CONSTRUCTORA - CORASA,Llamar,"Tu nuevo hogar te espera en TORRES DEL PARQUE Exclusivo proyecto en conjunto cerrado en el barrio Remansos de Comfandi, torres de 11 pisos altura,apartamento entrega obra gris ,diseño flexible para 3 habitaciones, cuenta con parqueaderos comunales, de carro, motos y bicicletas,  piscinas para niños y adultos, salón social, ascensor .. En Inicio de obra.",[],3.4196008252411,-76.467389375102,¡Pregúntale!,¡Pregúntale!,¡Pregúntale!,¡Pregúntale!,En construcción,¡Pregúntale!,70,10% Cuota inicial -  aplica subsidio de vivienda,¡Pregúntale!,¡Pregúntale!,¡Pregúntale!,¡Pregúntale!,2,2026-08-02
"CLUB RESIDENCIAL SAN LORENZO, Apartamento en Venta en El poblado i, Cali",https://www.fincaraiz.com.co/proyectos-vivienda/club-residencial-san-lorenzo-apartamentos-en-venta-en-el-poblado-i-cali/10049424,10049424,https://cdn4.fincaraiz.com.co/repo/img/th.outside384x275.69a9f6adedb1c_infocdn__ge1aoithqmyrnwufgtuyykspope0csr6vcjzdlzqjpg.jpg,[],Desde $ 198.552.627,3 Habs. 1 Baño 44.9 m²,"Club residencial san lorenzo, apartamento en venta en el poblado i, cali","Apartamento enCali, Valle del cauca",RUIZ AREVALO CONSTRUCTORA - CORASA,Llamar,"Ingresos Familiares desde $ 3 millones . SAN LORENZO Club Residencial. es proyecto  de apartamentos de interés social ( aplican 2 subsidios de vivienda) UBICADO EN CALI - VALLE .  Conjunto Residencial Cerrado ,  seguridad 24/7 ,  8 torres de 12 pisos de altura, Portería, Piscina niños y adultos,   salón social, Zonas verdes y antejardines, Parqueaderos  comunales,  Ascensores por torre,   Locales comerciales externos.  A 5 minutos de la autopista simón bolívar .",[],3.41682840000000000000,-76.49542290000000000000,¡Pregúntale!,¡Pregúntale!,¡Pregúntale!,¡Pregúntale!,Sobre planos,¡Pregúntale!,70,10% CUOTA INICIAL (RECURSOS PROPIOS ) Y SUBSIDIO VIVIENDA,¡Pregúntale!,¡Pregúntale!,¡Pregúntale!,¡Pregúntale!,2,2026-08-02
"Raíces, Casas en Venta en Pance, Cali",https://www.fincaraiz.com.co/proyectos-vivienda/raices-casas-en-venta-en-pance-cali/15018439,15018439,https://cdn4.fincaraiz.com.co/repo/img/69ea87fe89915_infocdn__crbhsgrlv0vpsksyl5bqlt8ff9gjti6m5y6xrof7webp.webp,[],Desde $ 2.489.000.000,4 Habs. 5 Baños 264.96 m²,"Raíces, casas en venta en pance, cali","Casa enCali, Valle del cauca",JARAMILLO MORA CONSTRUCTORA,Llamar,"Tu casa es tu refugio, donde las raíces de los árboles se entrelazan con las tuyas, dialogando con la tierra, con la luz y con el sonido de las hojas, recordándote que elverdadero bienestar nace de la conexión con la tierra.Vivir en RAÍCES es volver a lo esencial; es entender que el verdadero lujo no está en lo que brilla, sino en aquello que te permite respirar más hondo, mirar más lejos y sentirte seguro, respaldado por bases sólidas que sostienen tu vida. Siéntete en casa: una casa que no solo se habita, sino que también te habita a ti.Vivir es una experiencia que se cultiva todos los días. Cuando tus raíces se funden con el entorno, la vida te abraza.",[],3.3390954,-76.5313935,¡Pregúntale!,¡Pregúntale!,¡Pregúntale!,¡Pregúntale!,Sobre planos,¡Pregúntale!,20,¡Pregúntale!,¡Pregúntale!,¡Pregúntale!,¡Pregúntale!,¡Pregúntale!,6,2026-08-02
"Apartamento en Venta en Caney, Cali",https://www.fincaraiz.com.co/apartamento-en-venta-en-caney-cali/193574646,193574646,https://cdn4.fincaraiz.com.co/repo/img/th.outside384x275.69caf3e4cfe09_infocdn__9191148-1-1774697738jpg.jpg,[],$ 280.000.000,2 Habs. 2 Baños 66 m²,"Apartamento en venta en caney, cali","Apartamento enCali, Valle del cauca",Unisa Inmobiliaria,Llamar,"Apartamento en venta en Valle del Caney – Conjunto Residencial Miravento | Piso 7 con PARQUEDERO PROPIODescubre este atractivo apartamento ubicado en el piso 7 del Conjunto Residencial Miravento, en una de las zonas de mayor valorización del sur de Cali: El Caney – Una excelente oportunidad para vivir o invertir. Con un área de 66 m², este apartamento se destaca por su distribución funcional, iluminación natural y ventilación, además de contar con un parqueadero propio, un valor agregado altamente demandado que brinda comodidad, seguridad y valorización a tu inversión. Al ingresar encontrarás una acogedora sala comedor con acceso a un balcón con vista exterior, ideal para disfrutar de momentos de descanso. cocina integral,  Cuenta además con zona de oficios independiente. En la zona privada, dispone de hall de alcobas, un espacio versátil que puede ser usado como estudio, sala de TV o tercera alcoba según tus necesidades. La alcoba auxiliar cuenta con clóset, mientras que la alcoba principal ofrece mayor confort con closet y baño privado. El conjunto residencial ofrece excelentes zonas comunes para toda la familia: piscina, amplias zonas verdes y juegos infantiles, creando un entorno tranquilo y agradable para vivir. Ubicación estratégica, cerca de universidades, centros comerciales, clínicas y vías principales.",[],3.3872858978505,-76.516946227853,,,,,,,,,,,,,,2026-08-02
"SINARA HÁBITAT NATURAL, Apartamentos en Venta en Zona Oeste, Cali",https://www.fincaraiz.com.co/proyectos-vivienda/sinara-habitat-natural-apartamentos-en-venta-en-zona-oeste-cali/15017764,15017764,https://cdn4.fincaraiz.com.co/repo/img/th.outside384x275.68d1b824dff45_infocdn__nflvkxeovnfrirqy8sawi8hxfv4ktfphgou6etuhjpg.jpg,[],Desde $ 569.797.050,1 Hab 1 Baño 55 m²,"Sinara hábitat natural, apartamentos en venta en zona oeste, cali","Apartamento enCali, Valle del cauca",CONSTRUCTORA MELENDEZ,Llamar,"SINARA es el nuevo proyecto de apartamentos que transformará la manera de vivir en el Oeste de Cali. Su ubicación privilegiada en la Calle 5D Oeste con Av. 4 Oeste, rodeado de un bosque natural, ofrece un entorno que respira frescura, serenidad y equilibrio. Con 2 torres de 19 pisos y 140 apartamentos en cada una, distribuidos en 6 tipologías, SINARA se adapta a diferentes estilos de vida con espacios modernos, acabados de alta calidad y un diseño que se integra armónicamente con la naturaleza.Aquí encontrarás más de 20 amenidades exclusivas para disfrutar cada día al máximo: desde piscinas, gimnasio, coworking, zona wellness, sky lounge y social kitchen, hasta espacios para niños, zonas verdes, pet spa, canchas deportivas y ambientes para el entretenimiento y la relajación.",[],3.4564274006012,-76.547680112164,¡Pregúntale!,¡Pregúntale!,¡Pregúntale!,¡Pregúntale!,Sobre planos,1,30% inicial / 70% credito,ENTREGAS ABRIL 2029,¡Pregúntale!,¡Pregúntale!,¡Pregúntale!,2029,6,2026-08-02
"ZENTO 75 LOFT, Apartamento en Venta en Pance, Cali",https://www.fincaraiz.com.co/proyectos-vivienda/zento-75-loft-apartamentos-en-venta-en-pance-cali/5790637,5790637,https://s3.amazonaws.com/imagenesprof.fincaraiz.com.co/OVFR_COL/2022/9/6/2792188_732_14.jpg,[],Desde $ 630.260.000,1 Hab 2 Baños 65 m²,"Zento 75 loft, apartamento en venta en pance, cali","Apartamento enCali, Valle del cauca",SOLANILLAS,Llamar,"apartamentos Cali sur venta - Ubicado en el corazón de Pance, su privilegiada localización, le permite estar a pocos minutos de las mejores universidades, colegios, centros médicos, centros comerciales, zonas gastronómicas y gimnasios de la ciudad. El proyecto se conforma por 1 torre de 13 pisos, con un gran patio central, el cual, además de servir como zona de estancia y encuentro en el primer piso, brinda una de las mejores vistas hacia los Farallones..",[],3.35146880149841000000,-76.53424835205080000000,¡Pregúntale!,¡Pregúntale!,¡Pregúntale!,¡Pregúntale!,Sobre planos,¡Pregúntale!,Financiación: 70% | Método de pago: 30% cuota inicial,¡Pregúntale!,¡Pregúntale!,¡Pregúntale!,¡Pregúntale!,¡Pregúntale!,6,2026-08-02
"TUCANES DEL CASTILLO, Casas en Venta en El castillo",https://www.fincaraiz.com.co/proyectos-vivienda/tucanes-del-castillo-casas-en-venta-en-el-castillo/15017407,15017407,https://cdn4.fincaraiz.com.co/repo/img/th.outside384x275.6808f46f298e7_infocdn__ci1zbc4dngjuzqwbyfedwvpbxb8vzgrsrrmc6lddjpg.jpg,[],Desde $ 677.100.000,3 Habs. 3 Baños 134.58 m²,"Tucanes del castillo, casas en venta en el castillo","Casa enCali, Valle del cauca",CONSTRUCTORA EL CASTILLO,Llamar,"Casas campestres de un piso desde $677.100.000No aplican subsidios.Si tus ingresos familiares superan los $17.710.000, puedes acceder aTucanes del CastilloVive en una ciudadela exclusiva, rodeada de naturaleza y lejos del ruido de la ciudad.Casas de un solo nivel, con diseño moderno y funcional: cocina abierta al área social, espacios amplios y cómodos, ideales para disfrutar en familia.Hasta 3 habitaciones y 3 baños, perfectas para familias y personas que buscan confort y accesibilidad sin escaleras.Alcoba principal con clóset, vestier y baño privado. Disfruta de terraza cubierta y jardín interno, pensados para desconectarte y vivir con tranquilidad.El proyecto cuenta con parqueadero para visitantes dentro del condominio.Separa tu casa con $8.000.000Empieza hoy una nueva forma de vivir en Tucanes del Castillo.",[],3.2780489,-76.5159674,¡Pregúntale!,¡Pregúntale!,¡Pregúntale!,¡Pregúntale!,Sobre planos,1,¡Pregúntale!,¡Pregúntale!,¡Pregúntale!,¡Pregúntale!,¡Pregúntale!,2028,5,2026-08-02
"CANARIOS DEL CASTILLO E, Casa en Venta en El Castillo, Cali",https://www.fincaraiz.com.co/proyectos-vivienda/canarios-del-castillo-e-casas-en-venta-en-el-castillo-cali/15017246,15017246,https://cdn4.fincaraiz.com.co/repo/img/th.outside384x275.67c9bee8f04a9_infocdn__salp2botxzap7ndqtkb7o3gtlquzvrwmprzviuxwjpg.jpg,[],Desde $ 518.400.000,3 Habs. 3 Baños 84.9 m²,"Canarios del castillo e, casa en venta en el castillo, cali","Casa enCali, Valle del cauca",CONSTRUCTORA EL CASTILLO,Llamar,"Proyecto NO VIS / No aplica subsidio de viviendaSi tus ingresos familiares superan los $13.560.000, este proyecto es para ti.Canarios del CastilloCasas campestres diseñadas para familias que buscan comodidad y flexibilidad.Cuenta con habitación principal en el primer piso y opción de una segunda habitación principal en el segundo nivel, ideal para parejas, familias grandes y adultos mayores.Disfruta cocina cerrada de diseño moderno, terraza cubierta para compartir y espacios amplios pensados para el día a día.Hasta 3 habitaciones y 3 baños, parqueadero cubierto y parqueadero para visitantes dentro del condominio.Separa tu casa con $5.000.000Empieza hoy una nueva forma de vivir en Canarios del Castillo.",[],3.2819765,-76.5149613,¡Pregúntale!,¡Pregúntale!,¡Pregúntale!,¡Pregúntale!,Sobre planos,¡Pregúntale!,¡Pregúntale!,¡Pregúntale!,¡Pregúntale!,¡Pregúntale!,¡Pregúntale!,2028,5,2026-08-02
"ASTORIA, Apartamento en Venta en La Selva, Cali",https://www.fincaraiz.com.co/proyectos-vivienda/astoria-apartamentos-en-venta-en-la-selva-cali/15017249,15017249,https://cdn4.fincaraiz.com.co/repo/img/th.outside384x275.67b49da8af365_infocdn__bi6tpcqqspshvtynfg2h2yvl3j63qaxw4lewdk70jpg.jpg,[],Desde $ 465.582.000,2 Habs. 2 Baños 66.17 m²,"Astoria, apartamento en venta en la selva, cali","Apartamento enCali, Valle del cauca",MARVAL CALI,Llamar,"En una ubicación céntrica y privilegiada en el barrio La Selva, Astoria te ofrece la conveniencia de estar a 15 minutos del sur o norte de la ciudad. Apartamentos full acabados con una cómoda distribución en el que escribirás una nueva historia junto a tu familia. Con parqueadero asignado y amenidades como piscina para adultos y niños, coworking, salón de eventos y más. .",[],3.4078196196317,-76.529982180704,¡Pregúntale!,¡Pregúntale!,¡Pregúntale!,¡Pregúntale!,Sobre planos,¡Pregúntale!,¡Pregúntale!,¡Pregúntale!,¡Pregúntale!,¡Pregúntale!,¡Pregúntale!,¡Pregúntale!,4,2026-08-02
"Saona, Apartamento en Venta en Ciudad jardin, Cali",https://www.fincaraiz.com.co/proyectos-vivienda/saona-apartamentos-en-venta-en-ciudad-jardin-cali/4990436,4990436,https://cdn4.fincaraiz.com.co/repo/img/th.outside384x275.6891127911e0e_infocdn__qduniqfjqbyn9n7savtf2lhprjhshyfi06gyexsbjpg.jpg,[],Desde $ 1.126.910.000,3 Habs. 4 Baños 127.19 m²,"Saona, apartamento en venta en ciudad jardin, cali","Apartamento enCali, Valle del cauca",MARVAL CALI,Llamar,"Vivir en  Altos de Ciudad  Jardín es contar  con  zonas  verdes, parques, ciclorrutas, vías de acceso, colegios y universidades. Todo eso es bienestar, pero  este proyecto  no  es como cualquier otro, está ubicado  en  uno  de los sectores más  exclusivos de la ciudad  con un  gran equipamiento  urbano,  un  clima  excepcional cercano a reservas naturales y a pocos minutos caminando a sitios de interés..",[],3.3632327,-76.5424454,¡Pregúntale!,¡Pregúntale!,¡Pregúntale!,¡Pregúntale!,En construcción,¡Pregúntale!,Financiación: 75,¡Pregúntale!,¡Pregúntale!,¡Pregúntale!,¡Pregúntale!,¡Pregúntale!,6,2026-08-02
"Tribeca, Apartamento en Venta en Santa Anita, Cali",https://www.fincaraiz.com.co/proyectos-vivienda/tribeca-apartamentos-en-venta-en-santa-anita-cali/5992559,5992559,https://s3.amazonaws.com/imagenesprof.fincaraiz.com.co/OVFR_COL/2021/9/7/2903353_326_15.jpg,[],Desde $ 287.302.000,2 Habs. 1 Baño 44.41 m²,"Tribeca, apartamento en venta en santa anita, cali","Apartamento enCali, Valle del cauca",MARVAL CALI,Llamar,"Tribeca apartamentos.  Ubicado en la carrera 50 con calle 14 . Apartamentos vis de renovacion urbana de 54,34 m2 aprox, en 2 edificios de 3 torres, cada edificio cuenta con 2 torres de 8 aptos por piso  y una torre de 6 aptos por piso, un total de 4 torres de 8 aptos por piso y 2 torres de 6 aptos por piso todas en 20 pisos, cada uno con sus puntos fijos. Cuenta con 2 habitaciones y un espacio disponible, que puede ser usado  como tercera habitacion, estudio o vestier, se entrega en obra gris.",[],3.40894412994385000000,-76.53088378906250000000,¡Pregúntale!,¡Pregúntale!,¡Pregúntale!,¡Pregúntale!,En construcción,¡Pregúntale!,Financiación: 75,¡Pregúntale!,¡Pregúntale!,¡Pregúntale!,¡Pregúntale!,¡Pregúntale!,4,2026-08-02
"Apartamento en Venta en El ingenio, Cali",https://www.fincaraiz.com.co/apartamento-en-venta-en-el-ingenio-cali/192520550,192520550,https://cdn4.fincaraiz.com.co/repo/img/th.outside384x275.684b02a968e55_infocdn__7mmmnnddwwtlalgxaw8xbxbeyxfohozpte7onyw2jpg.jpg,[],$ 278.000.000,3 Habs. 2 Baños 90 m²,"Apartamento en venta en el ingenio, cali","Apartamento enCali, Valle del cauca",ROJAS HOUSE INMOBILIARIA,Llamar,"Se vende apartamento en el ingenio, 4to piso sin ascensor, con un área de 90mt2, Consta de: Sala comedor amplia con espacio para start TV, cocina integral con amplia zona de oficios, baño social, 3 habitaciones la principal con baño, un parqueadero en sótano, edificio con portería sin áreas comunes, vista externa, excelente ubicación central.",[],3.3850438,-76.5284016,,,,,,,,,,,,,,2026-08-02
"Casa en Venta en Vipasa, Cali",https://www.fincaraiz.com.co/casa-en-venta-en-vipasa-cali/194060926,194060926,https://cdn4.fincaraiz.com.co/gen-ai/th.outside384x275.enhanced_image_20260801015225.png,[],$ 545.000.000,4 Habs. 3 Baños 264 m²,"Casa en venta en vipasa, cali","Casa enCali, Valle del cauca",LUIS CARLOS IBAGON SANCHEZ,Llamar,"SE VENDE  amplisima  CASA-LOTE en el norte de Cali, en el barrio Vipasa, ideal para un buen proyecto de inverson para  la construccion  de inmueble habitacional ya sea para apartamentos o aparta-estudios en un area de terreno de 264 mt2 ( metros cuadrados ), la casa consta de amplia sala comedor, cocina integral,  baño social, tres alcobas con closet, baño completo para las alcobas, cuarto del servicio con baño,  amplio patio interior con zona de oficios y garaje para 3 vehiculos, antejardin con reja de seguridad, la casa esta ubicada a solo una cuadra de la avenida Tercera Norte, muy proxima al Centro Comercial de Chipichape y el Exito de la Flora, con excelentes vias de acceso, documentacion al dia y sin hipotecas, PRECIO 545 MILLONES de pesos NEGOCIABLES directamente con el propietario  -  CITA PREVIA  -  Francy  -  Luis Carlos",[],3.476077,-76.5200636,,,,,,,,,,,,,,2026-08-02
"TIERRALINDA DEL SAMAN, Casa en Venta en TierraLinda, Cali",https://www.fincaraiz.com.co/proyectos-vivienda/tierralinda-del-saman-casas-en-venta-en-tierralinda-cali/7820025,7820025,https://d3s5pkt10pk3ga.cloudfront.net/resizedImages/384x275/site/fincaraiz_service/media/listing/9d777b1b-9a6f-446b-9597-8c065d62829d/photos/9d777b1b-9a6f-446b-9597-8c065d62829d_7_False_094343af-ecd7-45ae-b030-f2d497644837.jpg,[],Desde $ 581.969.161,3 Habs. 3 Baños 103.42 m²,"Tierralinda del saman, casa en venta en tierralinda, cali","Apartamento enCali, Valle del cauca",CONSTRUCTORA MELENDEZ,Llamar,"Tierralinda del Samán es el nuevo proyecto de casas en condominio de Constructora Meléndez, ubicado en Tierralinda, Comunidad Vital al sur de Cali, entre la Calle 47 y 47B con Carrera 124A y 125, es una oferta con gran proyección de valorización en la zona. Cuenta con un gran Samán en sus zonas comunes sociales, generando una atmósfera fresca y saludable,  rodeado de una gran zona de verde que conforma un paisajismo único y sostenible. El precio está en obra negra.",[],3.3397637,-76.5155908,¡Pregúntale!,¡Pregúntale!,¡Pregúntale!,¡Pregúntale!,Sobre planos,¡Pregúntale!,80% Crédito / método de pago.,¡Pregúntale!,¡Pregúntale!,¡Pregúntale!,¡Pregúntale!,2027,5,2026-08-02
"TIERRALINDA DE LOS FARALLONES, Apartamento en Venta en TierraLinda, Cali",https://www.fincaraiz.com.co/proyectos-vivienda/tierralinda-de-los-farallones-apartamentos-en-venta-en-tierralinda-cali/10051563,10051563,https://cdn4.fincaraiz.com.co/repo/img/th.outside384x275.69efb22a9728a_infocdn__424o5pffvbksursguvwpzbgmzpy98amc0e9ebwusjpg.jpg,[],Desde $ 259.800.000,2 Habs. 2 Baños 55 m²,"Tierralinda de los farallones, apartamento en venta en tierralinda, cali","Apartamento enCali, Valle del cauca",CONSTRUCTORA MELENDEZ,Llamar,"Tierralinda de los Farallones es un proyecto de vivienda tope VIS que combina confort, diseño y alta proyección de valorización en una de las zonas de mayor desarrollo del sur de Cali. Rodeado de amplias áreas verdes y un entorno natural sostenible, ofrece visuales agradables y un ambiente ideal para disfrutar la vida en comunidad. Cuentan con 8 edificios y un total de 728 apartamentos que se entregan en obra gris, brindando la posibilidad de personalizar cada espacio según tus gustos y necesidades. Además, cuenta con la opción de parqueaderos asignados, sumando practicidad y comodidad a tu nuevo hogar.",[],3.3428242,-76.5185552,¡Pregúntale!,¡Pregúntale!,¡Pregúntale!,¡Pregúntale!,Sobre planos,¡Pregúntale!,80% Cedito I Metodo de pago,¡Pregúntale!,¡Pregúntale!,¡Pregúntale!,¡Pregúntale!,2027,4,2026-08-02
"NOVA CONDOMINIO PLUS, Apartamento en Venta en Valle del Lili, Cali",https://www.fincaraiz.com.co/proyectos-vivienda/nova-condominio-plus-apartamentos-en-venta-en-valle-del-lili-cali/4944016,4944016,https://s3.amazonaws.com/imagenesprof.fincaraiz.com.co/OVFR_COL/2022/5/31/2327114_491_23.jpg,[],Desde $ 715.847.506,3 Habs. 2 Baños 99.61 m²,"Nova condominio plus, apartamento en venta en valle del lili, cali","Apartamento enCali, Valle del cauca",CONSTRUCTORA MELENDEZ,Llamar,"Vive hoy en el sur de Cali ? Nova Condominio Plus te da la bienvenida a un lugar único en el barrio Valle del Lili, sobre la Calle 33 con Carrera 94, junto a Makro del Sur. Un proyecto diseñado para quienes buscan confort, estilo y ubicación privilegiada.Apartamentos con entrega inmediata y bonos de descuento especiales, listos para que empieces a disfrutar tu nuevo hogar o inviertas con alta rentabilidad. -Con amplias áreas construidas y diversas tipologías de apartamentos, Nova Condominio Plus se adapta a tus necesidades. Sus acabados superiores y zonas comunes excepcionales hacen de este lugar un espacio ideal tanto para nuevas familias como para inversionistas visionarios.- Zonas comunes que inspiran bienestar ✨- Disfruta de espacios pensados para cada momento:- Zona BBQ y salón de juegos- Juegos infantiles y parque para mascotas ?- Sauna y turco- Sala de cine y gimnasio- Salón social comunal con cocineta y baños- 2 Business Rooms para reuniones y trabajo remoto ?- Oficinas de administración, depósitos comunales y solariumAdemás, cuenta con portería tipo lobby, piscinas para adultos y niños, senderos peatonales y parqueaderos cubiertos privados y para visitantes.Nova Condominio Plus es más que un lugar para vivir —es una oportunidad para disfrutar lo mejor del sur de Cali, desde hoy.",[],3.3731796,-76.5226869,¡Pregúntale!,¡Pregúntale!,¡Pregúntale!,¡Pregúntale!,Nuevos,¡Pregúntale!,Crédito 80% / método de pago.,¡Pregúntale!,¡Pregúntale!,¡Pregúntale!,¡Pregúntale!,¡Pregúntale!,5,2026-08-02
"VERDANT, Apartamento en Venta en El limonar, Cali",https://www.fincaraiz.com.co/proyectos-vivienda/verdant-apartamentos-en-venta-en-el-limonar-cali/15016865,15016865,https://cdn4.fincaraiz.com.co/repo/img/th.outside384x275.67a3c7e040562_infocdn__4xptrx9lbquvvxttpvwf96rptbou4ojc8rlzkiyjjpg.jpg,[],Desde $ 548.786.460,2 Habs. 2 Baños 62.3 m²,"Verdant, apartamento en venta en el limonar, cali","Apartamento enCali, Valle del cauca",CONSTRUCTORA MELENDEZ,Llamar,"Descubre Verdant, un proyecto residencial que redefine la forma de vivir en la ciudad. Con un diseño arquitectónico vanguardista, este complejo residencial te ofrece un hogar sostenible, elegante y lleno de vida. Diseño innovador: Balcones con jardines verticales que embellecen la fachada y crean un microclima fresco y saludable. Espacios versátiles: Amplios apartamentos con cocinas sociales integradas, perfectas para disfrutar en familia y con amigos. Acabados de lujo: Opciones de personalización para crear un hogar a tu medida, con acabados de alta calidad. Amenidades de primer nivel: Disfruta de un club house, piscinas, gimnasio, zonas verdes y mucho más. Tu apartamento, tu estilo Elige entre una variedad de apartamentos con diferentes distribuciones y tamaños, desde acogedores estudios hasta espaciosas viviendas familiares. Personaliza tu hogar con acabados premium y disfruta de la tranquilidad y comodidad que te mereces. Verdant es más que un conjunto de apartamentos. Es un proyecto comprometido con el medio ambiente, que promueve la sostenibilidad y el bienestar de sus habitantes. Ubicación estratégica en el sur de cali. Construcción de calidad: Desarrollado por Constructora Meléndez, reconocida por su experiencia y compromiso. Amplias zonas comunes Perfectas para disfrutar en familia y con amigos. Una excelente oportunidad para adquirir una propiedad en una zona en constante crecimiento. ¡No pierdas la oportunidad de vivir en Verdant! Contáctanos!.",[],3.395036,-76.536263,¡Pregúntale!,¡Pregúntale!,¡Pregúntale!,¡Pregúntale!,Sobre planos,1,CUOTA INICIAL 30%,ENTREGAS 2027,¡Pregúntale!,¡Pregúntale!,¡Pregúntale!,2028,5,2026-08-02
"MONARCA, Apartamentos en Venta en Pance, Cali",https://www.fincaraiz.com.co/proyectos-vivienda/monarca-apartamentos-en-venta-en-pance-cali/15018722,15018722,https://cdn4.fincaraiz.com.co/repo/img/th.outside384x275.6a60f4db0de9e_infocdn__z7g3opukstsc8asdv967bs7ys5hnjdp7xvxkehzgjpg.jpg,[],Desde $ 1.234.758.851,3 Habs. 3 Baños 112 m²,"Monarca, apartamentos en venta en pance, cali","Apartamento enCali, Valle del cauca",CONSTRUCTORA MELENDEZ,Llamar,"Monarca, arquitectura que respira naturaleza. En el corazón de Pance nace Monarca, una torre exclusiva para 39 familias que buscan privacidad, seguridad y una arquitectura excepcional. Amenidades diseñadas para vivir experiencias únicas.",[],3.3502764,-76.5454656,¡Pregúntale!,¡Pregúntale!,¡Pregúntale!,¡Pregúntale!,Sobre planos,¡Pregúntale!,¡Pregúntale!,¡Pregúntale!,¡Pregúntale!,¡Pregúntale!,¡Pregúntale!,2029,6,2026-08-02
"GIRASOLES DEL CASTILLO, Casa en Venta en El Castillo, Cali",https://www.fincaraiz.com.co/proyectos-vivienda/girasoles-del-castillo-casas-en-venta-en-el-castillo-cali/5814689,5814689,https://cdn4.fincaraiz.com.co/repo/img/th.outside384x275.687a545b2b967_infocdn__ad5bkxbfxwrexl4lnpfl7yjafpfz9gmhw7srivssjpg.jpg,[],Desde $ 460.100.000,2 Habs. 2 Baños 84.62 m²,"Girasoles del castillo, casa en venta en el castillo, cali","Casa enCali, Valle del cauca",CONSTRUCTORA EL CASTILLO,Llamar,"Proyecto NO VIS / No aplica subsidioSi tus ingresos familiares superan los $12.040.000, este proyecto es para ti. Girasoles del Castillo, casas campestres de dos pisos al sur de Cali, por la vía Panamericana.Áreas desde 84.62 m² hasta 113.22 m²Vive en una ciudadela exclusiva, rodeada de naturaleza y lejos del ruido de la ciudad. Las casas cuentan con cocina abierta como eje del hogar y jardín interior que aporta iluminación y ventilación natural.En el segundo piso, las habitaciones ofrecen total privacidad, con alcoba principal con baño y vestier.Un proyecto ideal para comenzar tu vida en familia, en un entorno tranquilo y seguro.En Girasoles del Castillo, se respira tranquilidad.",[],3.2819765,-76.5149613,¡Pregúntale!,¡Pregúntale!,¡Pregúntale!,¡Pregúntale!,En construcción,¡Pregúntale!,Financiación: 70%,¡Pregúntale!,¡Pregúntale!,¡Pregúntale!,¡Pregúntale!,2027,5,2026-08-02
"Viverdi, Apartamentos en Venta en San fernando viejo, Cali",https://www.fincaraiz.com.co/proyectos-vivienda/viverdi-apartamentos-en-venta-en-san-fernando-viejo-cali/7883085,7883085,https://s3.amazonaws.com/imagenesprof.fincaraiz.com.co/OVFR_COL/2023/1/24/4068285_3_0.jpg,[],Desde $ 561.950.000,2 Habs. 2 Baños 72.68 m²,"Viverdi, apartamentos en venta en san fernando viejo, cali","Apartamento enCali, Valle del cauca",MARVAL CALI,Llamar,"Viverdi es un proyecto de apartamentos estrato 5, ubicado en el barrio San Fernando, al oeste de Cali, se compone de 2 torres de 18 pisos cada una y 6 apartamentos por piso, 2 ascensores por torre, cuenta con un parqueadero privado para cada apartamento, y en el caso de los apartamentos con mayor área construida contara con doble asignación de parqueadero. El edificio de parqueadero se compone de 2 sótanos y una plataforma en el piso 3, cuenta con 2 puntos fijos y 2 ascensores que conducen a las.",[],3.42928123474121000000,-76.54681396484380000000,¡Pregúntale!,¡Pregúntale!,¡Pregúntale!,¡Pregúntale!,Nuevos,¡Pregúntale!,Financiación: 80,¡Pregúntale!,¡Pregúntale!,¡Pregúntale!,¡Pregúntale!,¡Pregúntale!,5,2026-08-02
"SAINT PATRICK TOWERS, Apartamentos en Venta en Normandia, Cali",https://www.fincaraiz.com.co/proyectos-vivienda/saint-patrick-towers-apartamentos-en-venta-en-normandia-cali/15016872,15016872,https://cdn4.fincaraiz.com.co/repo/img/th.outside384x275.69f8b57d0ef46_infocdn__uaup2hmkghpfy8afuuyultmq1z9gelt8ousf6acejpg.jpg,[],Desde $ 1.769.000.000,2 Habs. 3 Baños 145 m²,"Saint patrick towers, apartamentos en venta en normandia, cali","Apartamento enCali, Valle del cauca",INDICO,Llamar,"Saint Patrick Towers es una expresión sublime de arquitectura sobria, elegancia funcional y diseño atemporal. Cada detalle ha sido concebido para elevar lo cotidiano a una experiencia de sofisticación silenciosa, donde el lujo se percibe más en la calidad de los espacios que en la ostentación. Desde sus imponentes dobles alturas hasta los materiales nobles como el mármol crema Boticcino europeo y las cocinas italianas con superficies premium, el proyecto redefine lo que significa habitar con distinción. Las generosas dimensiones interiores, las alturas libres de hasta 2,80 metros y las vistas privilegiadas enmarcan un estilo de vida reservado, íntimo y profundamente estético. A esto se suma un sistema integral de seguridad que garantiza tranquilidad permanente, con accesos controlados, vigilancia continua y tecnología al servicio del bienestar. Aquí, cada apartamento se convierte en un refugio de calma, y cada decisión arquitectónica está pensada para ofrecer privacidad, plenitud y permanencia. Saint Patrick Towers no es solo un lugar donde se vive; es un manifiesto de grandeza cotidiana",[],3.4541803,-76.543582,¡Pregúntale!,¡Pregúntale!,¡Pregúntale!,¡Pregúntale!,Nuevos,¡Pregúntale!,30% CUOTA INICIAL,¡Pregúntale!,¡Pregúntale!,¡Pregúntale!,¡Pregúntale!,¡Pregúntale!,6,2026-08-02
"NOVA CONDOMINIO AVENUE, Apartamentos en Venta en Valle del Lili, Cali",https://www.fincaraiz.com.co/proyectos-vivienda/nova-condominio-avenue-apartamentos-en-venta-en-valle-del-lili-cali/7896529,7896529,https://s3.amazonaws.com/imagenesprof.fincaraiz.com.co/OVFR_COL/2023/2/1/4086606_236_3.jpg,[],Desde $ 513.145.403,2 Habs. 2 Baños 68.2 m²,"Nova condominio avenue, apartamentos en venta en valle del lili, cali","Apartamento enCali, Valle del cauca",CONSTRUCTORA MELENDEZ,Llamar,"Nova Condominio Avenue es el nuevo proyecto de vivienda de Constructora Meléndez, en alianza con Constructora Colpatria. Este condominio de apartamentos exclusivos, en el sur de Cali. Es una oferta ideal por su gran proyección de valorización. El proyecto cuenta con 3 torres, 2 de 11 pisos y 1 torre de 18 pisos de altura, con 8 apartamentos por piso para un total de 312 unidades de vivienda, parqueaderos cubiertos para residentes y visitantes",[],3.4333704,-76.5121073,¡Pregúntale!,¡Pregúntale!,¡Pregúntale!,¡Pregúntale!,Sobre planos,¡Pregúntale!,80% Crédito / método de pago,¡Pregúntale!,¡Pregúntale!,¡Pregúntale!,¡Pregúntale!,2028,5,2026-08-02
"Casa en Venta en Alferez real, Cali",https://www.fincaraiz.com.co/casa-en-venta-en-alferez-real-cali/193811521,193811521,https://cdn4.fincaraiz.com.co/repo/img/th.outside384x275.6a1973126bac3_infocdn__126404-1-1779986795jpg.jpg,[],$ 380.000.000,4 Habs. 3 Baños 120 m²,"Casa en venta en alferez real, cali","Casa enCali, Valle del cauca",BIENCO SAS,Llamar,"Se vende hermosa casa ubicada en el Conjunto Residencial Colonial de Los Puentes, Casa #5. La propiedad cuenta con 4 habitaciones con clóset, un mezanine, 2 baños para las habitaciones y un baño social. Además, tiene una amplia sala comedor, antejardín, cocina integral abierta, sala auxiliar y una zona de oficios con patio y todas las conexiones necesarias. La casa ofrece buenos acabados y parqueadero propio descubierto #5.La unidad residencial dispone de excelentes zonas comunes como salón social y piscina. Su ubicación es privilegiada, ya que se encuentra cerca de supermercados, colegios, droguerías y zonas residenciales y comerciales, con fácil acceso al transporte público.",[],3.389426983609,-76.546795916067,,,,,,,,,,,,,,2026-08-02
"Apartamento en Venta en Bochalema, Cali",https://www.fincaraiz.com.co/apartamento-en-venta-en-bochalema-cali/193835334,193835334,https://cdn4.fincaraiz.com.co/repo/img/th.outside384x275.6a205c9c0ceca_infocdn__126351-1-1780334237jpg.jpg,[],$ 270.000.000,2 Habs. 2 Baños 62 m²,"Apartamento en venta en bochalema, cali","Apartamento enCali, Valle del cauca",BIENCO SAS,Llamar,"Código web. 126351 Se VENDE excelente apto al sur de Cali en el sector de parque vivero 1 piso , Frente a parque infantil ,el apto consta de sala comedor , cocina integral con barra, zona de oficios con patio, balcón, 2 habitaciones con closet y principal con baño, baño social ambos con mueble , la unidad cuenta con vigilancia las 24/7 , parqueadero para visitantes y cuenta con parqueadero comunitario la unidad cuenta con zonas de juegos, piscina para niños y adultos, salón social  zona BBQ , cancha y zonas verdes, cuenta con buena ubicación. cerca a colegios y universidades a unos minutos de jardín plaza y la vía panamericana entre otros, código 126351",[],3.3617480159103,-76.503939628601,,,,,,,,,,,,,,2026-08-02
"Apartamento en Venta en Brisas de los alamos, Cali",https://www.fincaraiz.com.co/apartamento-en-venta-en-brisas-de-los-alamos-cali/192367046,192367046,https://cdn4.fincaraiz.com.co/repo/img/th.outside384x275.6a4eb35414a79_infocdn__7x18rzjsobogd8a9qr31nfwnppwzecedoaaaiibdjpg.jpg,[],$ 358.000.000,3 Habs. 2 Baños 70 m²,"Apartamento en venta en brisas de los alamos, cali","Apartamento enCali, Valle del cauca",INNOVA SERVICIOS FINANCIEROS E INMOBILIARIO,Llamar,"Descubre el hogar de tus sueños en este moderno y acogedor apartamento de tres habitaciones, estratégicamente ubicado en Álamos Norte, una de las zonas residenciales más exclusivas y codiciadas de Cali. Disfruta de la serenidad de un entorno privilegiado, con la comodidad de tener a pocos minutos centros comerciales de primer nivel, prestigiosos colegios y las principales vías de acceso a la ciudad.Este excepcional apartamento forma parte de un conjunto residencial de reciente construcción, donde cada detalle ha sido cuidadosamente diseñado. Sus amplias zonas verdes invitan al esparcimiento y la relajación, creando un oasis perfecto para el disfrute de toda la familia.Con un área óptima pensada para el máximo confort, el apartamento cuenta con tres luminosas habitaciones, una espaciosa sala-comedor ideal para compartir momentos inolvidables, una moderna cocina integral, práctica zona de lavado, un baño completo y parqueadero privado. Cada espacio ha sido concebido para ofrecer una iluminación y ventilación natural inigualables, creando un ambiente fresco y vibrante.Si tu familia anhela un lugar donde la naturaleza y la comodidad se fusionan, este es el lugar perfecto. Además, te ofrecemos asesoría bancaria sin costo con nuestros bancos aliados para facilitar tu proceso de compra. No dejes pasar la oportunidad de vivir en un entorno que lo tiene todo.",[],3.4908443,-76.5071393,,,,,,,,,,,,,,2026-08-02
"Casa en Venta en Ciudad jardin, Cali",https://www.fincaraiz.com.co/casa-en-venta-en-ciudad-jardin-cali/193744103,193744103,https://cdn4.fincaraiz.com.co/repo/img/th.outside384x275.6a46c5730c170_infocdn__yrgjvyurx38r8sjreheuuhhsjfpxpm8k8940kiobjpg.jpg,[],$ 1.450.000.000,4 Habs. 5 Baños 240 m²,"Casa en venta en ciudad jardin, cali","Casa enCali, Valle del cauca",LUZ ANNY PEÑA M. Bienes Raices,Llamar,"Se Vende Casa en condominio.Barrio:  CIUDAD JARDINEstado: REMODELADAArea Privada: 240M2.Número de pisos: 2Ubicación estratégica por su cercanía a vías de acceso a transporte público, a colegios, universidades, centros comerciales y diferentes sitios de interés general.Piso 1:  Sala, comedor,   cocina integral, zona de ropas, alcoba del servicio con baño, baño social, cocina abierta, terraza interior, zona verde con hermosos jardinesparqueadero para 2 vehiculos.Piso 2: 4 alcobas, la principal con baño y pequeño balcón,  2 adicionales con baño, estar de alcobas.Inversión: $1.450 MillonesAdmón.: $884.000Contacto: ***, Luz Anny Peña",[],3.3647946,-76.5372525,,,,,,,,,,,,,,2026-08-02
"Belaterra Praia, Apartamentos en Venta en Valle del Lili, Cali",https://www.fincaraiz.com.co/proyectos-vivienda/belaterra-praia-apartamentos-en-venta-en-valle-del-lili-cali/15017153,15017153,https://cdn4.fincaraiz.com.co/repo/img/th.outside384x275.67a165e471c06_infocdn__29tabj9y9vwmym5hvi94ajm1htcmkdeynjqbakp6jpg.jpg,[],Desde $ 268.374.000,2 Habs. 2 Baños 64.34 m²,"Belaterra praia, apartamentos en venta en valle del lili, cali","Apartamento enCali, Valle del cauca",MARVAL CALI,Llamar,"Belaterra Praia es un proyecto con todo lo necesario para vivir momentos inolvidables con tu familia o para realizar una gran inversión gracias a sus amenidades y por estar cerca a sitios de interés. Esto le da proyección y solidez a futuro, por su alta valorización. Belaterra Praia está ubicado en la Cra 94 entre calle 54 y 54c valle del lil. Vivir allí es tener acceso inmediato a vías principales (Av. Simón Bolívar, Ciudad de Cali, Calle 16) que favorecen el manejo de tu tiempo acercándote más rápido a todo lo que necesitas.",[],3.3748892,-76.5099404,¡Pregúntale!,¡Pregúntale!,¡Pregúntale!,¡Pregúntale!,En construcción,¡Pregúntale!,30% CUOTA INICIAL - 70% CREDITO HIPOTECARIO,¡Pregúntale!,¡Pregúntale!,¡Pregúntale!,¡Pregúntale!,¡Pregúntale!,4,2026-08-02
"Belaterra Aréia, Apartamentos en Venta en Las Vegas de Comfandi, Cali",https://www.fincaraiz.com.co/proyectos-vivienda/belaterra-areia-apartamentos-en-venta-en-las-vegas-de-comfandi-cali/7883883,7883883,https://s3.amazonaws.com/imagenesprof.fincaraiz.com.co/OVFR_COL/2023/1/25/4068228_335_5.jpg,[],Desde $ 457.474.000,3 Habs. 2 Baños 77.38 m²,"Belaterra aréia, apartamentos en venta en las vegas de comfandi, cali","Apartamento enCali, Valle del cauca",MARVAL CALI,Llamar,"Ubicado entre la carrera 86 y 90 y la calle 54 y 54C. Belaterra Areia es un proyecto NO VIS que brinda acceso inmediato a lo que necesitas por todo lo que tiene a su alrededor. Pero eso no es todo, este proyecto ideal para todo tipo de familias, tiene completas zonas sociales que invitan a disfrutar un conjunto de vivienda que por su alto potencial de valorización, se convierte en la mejor decisión..",[],3.37895441055298000000,-76.51375579833980000000,¡Pregúntale!,¡Pregúntale!,¡Pregúntale!,¡Pregúntale!,Nuevos,¡Pregúntale!,Financiación: 80,¡Pregúntale!,¡Pregúntale!,¡Pregúntale!,¡Pregúntale!,¡Pregúntale!,5,2026-08-02
"BELATERRA PIETRA, Apartamentos en Venta en Valle del Lili, Cali",https://www.fincaraiz.com.co/proyectos-vivienda/belaterra-pietra-apartamentos-en-venta-en-valle-del-lili-cali/15016756,15016756,https://cdn4.fincaraiz.com.co/repo/img/th.outside384x275.66bceb615d49a_infocdn__iiztoxgtm1nbgspljvtpfbbzocnpubsibyv3dluppng.png,[],Desde $ 430.038.000,2 Habs. 2 Baños 67.4 m²,"Belaterra pietra, apartamentos en venta en valle del lili, cali","Apartamento enCali, Valle del cauca",MARVAL CALI,Llamar,"Pietra es un proyecto de vivienda No VIS de uso mixto, el cual se compone de 6 torres de vivienda de 12 pisos, cada piso esta configurado por 4 apartamentos, para una total de 288apartamentos en el proyecto. Cada apartamento tiene asignado un parqueadero privado. El edificio de parqueadero y zona comercial , se compone de 1 sótano, 3 pisos de parqueaderos, en el primer piso de este edificio se localizara la zona comercial la cuenta con dos puntos fijos que conducen a las áreas sociales del proyecto.",[],3.3709138,-76.5142308,¡Pregúntale!,¡Pregúntale!,¡Pregúntale!,¡Pregúntale!,Nuevos,¡Pregúntale!,¡Pregúntale!,¡Pregúntale!,¡Pregúntale!,¡Pregúntale!,¡Pregúntale!,¡Pregúntale!,5,2026-08-02
"Apartamento en  Venta en Valle del Lili, Cali",https://www.fincaraiz.com.co/apartamento-en-venta-en-valle-del-lili-cali/191856243,191856243,https://cdn4.fincaraiz.com.co/repo/img/th.outside384x275.6889822a39ca0_infocdn__vfrf1swuxaciggy5fdcnnli4qaje66hzpwsxw2k1jpg.jpg,[],$ 450.000.000,3 Habs. 4 Baños 100 m²,"Apartamento en  venta en valle del lili, cali","Apartamento enCali, Valle del cauca",INVERSIONES INNOVAR JAM S.A.S,Llamar,"Exclusivo apartamento recién remodelado, ubicado en el primer piso con vista exterior, dentro de un prestigioso condominio en Valle del Lili, Cali. Con un área construida de 100m² y 14 años de antigüedad, esta propiedad ha sido completamente actualizada para ofrecer un estilo de vida moderno y confortable.El apartamento cuenta con un parqueadero independiente en sótano y acceso directo a la torre mediante ascensor desde el primer piso. La seguridad está garantizada con una puerta principal reforzada y una reja adicional. Al ingresar, un elegante hall de acceso conduce a una espaciosa sala y un comedor independiente, complementados por un balcón con encantadora vista exterior, ideal para relajarse.Disfrute de un estudio o sala de TV, una moderna cocina integral abierta y un práctico patio de ropas con lavadero, además de un baño de servicio. El pasillo de alcobas distribuye las habitaciones de manera eficiente: una suite principal con baño privado y amplios closets para él y ella, ambas con vista exterior, y dos habitaciones adicionales con closet, también con vista exterior. La propiedad incluye un baño de alcobas y un baño social, además de dos aires acondicionados para su confort.Su ubicación es inmejorable, a pocos minutos de La 14 Valle del Lili, el Centro Comercial Jardín Plaza y la reconocida Clínica Valle del Lili, ofreciendo conveniencia y acceso a los mejores servicios de la ciudad.",[],3.3701315,-76.5234343,,,,,,,,,,,,,,2026-08-02
"Apartamento en Venta en Santa monica, Cali",https://www.fincaraiz.com.co/apartamento-en-venta-en-santa-monica-cali/193972221,193972221,https://cdn4.fincaraiz.com.co/repo/img/th.outside384x275.6a4fc12ed60a5_infocdn__76zcpc6auhm7pgnjnf8m8osamoq9fn8kltuw9kubjpg.jpg,[],$ 590.000.000,3 Habs. 2 Baños 173 m²,"Apartamento en venta en santa monica, cali","Apartamento enCali, Valle del cauca",M & J INMOBILIARIA Y AVALÚOS S.A.S.,Llamar,"¡Amplio, iluminado y con una ubicación privilegiada en Santa Mónica!Se vende espectacular apartamento de 173 m² de área construida y 153,50 m² de área privada, ideal para quienes buscan amplitud, comodidad y una excelente calidad de vida.Ubicado en Santa Mónica, a pocos minutos de la reconocida zona gastronómica de Cali, cerca de centros médicos, supermercados, comercio y servicios, con excelentes vías de acceso que facilitan la movilidad hacia diferentes sectores de la ciudad.Distribución:* Amplia sala y comedor, ambos con balcón.* Cocina integral.* Zona de lavandería.* Cuarto y baño de servicio.* Baño social.* Dos habitaciones auxiliares.* Habitación principal con baño privado.* Baños remodelados.* Pisos renovados en las habitaciones.* 1 garaje.* 1 depósito.Valor de venta: $590.000.000 negociables.Administración: $990.000.Un apartamento con espacios generosos, excelente iluminación y ventilación natural, perfecto para disfrutar en familia y vivir en uno de los sectores con mayor tradición y valorización de Cali.¡Contáctanos y agenda tu visita!",[],3.4629874,-76.5341399,,,,,,,,,,,,,,2026-08-02
"CISNES A, Casas en Venta en El Castillo, Cali",https://www.fincaraiz.com.co/proyectos-vivienda/cisnes-a-casas-en-venta-en-el-castillo-cali/15017638,15017638,https://cdn4.fincaraiz.com.co/repo/img/th.outside384x275.6888ec906abe1_infocdn__j0viaexohx5nhmu2zd1irnnaudxugohuwctxd8zsjpg.jpg,[],Desde $ 802.600.000,3 Habs. 3 Baños 140.3 m²,"Cisnes a, casas en venta en el castillo, cali","Casa enCali, Valle del cauca",CONSTRUCTORA EL CASTILLO,Llamar,"Si tus ingresos familiares superan los $21.000.000, este proyecto es para ti.Aquí no aplican subsidios, aplica calidad de vida.Cisnes del Castillo ACasa campestre de un solo piso.Vive rodeado de naturaleza en un hogar cómodo, funcional y sin escaleras, cerca de la ciudad. Espacios pensados para tu bienestar, con opción de ampliaciones. Cocina integrada a terraza cubierta, zona de oficios ventilada y parqueaderos cubiertos.Separa tu casa con $8.000.000Proyecto exclusivo de casas campestres de un piso únicas en el sector.Cisnes del Castillo A.Vive natural. Vive cómodo.",[],3.2780489,-76.5159674,¡Pregúntale!,¡Pregúntale!,¡Pregúntale!,¡Pregúntale!,Sobre planos,2,¡Pregúntale!,¡Pregúntale!,¡Pregúntale!,¡Pregúntale!,¡Pregúntale!,2028,5,2026-08-02
"SELEK, Apartamento en Venta en Santa monica, Cali",https://www.fincaraiz.com.co/proyectos-vivienda/selek-apartamentos-en-venta-en-santa-monica-cali/15018459,15018459,https://cdn4.fincaraiz.com.co/repo/img/th.outside384x275.69f8b7dfb84d4_infocdn__3wxve3w2hhtvrnlsonzb179p6r9jhixisfyzulavpng.png,[],Desde $ 297.881.468,1 Hab 1 Baño 30.4 m²,"Selek, apartamento en venta en santa monica, cali","Apartamento enCali, Valle del cauca",INDICO,Llamar,"PRECIO SUJETO A 150 SMLV en el año de escrituracion.Nace del concepto de lo selecto; Un estilo de vida diseñado para ofrecer experiencias únicas y auténticas. Pensado para vivir o invertir, permite rentar a viajeros contemporáneos, creativos y profesionales que buscan más que un lugar donde quedarse.Ubicación: Ubicado en Santa Mónica y a pasos de Granada, una de las zonas más vibrantes de Cali. Este proyecto con el sello INDICO combina exclusividad, diseño contemporáneo y conexión con lo mejor de la ciudad: gastronomía, arte, cultura y vida nocturna. SELÈK cuenta con 168 apartamentos tipo loft y una zona comercial con restaurantes y tiendas exclusivas.Amenities: Rooftop con infinity pool, Sun Deck, Gimnasio, Laundry, Rooftop Bar, Coworking, Terraza Zen, Zona BBQ, Vistas panorámicas.",[],3.463994,-76.5323476,¡Pregúntale!,¡Pregúntale!,¡Pregúntale!,¡Pregúntale!,Sobre planos,¡Pregúntale!,VALOR DEL INMUEBLE 150 SMLV en el año de escrituracion,¡Pregúntale!,¡Pregúntale!,¡Pregúntale!,¡Pregúntale!,¡Pregúntale!,6,2026-08-02
"LOTO, Apartamentos en Venta en Bochalema, Cali",https://www.fincaraiz.com.co/proyectos-vivienda/loto-apartamentos-en-venta-en-bochalema-cali/10255638,10255638,https://d3s5pkt10pk3ga.cloudfront.net/resizedImages/384x275/site/fincaraiz_service/media/listing/6a218cc9-550b-462f-bd34-4b334cb270b2/photos/6a218cc9-550b-462f-bd34-4b334cb270b2_1_True_da9ada71-d32a-446a-b75b-4a8386a8a998.jpg,[],Desde $ 766.590.546,3 Habs. 2 Baños 106.52 m²,"Loto, apartamentos en venta en bochalema, cali","Apartamento enCali, Valle del cauca",CONSTRUCTORA BOLIVAR CALI,Llamar,"Loto representa sofisticación y comodidad para aquellos que buscan vivir la vida en su máxima expresión. Cada detalle de nuestro proyecto de vivienda, ha sido diseñado pensando en ti y en el estilo de vida confortable que siempre buscaste.Nos decidimos a ir más allá de lo convencional, pues este proyecto de apartamentos, al igual que la flor de loto, evoca belleza y esplendor. Su arquitectura se convierte en una extensión de tu personalidad, pues cuenta con acabados que logran crear un ambiente y estilo sofisticado.",[],3.36525620000000000000,-76.50838020000000000000,¡Pregúntale!,¡Pregúntale!,¡Pregúntale!,¡Pregúntale!,Sobre planos,¡Pregúntale!,¡Pregúntale!,¡Pregúntale!,¡Pregúntale!,¡Pregúntale!,¡Pregúntale!,¡Pregúntale!,5,2026-08-02
"Maca, Apartamento en Venta en Cachipay, Cali",https://www.fincaraiz.com.co/proyectos-vivienda/maca-apartamentos-en-venta-en-cachipay-cali/15017484,15017484,https://cdn4.fincaraiz.com.co/repo/img/th.outside384x275.682f36d47f56f_infocdn__taz1co5t4dqzwbdcwmi8xupwnts1qu1haf01leoujpg.jpg,[],Desde $ 314.020.000,2 Habs. 2 Baños 62 m²,"Maca, apartamento en venta en cachipay, cali","Apartamento enCali, Valle del cauca",JARAMILLO MORA CONSTRUCTORA,Llamar,"MACA, tu nuevo hogar en el sur de CaliDescubre MACA, un proyecto de vivienda de interés social ubicado en la zona de mayor crecimiento urbano de Cali: Reserva de Kachipay. Vive rodeado de naturaleza, con senderos, zonas verdes, ciclo rutas y espacios deportivos que promueven la vida en familia.El conjunto cuenta con modernas zonas comunes como piscina, gimnasio, salones sociales, zona BBQ, área de mascotas y mucho más. Son 560 apartamentos distribuidos en 7 torres de 10 pisos, con excelente acceso a transporte público y servicios.MACA es calidad de vida, comodidad y conexión en un solo lugar.",[],3.3572426,-76.5059849,¡Pregúntale!,¡Pregúntale!,¡Pregúntale!,¡Pregúntale!,Sobre planos,¡Pregúntale!,20% inicial,¡Pregúntale!,¡Pregúntale!,¡Pregúntale!,¡Pregúntale!,¡Pregúntale!,3,2026-08-02
"Torre Golf Melendez, Apartamento en Venta en Sector melendez, Cali",https://www.fincaraiz.com.co/proyectos-vivienda/torre-golf-melendez-apartamentos-en-venta-en-sector-melendez-cali/10069209,10069209,https://d3s5pkt10pk3ga.cloudfront.net/resizedImages/384x275/site/fincaraiz_service/media/listing/6c2a82ea-a830-4bc4-88e0-e3e44af67f6c/photos/6c2a82ea-a830-4bc4-88e0-e3e44af67f6c_1_True_a82e44c3-208b-4c6b-9769-40c81790883f.jpg,[],Desde $ 240.000.000,2 Habs. 2 Baños 59 m²,"Torre golf melendez, apartamento en venta en sector melendez, cali","Apartamento enCali, Valle del cauca",RUBIO PROMOTORES,Llamar,"Nace una nueva oportunidad de ser parte de un proyecto realmente único en el sur de Cali.120 Apartamentos rodeados de tranquilidad total, para vivir disfrutando de una vista a la ciudad o hacia uno de los pulmones más importantes de Cali (Club Campestre). Ubicado en una zona ideal del barrio Meléndez, podrás encontrar seguridad, aire puro y todas las comodidades para todo tipo de estilo de vida. Parqueaderos comunitarios , aptos en obra gris .",[],3.37150032560380000000,-76.54811352421910000000,¡Pregúntale!,¡Pregúntale!,¡Pregúntale!,¡Pregúntale!,En construcción,¡Pregúntale!,70,30/70,¡Pregúntale!,¡Pregúntale!,¡Pregúntale!,¡Pregúntale!,4,2026-08-02
"Santa Clara, Apartamento en Venta en Valle del Lili, Cali",https://www.fincaraiz.com.co/proyectos-vivienda/santa-clara-apartamentos-en-venta-en-valle-del-lili-cali/10856493,10856493,https://d3s5pkt10pk3ga.cloudfront.net/resizedImages/384x275/site/fincaraiz_service/media/listing/40a8e22f-bc26-4645-9730-8053ed8b68f2/photos/40a8e22f-bc26-4645-9730-8053ed8b68f2_1_True_1285c9d9-f812-4426-9d0e-96cfb0e7228d.jpg,[],Desde $ 453.121.000,2 Habs. 2 Baños 66.27 m²,"Santa clara, apartamento en venta en valle del lili, cali","Apartamento enCali, Valle del cauca",MARVAL CALI,Llamar,"Santa Clara es un proyecto que se compone de 8 torres de vivienda de 12 pisos, cuenta con 38 parqueaderos para visitantes. Dentro de las amenidades del primer piso, el proyecto dispone de salón social, piscina para niños y piscina para adultos, en el segundo piso se localiza un salón de eventos, gimnasio, turco, entre otros, por otro lado, el piso 3 esta compuesto de una terraza-mirador y co-Working.",[],3.37091380000000000000,-76.51423080000000000000,¡Pregúntale!,¡Pregúntale!,¡Pregúntale!,¡Pregúntale!,En construcción,¡Pregúntale!,¡Pregúntale!,¡Pregúntale!,¡Pregúntale!,¡Pregúntale!,¡Pregúntale!,¡Pregúntale!,5,2026-08-02
"TIERRALINDA DE LA PRADERA, Apartamentos en Venta en TierraLinda, Cali",https://www.fincaraiz.com.co/proyectos-vivienda/tierralinda-de-la-pradera-apartamentos-en-venta-en-tierralinda-cali/6836856,6836856,https://cdn4.fincaraiz.com.co/repo/img/th.outside384x275.67c9ffd1cfcca_infocdn__arfg5fo57qahf2rayq6jb8qep4k1zsm5aw0hg2kpjpg.jpg,[],Desde $ 336.554.663,3 Habs. 2 Baños 68.66 m²,"Tierralinda de la pradera, apartamentos en venta en tierralinda, cali","Apartamento enCali, Valle del cauca",CONSTRUCTORA MELENDEZ,Llamar,"ENTREGA INMEDIATA. Tierralinda de la Pradera, un proyecto de vivienda NO VIS diseñado para ofrecerles un hogar moderno, confortable y rodeado de naturaleza en el corazón de Cali. Tierralinda de la Pradera se encuentra estratégicamente ubicado en una zona de gran proyección y desarrollo al sur de Cali. Rodeado de un entorno natural único y sostenible, este proyecto les brinda la oportunidad de vivir en un oasis de tranquilidad, lejos del bullicio de la ciudad, pero sin renunciar a la cercanía de todo lo que necesitan. El proyecto cuenta con 320 apartamentos distribuidos en 10 pisos, cada uno con 8 unidades. Los apartamentos tienen la opción de obra básica y ofrecen espacios amplios y bien iluminados, diseñados para adaptarse a sus necesidades y estilo de vida. El proyecto contiene una completa gama de zonas comunes para que usted y su familia puedan disfrutar al máximo de su tiempo libre. Piscina para adultos y niños, Kiosko con espacio para administración, Juegos infantiles, Sub-estación eléctrica, Zona para mascotas, Zona BBQ. Este plan incluye amplias zonas verdes, espacios públicos para el deporte y la cultura, y una gran variedad de servicios comerciales y educativos. Tierralinda de la Pradera no es solo un lugar para vivir, es una inversión en su futuro. Este proyecto ofrece una excelente oportunidad para adquirir una vivienda moderna, cómoda y ubicada en una zona de gran valorización en Cali",[],3.3423169,-76.5142859,¡Pregúntale!,¡Pregúntale!,¡Pregúntale!,¡Pregúntale!,Nuevos,¡Pregúntale!,Financiación 80% Crédito / método de pago.,¡Pregúntale!,¡Pregúntale!,¡Pregúntale!,¡Pregúntale!,¡Pregúntale!,5,2026-08-02
"ICONIK ELITE, Apartamento en Venta en La flora, Cali",https://www.fincaraiz.com.co/proyectos-vivienda/iconik-elite-apartamentos-en-venta-en-la-flora-cali/7345335,7345335,https://s3.amazonaws.com/imagenesprof.fincaraiz.com.co/OVFR_COL/2023/3/1/3731781_971_17.jpg,[],Desde $ 350.000.000,2 Habs. 2 Baños 58.11 m²,"Iconik elite, apartamento en venta en la flora, cali","Apartamento enCali, Valle del cauca",CONSORCIO ARIA A2,Llamar,"ICONIK ELITE se construira en un lote de terreno, donde anteriormente se encontraba LAS VALLAS, para muchos Caleños fue un icono urbano, zona de recreación infantil, supermercado, caseta de feria de Cali, salon de eventos.....por eso nunca debemos olvidar .... Vayas donde vayas nos veremos en las VALLAS.  Con una excelente ubicación, a pocos minutos de Centros Comerciales y de negocios, Colegios, Parques, y lo mejor de todo ... cerca el mundo por estar a 30 minutos de Aeropuerto..",[],3.4874944,-76.5259583,¡Pregúntale!,¡Pregúntale!,¡Pregúntale!,¡Pregúntale!,Sobre planos,¡Pregúntale!,Financiación: 70 | Método de pago: 36 Cuotas para pagar la Cuota Inicial,¡Pregúntale!,¡Pregúntale!,¡Pregúntale!,¡Pregúntale!,¡Pregúntale!,4,2026-08-02
"Casa en Venta en Pance, Cali",https://www.fincaraiz.com.co/casa-en-venta-en-pance-cali/191956118,191956118,https://cdn4.fincaraiz.com.co/repo/img/th.outside384x275.697bbebe2cb7f_infocdn__gr-casa-campestre-en-venta-condom-1691628005-383-4947jpg.jpg,[],$ 3.200.000.000,4 Habs. 8 Baños 800 m²,"Casa en venta en pance, cali","Casa enCali, Valle del cauca",ISABEL AGUDELO,Llamar,"La imponencia de esta casa de arquitectura colonial, la hace tan unica, el esplendor de materiales nobles como la madera rustica, elementos decorativos artisticos en muros techos  con obras de arte pintados a mano y marcos de puertas. Ubicada en condominio en una zona segura y exclusiva de Pance.Con una envidiable zona verde privada, Piscina propia, estadero, kiosk BBq, espacio privado para reuniones sociales, parqueadero para 8 autos si es otro nivel.Esta casa te da el privilegio de disponer en primer piso de 3 enormes habitaciones con baño privado, entre ellas la habitacion principal con baño un grandioso baño privado, vestier, salida a la terraza, y ventanales que te ofrecen una hermosa vista al jardin.  Amplio Estudio,  2 salas, Comedor, cocina amplia con zona de labores.  disfruta de un magnifico estadero con vista a la piscina y los jardines con frutales. cuarto de conductores. Bodega.En piso 2  dispondras de 1  habitacion auxiliar con baño y balcon privado, ademas de una terraza con una gran vista.Viviras tan cerca a los mas importantes colegios bilingües y universidades, clubes de golf, zonas gastronómicas y de entretenimiento, que se facilitara tu dia a dia.Te propongo conocer esta gran propiedad,   escribe o llama hoy mismo.",[],3.350156,-76.5562645,,,,,,,,,,,,,,2026-08-02
"Fiorino, Apartamentos en Venta en San fernando nuevo, Cali",https://www.fincaraiz.com.co/proyectos-vivienda/fiorino-apartamentos-en-venta-en-san-fernando-nuevo-cali/5320631,5320631,https://s3.amazonaws.com/imagenesprof.fincaraiz.com.co/OVFR_COL/2021/7/1/2540528_736_13.jpg,[],Desde $ 612.491.000,3 Habs. 2 Baños 85.16 m²,"Fiorino, apartamentos en venta en san fernando nuevo, cali","Apartamento enCali, Valle del cauca",MARVAL CALI,Llamar,"Fiorino es un proyecto ubicado en Calle 4B con Cra 37. Vivir allí es vivir más cerca y con todo. Más cerca del deporte, de la educación, de la salud, del comercio y de mucho más. Es un lugar privilegiado por su ubicación en San Fernando y con una zona social con todo para hacer que tu experiencia sea más completa. Fiorino tiene un espacio ideal para ti y tu familia, con todo lo que necesitan..",[],3.42843317985535000000,-76.54947662353520000000,¡Pregúntale!,¡Pregúntale!,¡Pregúntale!,¡Pregúntale!,En construcción,¡Pregúntale!,Financiación: 80,¡Pregúntale!,¡Pregúntale!,¡Pregúntale!,¡Pregúntale!,¡Pregúntale!,5,2026-08-02
"Casa en Venta en Valle del Lili, Cali",https://www.fincaraiz.com.co/casa-en-venta-en-valle-del-lili-cali/193968576,193968576,https://cdn4.fincaraiz.com.co/repo/img/th.outside384x275.6a4eb1a378349_infocdn__aqw6augnx3hq8o5ghexzyi2r4ckubonccecyuaiujpg.jpg,[],$ 550.000.000,4 Habs. 4 Baños 170 m²,"Casa en venta en valle del lili, cali","Casa enCali, Valle del cauca",ROJAS HOUSE INMOBILIARIA,Llamar,"Se vende casa multifamiliar de dos niveles con 4 apartaestudios independientes: Ideal para inversionista, Consta de: Primer nivel: 1 Apartaestudio con área de 23mt2 con habitación, cocina tradicional y baño, Segundo nivel: 2 apartaestudios con área de 32mt2 cada uno con cocina, baño y balcón, A la vuelta en el primer nivel hay otra apartaestudio con áreade 32mt2 con las mismas amenidades que los del segundo piso, área 32mt2, baño, cocina y balcón, en ambos primeros pisos hay parqueadero para 1 vehículo y espacio para motos",[],3.3773834,-76.5148803,,,,,,,,,,,,,,2026-08-02
"Samán del Encanto, Apartamentos en Venta en Cali",https://www.fincaraiz.com.co/proyectos-vivienda/saman-del-encanto-apartamentos-en-venta-en-cali/15017542,15017542,https://cdn4.fincaraiz.com.co/repo/img/th.outside384x275.685d54be6f191_infocdn__zwytri2ug16bzfcdhbbrg3or5abbpvopywnyqembjpg.jpg,[],Desde $ 166.455.000,1 Hab 1 Baño 40.09 m²,"Samán del encanto, apartamentos en venta en cali","Apartamento enCali, Valle del cauca",CONSTRUCTORA BOLIVAR CALI,Llamar,"Es un proyecto pensado para brindarte bienestar, comodidad y espacios llenos de vida. Aquí encontrarás apartamentos en torres de 5 pisos con zonas diseñadas para que tú y tu familia disfruten cada momento. Vive rodeado de naturaleza y tranquilidad mientras compartes en la piscina para adultos y niños, los juegos infantiles o el quiosco.",[],3.3291219,-76.5026127,¡Pregúntale!,¡Pregúntale!,¡Pregúntale!,¡Pregúntale!,Sobre planos,¡Pregúntale!,¡Pregúntale!,¡Pregúntale!,¡Pregúntale!,¡Pregúntale!,¡Pregúntale!,¡Pregúntale!,2,2026-08-02
"SAKURA, Apartamentos en Venta en Bochalema, Cali",https://www.fincaraiz.com.co/proyectos-vivienda/sakura-apartamentos-en-venta-en-bochalema-cali/10721485,10721485,https://cdn4.fincaraiz.com.co/repo/img/th.outside384x275.688bd71a21a30_infocdn__jrz8hhmzdgjrjzuapuqit07ti2vku2b17ek0tzcljpg.jpg,[],Desde $ 587.570.000,2 Habs. 2 Baños 84.59 m²,"Sakura, apartamentos en venta en bochalema, cali","Apartamento enCali, Valle del cauca",CONSTRUCTORA BOLIVAR CALI,Llamar,"¡Bienvenido a Sakura, tu nuevo hogar! Aquí encontrarás todo lo que necesitas para vivir con estilo y comodidad. Con parqueadero propio y cubierto, sala coworking y salón social dotados, además de un gym y tres canchas de pádel. Cada detalle de este proyecto de vivienda premium, ha sido diseñado pensando en ti y en el estilo de vida confortable que siempre buscaste. ¡Nunca te faltará diversión ni comodidad! Vive la vida al máximo en Sakura.",[],3.36525620000000000000,-76.50838020000000000000,¡Pregúntale!,¡Pregúntale!,¡Pregúntale!,¡Pregúntale!,Sobre planos,¡Pregúntale!,¡Pregúntale!,¡Pregúntale!,¡Pregúntale!,¡Pregúntale!,¡Pregúntale!,¡Pregúntale!,5,2026-08-02
"CISNES B, Casa en Venta en El Castillo, Cali",https://www.fincaraiz.com.co/proyectos-vivienda/cisnes-b-casas-en-venta-en-el-castillo-cali/10703643,10703643,https://cdn4.fincaraiz.com.co/repo/img/th.outside384x275.687a504e22de2_infocdn__4ty2gtpj0jbmjqdpcfraobsznqx2slc2qkchyhwkjpg.jpg,[],Desde $ 947.500.000,3 Habs. 3 Baños 173.55 m²,"Cisnes b, casa en venta en el castillo, cali","Casa enCali, Valle del cauca",CONSTRUCTORA EL CASTILLO,Llamar,"Proyecto NO VIS / No aplica subsidio de viviendaSi tus ingresos familiares superan los $24.790.000, este proyecto es para ti.Cisnes del Castillo BCasas campestres de dos pisos.Ubicadas por la vía Panamericana, con retorno al sur de Cali. Vive en una ciudadela exclusiva, rodeada de naturaleza y lejos del ruido de la ciudad.Casas con opción de ampliación hasta 6 habitaciones y 6 baños, pensadas para familias que buscan espacio, comodidad y flexibilidad. Cocina abierta con vista a la terraza cubierta, ideal para compartir mientras los niños o las mascotas disfrutan al aire libre.Cuenta con dos parqueaderos cubiertos, senderos verdes y amplios espacios familiares.Vive a tu ritmo. Vive con espacio.",[],3.2819765,-76.5149613,¡Pregúntale!,¡Pregúntale!,¡Pregúntale!,¡Pregúntale!,Sobre planos,¡Pregúntale!,¡Pregúntale!,¡Pregúntale!,¡Pregúntale!,¡Pregúntale!,¡Pregúntale!,2028,5,2026-08-02
"Casa en Venta en Pance, Cali",https://www.fincaraiz.com.co/casa-en-venta-en-pance-cali/193993200,193993200,https://cdn4.fincaraiz.com.co/repo/img/th.outside384x275.6a57b4b46c62a_infocdn__p0ed8g34yngpuxs8snmpu7oyn1uxpxlckvvbyxdbjpg.jpg,[],$ 1.730.000.000,4 Habs. 6 Baños 600 m²,"Casa en venta en pance, cali","Casa enCali, Valle del cauca",Viva House SAS,Llamar,"Se vende hermosa y espaciosa casa en Pance, ubicada en el exclusivo conjunto residencial Peyares 2, un oasis de tranquilidad y lujo. Esta propiedad ha sido meticulosamente diseñada para ofrecer el máximo confort y estilo de vida.En el primer piso, encontrará una impresionante habitación independiente de la casa, excepcionalmente amplia, que cuenta con dos baños completos, un generoso walking closet y aire acondicionado, ideal para visitas o como suite principal privada. La casa principal se abre a una elegante sala de estar y un comedor principal, complementados por un comedor auxiliar perfecto para desayunos o reuniones informales. Un estudio amplio ofrece un espacio ideal para trabajar desde casa o para la lectura, mientras que una sala de televisión proporciona el ambiente perfecto para el entretenimiento familiar. La cocina, recientemente remodelada con un diseño abierto, es un sueño para cualquier chef, equipada con acabados de alta calidad y una distribución funcional. La zona campestre exterior es un verdadero paraíso privado, con un jacuzzi de gran tamaño que incluye una isla, ideal para relajarse y disfrutar del aire libre, y un turco para una experiencia de spa en casa.El segundo piso alberga tres amplias habitaciones, cada una con su propio closet y baño privado, garantizando privacidad y comodidad para todos los miembros de la familia. La habitación principal destaca por su balcón privado, ofreciendo vistas encantadoras y un espacio sereno para desconectar. Un estudio adicional en este nivel proporciona flexibilidad para una oficina en casa, sala de juegos o biblioteca.El conjunto residencial Peyares 2 garantiza una vida de seguridad y bienestar con vigilancia 24 horas, un sistema de cámaras de seguridad de última generación y ronderos activos las 24 horas del día. Las familias disfrutarán de amplios parques infantiles y extensas zonas verdes, perfectas para actividades al aire libre y el disfrute de la naturaleza en un entorno seguro y exclusivo. Esta propiedad es una oportunidad única para vivir en un hogar de ensueño, combinando lujo, comodidad y seguridad en una de las zonas más prestigiosas de Pance.",[],3.3117139,-76.5335318,,,,,,,,,,,,,,2026-08-02
"Apartamento en venta en San antonio, Cali",https://www.fincaraiz.com.co/apartamento-en-venta-en-san-antonio-cali/11106315,11106315,https://d3s5pkt10pk3ga.cloudfront.net/resizedImages/384x275/site/fincaraiz_service/media/listing/bfdf5302-523e-47f1-8bce-2dcb10790bdb/photos/bfdf5302-523e-47f1-8bce-2dcb10790bdb_0_True_b59a1984-e222-4349-8fd9-4731cba6fe6e.jpg,[],$ 585.000.000,3 Habs. 5 Baños 120 m²,"Apartamento en venta en san antonio, cali","Apartamento enCali, Valle del cauca",Artemo y Bienes S.A.S,Llamar,"VENTA DE APARTAMENTO en la ciudad de Cali, un moderno, cómodo, amplio e iluminado apartamento para alquiler, Con una área de 120m2 , cuenta con 3 alcobas, 4 baños, 2 garajes . La principal alcoba cuenta con un baño privado y closet, El apartamento también cuenta con citófono o intercomunicador, gas domiciliario, habitación de servicio y una zona de lavandería para un mayor confort y comodidad. la unidad cuenta con piscina, ascensor, vigilancia 24-7 Fuera del apartamento dispondrá de amplias zonas verdes, parques cercanos, acceso pavimentado, una zona comercial como así también una zona residencial, centros comerciales, transporte público cercano, parqueadero para visitantes y una portería o recepción. ***",[],3.4491768,-76.5414602,,,,,,,,,,,,,,2026-08-02
"Belaterra Tempus, Apartamentos en Venta en Valle del Lili, Cali",https://www.fincaraiz.com.co/proyectos-vivienda/belaterra-tempus-apartamentos-en-venta-en-valle-del-lili-cali/15017154,15017154,https://cdn4.fincaraiz.com.co/repo/img/th.outside384x275.67a16d582ea11_infocdn__hiox8bm5myhqpqi6k3oy6h2zrnojpo3sar27usytjpg.jpg,[],Desde $ 252.552.000,2 Habs. 2 Baños 52.93 m²,"Belaterra tempus, apartamentos en venta en valle del lili, cali","Apartamento enCali, Valle del cauca",MARVAL CALI,Llamar,"Bellaterra Tempus es un proyecto de apartamentos VIS ubicado al sur de Cali en un sector de alta valorización, se compone de 14 torres de vivienda cada una de 12 pisos, y 4 apartamentos por piso, con ascensor para cada torre, parqueaderos comunales, parqueadero de visitantes y parqueadero de motos.",[],3.3764583,-76.5096558,¡Pregúntale!,¡Pregúntale!,¡Pregúntale!,¡Pregúntale!,En construcción,¡Pregúntale!,30% cuota inicial - 70% credito,¡Pregúntale!,¡Pregúntale!,¡Pregúntale!,¡Pregúntale!,¡Pregúntale!,4,2026-08-02
"Apartamento en Venta en Las granjas, Cali",https://www.fincaraiz.com.co/apartamento-en-venta-en-las-granjas-cali/193634576,193634576,https://cdn4.fincaraiz.com.co/repo/img/th.outside384x275.69dfc0a01807f_infocdn__gguytv8tlad5drsmdevqfmi4mmwtyukangkpdhk9jpg.jpg,[],$ 290.000.000,3 Habs. 2 Baños 60 m²,"Apartamento en venta en las granjas, cali","Apartamento enCali, Valle del cauca",Oro Bienes Raices,Llamar,"?Vendo Apartamento Sur Central en conjunto con piscina y seguridad 24/7 en el Barrio Las Granjas primer piso con 60 m2 3 habitaciones 2 baños y parqueadero propio cubierto, cocina y baños remodelados. Precio $290 millones. Sin deudas. Admon $427 mil.",[],3.4137565,-76.526062,,,,,,,,,,,,,,2026-08-02
"Apartamento en Venta en Pance, Cali",https://www.fincaraiz.com.co/apartamento-en-venta-en-pance-cali/193903911,193903911,https://cdn4.fincaraiz.com.co/repo/img/th.outside384x275.6a39d265ddc24_infocdn__7480-14-1781907198jpg.jpg,[],$ 810.000.000,3 Habs. 4 Baños 132 m²,"Apartamento en venta en pance, cali","Apartamento enCali, Valle del cauca",VELOZA INMOBILIARIA,Llamar,"Descubre una propiedad que combina sofisticación, funcionalidad y acabados de alto nivel, diseñada para quienes valoran el confort y los detalles que marcan la diferencia. Este espectacular apartamento de 135 m² ofrece una distribución impecable con tres amplias habitaciones, cada una con baño privado, garantizando privacidad y comodidad para todos los miembros de la familia. Además, cuenta con un elegante baño social para visitantes. Su zona social integra una acogedora sala-comedor y una confortable sala de televisión, ideales para compartir momentos especiales o disfrutar de espacios de entretenimiento en un ambiente exclusivo. La cocina fue completamente remodelada por diseñadora, incorporando acabados contemporáneos, excelente funcionalidad y una estética sofisticada que convierte este espacio en el corazón del hogar. Para un máximo bienestar, el apartamento cuenta con aire acondicionado en todas las áreas, calentador a gas. MAS INF KATHERIN PONCE TEL ***",[],3.346986752662,-76.530165819531,,,,,,,,,,,,,,2026-08-02
"VIOLET, Apartamentos en Venta en Cachipay, Cali",https://www.fincaraiz.com.co/proyectos-vivienda/violet-apartamentos-en-venta-en-cachipay-cali/15017417,15017417,https://cdn4.fincaraiz.com.co/repo/img/th.outside384x275.6841c922c62c5_infocdn__8e5zklesmrbk8wpshevlq7twxc4w9av9iatjargejpg.jpg,[],Desde $ 450.000.000,3 Habs. 2 Baños 77 m²,"Violet, apartamentos en venta en cachipay, cali","Apartamento enCali, Valle del cauca",JARAMILLO MORA CONSTRUCTORA,Llamar,"VIOLET es un proyecto de apartamentos en conjunto cerrado ubicado en la ciudad de Cali, en el sector de Reserva de Kachipay, sobre la calle 60B entre carrera 118 y 118A.El proyecto cuenta con 6 torres cada una de 12 pisos para un total de 288 viviendas, 58 parqueaderos de visitantes (incluye 1 parqueadero para personas con movilidad reducida), 288 parqueaderos privados distribuidos así: 105 descubiertos ubicados en el nivel 1 (Incluye 6 parqueaderos para personas de movilidad reducida), y 183 cubiertos en sótano además de contar con amenities como: portería (Incluye lobby, sala de juntas con baño, espacio técnico, casilleros, espacio de baño para portero), unidad técnica de basura (UTB), Acelerógrafo, salón social (Incluye administración con baño, turco, baños para hombres y mujeres), piscinas de adultos con playa y piscinas de niños y cuarto de bombas de piscina, salón social auxiliar (Incluye gimnasio dotado, baños para hombres y mujeres, espacio para conserjes con baño, tanques de reserva agua potable, cuarto de equipos, subestación eléctrica que incluye planta eléctrica para zonas comunes y espacio para transformador seco que será cedido a la empresa de servicios públicos que corresponda, zona de juegos infantiles, zona de picnic, zona de mascotas, biciparking y senderos peatonales.",[],3.3572426,-76.5059849,¡Pregúntale!,¡Pregúntale!,¡Pregúntale!,¡Pregúntale!,Sobre planos,¡Pregúntale!,20,¡Pregúntale!,¡Pregúntale!,¡Pregúntale!,¡Pregúntale!,¡Pregúntale!,4,2026-08-02
"NIQUEL, Apartamento en Venta en Valle del Lili, Cali",https://www.fincaraiz.com.co/proyectos-vivienda/niquel-apartamentos-en-venta-en-valle-del-lili-cali/15017416,15017416,https://cdn4.fincaraiz.com.co/repo/img/th.outside384x275.6814d6ec9ecf1_infocdn__cy12wvgye7fydfua10wkyki1gmdeykkfugsbdcjgpng.png,[],Desde $ 631.244.821,3 Habs. 2 Baños 85 m²,"Niquel, apartamento en venta en valle del lili, cali","Apartamento enCali, Valle del cauca",JARAMILLO MORA CONSTRUCTORA,Llamar,"NÍQUEL ELEMENT conjunto residencial hace parte de un desarrollo urbano sostenible llamado ELEMENT. El proyecto ha sido concebido desde su fase de diseño para que cumpla con todas las características propias de una edificación sustentable que reduzca su impacto en el medio ambiente, durante su construcción y vida útil, de manera que se puedan reutilizar la mayor cantidad de recursos disponibles involucrados en su funcionamiento, así como la disminución en el consumo de energía y agua.El proyecto es estrato 5 y está ubicado estratégicamente en el sector de Valle del Lili al sur de la ciudad sobre la calle 28 entre carrera 99 y carrera 100. Su ubicación le permite contar con fácil acceso vehicular y peatonal (cercanía a otras vías principales y paradas del SITM) y a servicios complementarios (clínicas, colegios, universidades, centros comerciales, supermercados, zonas recreativas y sitios de interés cultural). Está rodeado por el cordón verde sobre la Av. Simón Bolívar por el que pasará en un futuro el tren de cercanías, al igual que otras zonas verdes que caracterizan este sector de la ciudad y su principal atractivo es, sin duda, la exclusiva vista que tiene sobre el sur.",[],3.3654437,-76.5244894,¡Pregúntale!,¡Pregúntale!,¡Pregúntale!,¡Pregúntale!,Sobre planos,¡Pregúntale!,20% INICIAL 80% CREDITO,¡Pregúntale!,¡Pregúntale!,¡Pregúntale!,¡Pregúntale!,¡Pregúntale!,5,2026-08-02
"RESERVA DE OPORTO, Apartamentos en Venta en Evaristo garcia, Cali",https://www.fincaraiz.com.co/proyectos-vivienda/reserva-de-oporto-apartamentos-en-venta-en-evaristo-garcia-cali/6352775,6352775,https://s3.amazonaws.com/imagenesprof.fincaraiz.com.co/OVFR_COL/2021/5/20/3111638_338_0.jpg,[],Desde $ 220.000.000,3 Habs. 2 Baños 55.01 m²,"Reserva de oporto, apartamentos en venta en evaristo garcia, cali","Apartamento enCali, Valle del cauca",IC CONSTRUCTORA,Llamar,"Reserva de Oporto es un proyecto de vivienda de interés social (VIS) con precio Fijo!!. Ubicado estratégicamente en el Barrio Evaristo García, frente a la estación del MIO Salomia, al norte de Cali. Diseñado para ofrecer calidad, ubicación y acceso a subsidios de vivienda, este desarrollo urbanístico está pensado para personas que sueñan con tener su hogar propio, en un entorno seguro, bien conectado y con excelentes zonas comunes.Además de su excelente ubicación, Reserva de Oporto ofrece beneficios que marcan la diferencia: cuenta con certificación ambiental EDGE, lo que significa ahorro en agua, energía y costos mensuales a largo plazo. Los parqueaderos comunales permiten una mejor organización del espacio y ayudan a mantener una administración más eficiente.El proyecto cuenta con 9 torres de 12 pisos, con un total de 840 apartamentos VIS, desde 46,22 m² hasta 55,02 m² de área construida, todos en obra gris para que cada comprador pueda personalizar su espacio a su gusto. Se desarrolla por etapas, con torres actualmente en entrega inmediata y torres en construcción, con fechas estimadas de entrega en diciembre 2025 y diciembre 2026, respectivamente.Hablando de administración, el valor estimado de la cuota mensual es de tan solo $130.000 COP, y el precio de los apartamentos inicia desde $229.395.000 COP, lo que lo convierte en una oportunidad real de inversión en vivienda propia. Al ser un proyecto VIS, está diseñado para personas que califican a subsidios de vivienda de cajas de compensación, y su estrato socioeconómico estimado es 3, lo que asegura un entorno asequible sin renunciar a la calidad.La información aquí contenida tiene fines exclusivamente informativos y no constituye oferta comercial ni compromiso contractual por parte del promotor o constructor. Las imágenes, renders, planos, recorridos virtuales, mobiliario y acabados utilizados son representaciones artísticas y pueden presentar modificaciones durante el desarrollo del proyecto.El valor de los inmuebles puede variar según disponibilidad, tipología, etapa del proyecto, condiciones del mercado, ajustes por inflación o decisiones normativas. Así mismo, la cuota de administración es un valor estimado que podrá cambiar según lo determine la copropiedad al momento de su conformación.La fecha estimada de entrega de las torres construidas es diciembre de 2025, y para las torres 4 y 5, diciembre de 2026. Estas fechas están sujetas a condiciones externas y de fuerza mayor, incluyendo, pero no limitándose a: condiciones climáticas, disponibilidad de materiales, decisiones de autoridades competentes, afectaciones de orden público y otras situaciones externas no imputables al constructor.El precio de referencia del inmueble es de $229.395.000 COP, calculado con base en el valor proyectado del SMMLV al momento de escrituración en 2026. Este valor podrá ajustarse de acuerdo con condiciones económicas, cambios normativos o disposiciones legales vigentes. No representa una oferta comercial definitiva y puede modificarse sin previo aviso.Todos los derechos, deberes y condiciones del proyecto se rigen conforme a lo establecido en la Ley 1480 de 2011 (Estatuto del Consumidor), la Circular Externa 004 de 2024 de la Superintendencia de Industria y Comercio, y el artículo 847 del Código de Comercio.",[],3.47438001632690000000,-76.50794219970700000000,¡Pregúntale!,¡Pregúntale!,¡Pregúntale!,¡Pregúntale!,En construcción,¡Pregúntale!,¡Pregúntale!,¡Pregúntale!,¡Pregúntale!,¡Pregúntale!,¡Pregúntale!,¡Pregúntale!,3,2026-08-02
"Casa en Venta en Colseguros andes, Cali",https://www.fincaraiz.com.co/casa-en-venta-en-colseguros-andes-cali/193801554,193801554,https://cdn4.fincaraiz.com.co/repo/img/th.outside384x275.6a3aeee39488b_infocdn__gr1014844820260526034005jpeg.jpeg,[],$ 750.000.000,5 Habs. 6 Baños 302 m²,"Casa en venta en colseguros andes, cali","Casa enCali, Valle del cauca",M&G Inmobiliaria,Llamar,"VENDO LINDA CASA 2 PISOS INDEPENDIENTES EN COLSEGUROS (D.M) CW:***Vendo linda casa en el barrio colseguros, cuenta con 8.85mts de frente x 24mts de fondo, excelente ubicacion muy cerca a la autopista sur oriental.PRIMER PISO:Encontramos antejardin con rejas de seguridad y capacidad para guardar 1 carro, casa que consta de sala, comedor, garaje interno amplio (capacidad para camioneta), baño social, cocina abierta, cuarto de servicio con baño, zona de ropas, 3 habitaciones con closet (Principal con vestier y baño privado), estudio, patio y calentador de agua a gas.SEGUNDO NIVEL:Encontramos 1 apartamento independiente construido hasta la mitad del fondo del lote, consta de sala-comedor, balcon, cocina, zona de ropas, cuarto de servicio con baño, 2 habitaciones amplias con closet y baño social.",[],3.4280904863872,-76.530375480652,,,,,,,,,,,,,,2026-08-02
"831 Pulso, Apartamento en Venta en San nicolas, Cali",https://www.fincaraiz.com.co/proyectos-vivienda/831-pulso-apartamentos-en-venta-en-san-nicolas-cali/15018655,15018655,https://cdn4.fincaraiz.com.co/repo/img/th.outside384x275.6a5f84b67adce_infocdn__lfowtu9xri1mtad1tvpstfatqyr0daxuu3zphdl8jpg.jpg,[],Desde $ 307.045.000,1 Hab 2 Baños 53 m²,"831 pulso, apartamento en venta en san nicolas, cali","Apartamento enCali, Valle del cauca",JARAMILLO MORA CONSTRUCTORA,Llamar,"Conjunto Residencial 8.31 PULSO, es un proyecto de apartamentos en condominio, ubicado entre la calle 30 y 31 y Carrera 8 y 8A, en el barrio Industrial de la comuna 8. Este proyecto tiene como objetivo desarrollar un sector estratégico de la ciudad, Ubicado en el Plan de Renovación Urbana Cardinal, cerca al Corredor Interregional de Transporte Férreo Masivo de Pasajeros y Carga (Tren de Cercanías) por la carrera 7 que comunicara intermunicipalmente a la ciudad con Yumbo, Palmira y Jamundí y el Corredor Verde, un eje que conecta de norte a sur la ciudad.",[],3.4529928,-76.517259,¡Pregúntale!,¡Pregúntale!,¡Pregúntale!,¡Pregúntale!,Sobre planos,¡Pregúntale!,20,¡Pregúntale!,¡Pregúntale!,10,¡Pregúntale!,2029,3,2026-08-02
"Apartamento en Venta en Ciudad jardin, Cali",https://www.fincaraiz.com.co/apartamento-en-venta-en-ciudad-jardin-cali/193977271,193977271,https://cdn4.fincaraiz.com.co/repo/img/th.outside384x275.6a5122cb080aa_infocdn__127075-1-1783701065jpg.jpg,[],$ 680.000.000,3 Habs. 3 Baños 93 m²,"Apartamento en venta en ciudad jardin, cali","Apartamento enCali, Valle del cauca",BIENCO SAS,Llamar,"Bienco ofrece en VENTA hermoso apartamento ubicado en el Conjunto Residencial Barcelona, en un primer piso con ascensor, seguridad y una excelente ubicación, El apartamento cuenta con una amplia e iluminada sala-comedor con amplio patio, cocina integral con modernos muebles de almacenamiento, zona de lavado independiente y calentador. Dispone de baño auxiliar, tres cómodas habitaciones con clóset; la habitación principal cuenta con baño privado y vestier, además de un baño social para mayor comodidad, Incluye dos parqueaderos cubiertos en sótano y un depósito #31, brindando espacio adicional para almacenamiento, completas zonas comunes, vigilancia privada 24/7, bahía de parqueo para visitantes, piscina para adultos y niños, gimnasio, salón social y zona de juegos infantiles, al sur de la ciudad cómodas vías de acceso y excelente conectividad con transporte público. Además, se encuentra cerca del Centro Comercial Ciudad Jardín, supermercados, estaciones de servicio, clínicas, universid",[],3.348994043571,-76.527181954373,,,,,,,,,,,,,,2026-08-02
"Apartamento en Venta en Valle del Lili, Cali",https://www.fincaraiz.com.co/apartamento-en-venta-en-valle-del-lili-cali/193143516,193143516,https://cdn4.fincaraiz.com.co/repo/img/th.outside384x275.699d987024c09_infocdn__wtyu5urdopvxkph5dageguvuvzar2qorgzmitft6jpg.jpg,[],$ 460.000.000,2 Habs. 2 Baños 78 m²,"Apartamento en venta en valle del lili, cali","Apartamento enCali, Valle del cauca",MAURICIO CALDERON,Llamar,"Vendo Apartamento NUEVO en el conjunto PLATINO en Valle del Lili, segundo piso, con un área construida de 78m2, cuenta con excelentes acabados, tiene dos habitación la principal con baño y vestir, baños de alcobas, un área abierta que puede ser una tercera habitación , área de tv o estudio, balcón amplio con vista al exterior de la unidad. Cuenta con depósito de buen tamaño, parqueadero cubierto en sótano. El conjunto cuenta con zonas sociales completas desde coworking, sala de juntas, salón de gateadores con piscina de pelotas y salón de juegos, zona BBQ en terraza, piscinas, turco, sauna, cancha múltiple, juegos infantiles, zona de mascotas, gimnasio dotado cubierto y gimnasio en zona abierta y salón social cubierto.",[],3.3654437,-76.5244894,,,,,,,,,,,,,,2026-08-02
"TIERRALINDA DE LOS NOGALES, Apartamento en Venta en TierraLinda, Cali",https://www.fincaraiz.com.co/proyectos-vivienda/tierralinda-de-los-nogales-apartamentos-en-venta-en-tierralinda-cali/15018486,15018486,https://cdn4.fincaraiz.com.co/repo/img/th.outside384x275.69fe3ad928fd8_infocdn__b77rtfbnnruvhwl1f0o4xc6gfvln3bp3kmumvux1png.png,[],Desde $ 309.900.000,2 Habs. 2 Baños 63 m²,"Tierralinda de los nogales, apartamento en venta en tierralinda, cali","Apartamento enCali, Valle del cauca",CONSTRUCTORA MELENDEZ,Llamar,"Tierralinda de los Nogales es un nuevo proyecto de apartamentos VIS en condominio ubicado en la Carrera 125 entre Calle 47 y 47B, dentro del reconocido macroproyecto Tierralinda, al sur de Cali. Un espacio pensado para quienes buscan un hogar rodeado de naturaleza, con un diseño moderno y funcional, y el respaldo de un entorno con proyección de valorización. Este proyecto se desarrolla sobre planos y contará con completas zonas comunes para disfrutar cada día, entre ellas: portería con lobby dotado, gimnasio cerrado y dotado, coworking, salón social con aire acondicionado, pérgola BBQ, piscina para adultos y niños, zona picnic, zona pet, terraza de hobbies, juegos infantiles y circuito de patinaje infantil. Aquí encontrarás un lugar perfecto para vivir o invertir, con la comodidad y calidad que mereces.",[],3.3428242,-76.5185552,¡Pregúntale!,¡Pregúntale!,¡Pregúntale!,¡Pregúntale!,Sobre planos,¡Pregúntale!,30% CUOTA INICIAL,¡Pregúntale!,¡Pregúntale!,¡Pregúntale!,¡Pregúntale!,¡Pregúntale!,4,2026-08-02
"TIERRALINDA DE LAS FLORES, Apartamentos en Venta en TierraLinda, Cali",https://www.fincaraiz.com.co/proyectos-vivienda/tierralinda-de-las-flores-apartamentos-en-venta-en-tierralinda-cali/10089763,10089763,https://d3s5pkt10pk3ga.cloudfront.net/resizedImages/384x275/site/fincaraiz_service/media/listing/cff4a999-108e-47d4-9f6d-1983015eef05/photos/cff4a999-108e-47d4-9f6d-1983015eef05_1_True_9b29879b-838c-48e9-bfae-9352fb4661b8.jpg,[],Desde $ 351.562.558,3 Habs. 2 Baños 61.67 m²,"Tierralinda de las flores, apartamentos en venta en tierralinda, cali","Apartamento enCali, Valle del cauca",CONSTRUCTORA MELENDEZ,Llamar,"¡Descubre Tierralinda de las Flores, el vibrante proyecto de apartamentos en el sur de Cali que ofrece comodidad, calidad y una vida conectada con la naturaleza! Este desarrollo de Constructora Meléndez, en Tierralinda Comunidad Vital, garantiza un entorno ideal para la familia con amplias zonas verdes y espacios comunes diseñados para el disfrute de todos.Con 320 apartamentos distribuidos en 4 edificios de 10 pisos, Tierralinda de las Flores ofrece un ambiente de calidad con apartamentos tipo 1, espacios versátiles y acabados superiores. Este proyecto se distingue por su ubicación estratégica al sur de Cali, rodeado de universidades, colegios, supermercados y una exuberante zona verde, brindando un entorno propicio para la valorización.Las amenidades incluyen acceso vehicular, portería con lobby, piscinas para adultos y niños, zona BBQ, locales comerciales y un espacio para gimnasio. Además, este condominio ofrece salón social, juegos infantiles, ascensor, espacios verdes, lobby tipo hotel y administración, brindando una experiencia completa para todos.Los apartamentos presentan una distribución funcional con habitación auxiliar, balcón, habitación principal con baño y closet, baño social, estudio, espacio múltiple, parqueadero privado y un espacio personalizable. Las zonas comunes están pensadas para el encuentro social y el bienestar, con áreas de recreación, espacios para ejercitarse, y zonas verdes para disfrutar de la naturaleza.",[],3.3398615,-76.513924,¡Pregúntale!,¡Pregúntale!,¡Pregúntale!,¡Pregúntale!,Sobre planos,¡Pregúntale!,80% Crédito | Método de pago,¡Pregúntale!,¡Pregúntale!,¡Pregúntale!,¡Pregúntale!,2028,4,2026-08-02
"LOS LAGOS, Apartamentos en Venta en Cascajal, Cali",https://www.fincaraiz.com.co/proyectos-vivienda/los-lagos-apartamentos-en-venta-en-cascajal-cali/15017395,15017395,https://cdn4.fincaraiz.com.co/repo/img/th.outside384x275.67f97a08116b3_infocdn__pc4zs8o2cnk4lsqcdcabtyemwggimnppyyopeytxjpg.jpg,[],Desde $ 306.540.000,2 Habs. 1 Baño 65.23 m²,"Los lagos, apartamentos en venta en cascajal, cali","Apartamento enCali, Valle del cauca",CONSTRUCTORA BOLIVAR CALI,Llamar,"Los Lagos es más que un hogar, es un proyecto VIS pensado para disfrutar cada día con el equilibrio perfecto entre bienestar, diversión y tranquilidad. Aquí encontrarás apartamentos en torres de 5 pisos con acceso a una amplia zona social: piscina para adultos y niños, cancha múltiple, juegos infantiles, cancha sintética y un circuito acuático.El proyecto también ofrece áreas diseñadas para la productividad y el entretenimiento, como coworking, gimnasio, salón social, sala de reuniones y sala de entretenimiento, todos completamente dotados y listos para usarse.Para mayor comodidad, la unidad cuenta con portería con sala de espera, zona BBQ y parqueadero comunitario. Un proyecto VIS que lo tiene todo para vivir mejor y disfrutar cada momento en familia",[],3.3248953,-76.500799,¡Pregúntale!,¡Pregúntale!,¡Pregúntale!,¡Pregúntale!,Sobre planos,¡Pregúntale!,¡Pregúntale!,¡Pregúntale!,¡Pregúntale!,¡Pregúntale!,¡Pregúntale!,¡Pregúntale!,3,2026-08-02
"Malva, Apartamentos en Venta en Santa monica, Cali",https://www.fincaraiz.com.co/proyectos-vivienda/malva-apartamentos-en-venta-en-santa-monica-cali/15018066,15018066,https://cdn4.fincaraiz.com.co/repo/img/696916541ef03_infocdn__sd1f0zxehmjpjs93ptuqnwmmmjdgslanwvcbkddswebp.webp,[],Desde $ 1.405.000.000,3 Habs. 4 Baños 134 m²,"Malva, apartamentos en venta en santa monica, cali","Apartamento enCali, Valle del cauca",JARAMILLO MORA CONSTRUCTORA,Llamar,"MALVA es un proyecto de apartamentos ubicado en la ciudad de Cali, en el exclusivo sector del Norte de la ciudad, en la Avenida 7A # 56Norte – 329. Posee una ubicación privilegiada por sus visuales, su fácil acceso por la infraestructura vial existente. También por su cercanía a prestigiosos Colegios y a importantes Centros comerciales de servicio, almacenes de cadena, hoteles y parques que quedan a pocos minutos.Cerca se encuentra el tradicional barrio Granada, importante centro cultural y culinario de la ciudad, la terminal de transportes, Centro-empresa, Acopi, entre otras importantes zonas económicas.",[],3.4795007,-76.5254022,¡Pregúntale!,¡Pregúntale!,¡Pregúntale!,¡Pregúntale!,Sobre planos,¡Pregúntale!,20,¡Pregúntale!,¡Pregúntale!,¡Pregúntale!,¡Pregúntale!,2028,4,2026-08-02
"CANARIOS DEL CASTILLO D, Casa en Venta en El Castillo, Cali",https://www.fincaraiz.com.co/proyectos-vivienda/canarios-del-castillo-d-casas-en-venta-en-el-castillo-cali/15017202,15017202,https://cdn4.fincaraiz.com.co/repo/img/th.outside384x275.67c9bece4a8a3_infocdn__hl2hjnxktummj4hw4qcg9eib84cefuppcwuefwssjpg.jpg,[],Desde $ 606.100.000,3 Habs. 3 Baños 106.47 m²,"Canarios del castillo d, casa en venta en el castillo, cali","Casa enCali, Valle del cauca",CONSTRUCTORA EL CASTILLO,Llamar,"Proyecto NO VIS / No aplica subsidio de viviendaSi tus ingresos familiares superan los $15.250.000, este proyecto es para ti.Canarios del CastilloCasas campestres pensadas para familias que buscan comodidad y flexibilidad.Disfruta habitación principal en el primer piso y opción de una segunda habitación principal en el segundo nivel, ideal para parejas, familias grandes y adultos mayores. Cocina cerrada de diseño moderno, terraza cubierta para compartir y espacios amplios y funcionales.Hasta 3 habitaciones y 3 baños, parqueadero cubierto y parqueadero para visitantes dentro del condominio.Separa tu casa con $5.000.000Empieza una nueva forma de vivir en Canarios del Castillo.",[],3.2819765,-76.5149613,¡Pregúntale!,¡Pregúntale!,¡Pregúntale!,¡Pregúntale!,Sobre planos,1,30% INICIAL - 70% CREDITO,¡Pregúntale!,¡Pregúntale!,¡Pregúntale!,¡Pregúntale!,2028,5,2026-08-02
"Apartamento en Venta en Zona Oeste, Cali",https://www.fincaraiz.com.co/apartamento-en-venta-en-zona-oeste-cali/193347005,193347005,https://cdn4.fincaraiz.com.co/repo/img/th.outside384x275.69800829870d7_infocdn__fsgjzaxhqkpfdnr1t0u1l3wrkasru0ka73gramrkjpg.jpg,[],$ 950.000.000,4 Habs. 3 Baños 192 m²,"Apartamento en venta en zona oeste, cali","Apartamento enCali, Valle del cauca",Gloria Velez,Llamar,"Excelente Apartamento en exclusivo sitio del oeste, sobre Av del Río. Posee un área  de 192 ms, 9o piso, hermosa vista panorámica, 4 habitaciones con AA y closet, ventanas inzonorizadas, ppal. Baño y vestier. Amplia sala comedor, hall tv, baño de alcobas, baño social, hab de servicio completa.. Balcón, linda vista, cocina  Pisos mármol, cocina abierta,  lava vajillas, encimeras en granito pulido, suficiente almacenamiento, extractor, calentador, 2 garajes en sótano independientes.  Condominio ofrece amplio Recibidor, Portería 24/7, hall de Acceso, Salón eventos, Zona Húmeda, zonas verdes, piscina adultos y NIÑOS, Puertas eléctricas, amplio parqueo visitantes, planta eléctrica para todo, tanques de agua, son 2 torres de 14 pisos, 3 aptos por piso, estrato 6. Antigüedad 35 años. Admon....",[],3.4371326,-76.5448562,,,,,,,,,,,,,,2026-08-02
"Casa en Venta en Caney, Cali",https://www.fincaraiz.com.co/casa-en-venta-en-caney-cali/194013358,194013358,https://cdn4.fincaraiz.com.co/repo/img/th.outside384x275.6a5f8eb7efb24_infocdn__9191559-1-1784646672jpg.jpg,[],$ 415.000.000,3 Habs. 3 Baños 100 m²,"Casa en venta en caney, cali","Casa enCali, Valle del cauca",Unisa Inmobiliaria,Llamar,"Casa en venta en El Caney – Conjunto Residencial Palmera Real | CaliDescubre el lugar ideal para comenzar una nueva etapa. Esta hermosa casa de 100 m², ubicada en el reconocido Conjunto Residencial Palmera Real, en el barrio El Caney, combina comodidad, funcionalidad y un entorno perfecto para disfrutar en familia.Su distribución en dos niveles ofrece espacios amplios, iluminados y pensados para brindar bienestar. En el primer nivel encontrarás parqueadero privado, una acogedora sala-comedor, baño social, estudio, cocina integral y un patio que aporta ventilación e iluminación natural.En el segundo nivel se encuentra la alcoba principal con clóset y baño privado, además de dos cómodas alcobas auxiliares con clóset que comparten un baño, ofreciendo privacidad y confort para toda la familia.Vivir en Palmera Real es disfrutar de un ambiente tranquilo y seguro, con completas zonas comunes que incluyen piscina, cancha múltiple, kiosco para reuniones y amplias zonas verdes, ideales para compartir momentos inolvidables con familiares y amigos.Su excelente ubicación en El Caney te permitirá estar cerca de supermercados, colegios, universidades, parques, centros comerciales, restaurantes y principales vías de acceso, facilitando la movilidad hacia cualquier punto de Cali.Si buscas una vivienda lista para disfrutar, con excelentes espacios, una ubicación estratégica y un entorno residencial de alta valorización, esta es una oportunidad que vale la pena conocer.",[],3.384155044194,-76.517430924893,,,,,,,,,,,,,,2026-08-02
"Apartamento en Venta en Santa monica, Cali",https://www.fincaraiz.com.co/apartamento-en-venta-en-santa-monica-cali/192396424,192396424,https://cdn4.fincaraiz.com.co/repo/img/th.outside384x275.6a3ef3a78d190_infocdn__gr336181620250515052634jpg.jpg,[],$ 700.000.000,2 Habs. 3 Baños 137 m²,"Apartamento en venta en santa monica, cali","Apartamento enCali, Valle del cauca",ALFA FINCA RAIZ INMOBILIARIA SAS,Llamar,"GE Apartamento en 1er nivel de 137 mt2 en edificio en Santa Monica Residencial, Sala comedor amplio, balcon grande, estudio, cocina integral, zona de oficios, cuarto de servicio, 2 Habitaciones la principal con baño, hall y baño de alcobas, 2 parqueaderos paralelos. Edificio con piscina y salon social. Libre de todo gravamen.",[],3.4633733,-76.5357711,,,,,,,,,,,,,,2026-08-02
"Apartamento en Venta en La hacienda, Cali",https://www.fincaraiz.com.co/apartamento-en-venta-en-la-hacienda-cali/194064332,194064332,https://cdn4.fincaraiz.com.co/repo/img/th.outside384x275.6a6f742738e3a_infocdn__1115-4-1785687171jpg.jpg,[],$ 550.000.000,4 Habs. 3 Baños 102 m²,"Apartamento en venta en la hacienda, cali","Apartamento enCali, Valle del cauca",VIVENTU,Llamar,"VIVENTU VENDE apartamento en el Sur, Barrio Capri cerca a la Hacienda, Limonar, con bonitos acabados, consta de Sala comedor amplia, balcón, cocina integral tipo americana con barra que se integra a la zona social con estufa, horno, campaña extractora, gabinetes para almacenar, 3 habitaciones,3 baños, habitación principal con closet y baño, habitaciones auxiliares con closets, zona de oficios ,parqueadero doble cubierto ademas cuenta con deposito, cuenta con habitacion de servicio, La unidad residencial cuenta con piscina para adultos, niños, salón social, parque infantil, parqueadero para visitantes externo. Ubicado en el sur  con buenas vías de acceso, transporte público, zona central del sur de Cali. Excelente ubicación, en sector de alta valorización, rodeado de parques, para más información contactanos",[],3.39028543786,-76.541798236767,,,,,,,,,,,,,,2026-08-02
"PORTUS 352, Apartamentos en Venta en Ciudad los alamos, Cali",https://www.fincaraiz.com.co/proyectos-vivienda/portus-352-apartamentos-en-venta-en-ciudad-los-alamos-cali/3633056,3633056,https://s3.amazonaws.com/imagenesprof.fincaraiz.com.co/OVFR_COL/2018/5/17/1586238_37_15.jpg,[],Desde $ 567.506.000,3 Habs. 2 Baños 73 m²,"Portus 352, apartamentos en venta en ciudad los alamos, cali","Apartamento enCali, Valle del cauca",SOLANILLAS,Llamar,"venta apartamentos Cali norte - Portus 3.52 está localizado al norte de Cali, Avenida 3 Norte con Calle 52 Norte.  Espectaculares visuales de la ciudad.  Tiene una localización estratégica, cercano al almacén Éxito de La Flora y variadas zonas de comercio, a 10 Chipichape, Jumbo, Pacific mall, Home Center  y a solo 15 minutos del aeropuerto.  Cercano a las multinacionales, ingenios y grandes empresas del norte de la ciudad..",[],3.48365044593811000000,-76.51441192626950000000,¡Pregúntale!,¡Pregúntale!,¡Pregúntale!,¡Pregúntale!,Nuevos,1,Financiación: 70% | Método de pago: 30% Cuota Inicial - Separación,¡Pregúntale!,¡Pregúntale!,¡Pregúntale!,¡Pregúntale!,¡Pregúntale!,5,2026-08-02
"Bodega en Venta en Bretaña, Cali",https://www.fincaraiz.com.co/bodega-en-venta-en-bretaña-cali/192752479,192752479,https://cdn4.fincaraiz.com.co/repo/img/th.outside384x275.689ddd4a6815a_infocdn__9bsaw73zcu2tqwx8op9dierfeqhbbyeb6tlznv4jjpg.jpg,[],$ 1.542.373.000,2 Baños 635 m²,"Bodega en venta en bretaña, cali","Bodega enCali, Valle del cauca",Bancóldex SA,Llamar,"Internamente, este inmueble se distingue por sus tres amplios espacios de trabajo de concepto abierto, estratégicamente distribuidos uno por piso, que ofrecen una flexibilidad para cualquier configuración empresarial. Complementando esta versatilidad, cuenta con un punto fijo de escaleras y una fosa preparada para malacate, optimizando la logística interna. Además, cada nivel, tanto el primer como el segundo piso, dispone de un baño sencillo, asegurando la comodidad y funcionalidad para el día a día.",[],3.440908,-76.534021,,,,,,,,,,,,,,2026-08-02
"VIOLETAS DEL CASTILLO, Casas en Venta en El Castillo, Cali",https://www.fincaraiz.com.co/proyectos-vivienda/violetas-del-castillo-casas-en-venta-en-el-castillo-cali/6724706,6724706,https://cdn4.fincaraiz.com.co/repo/img/th.outside384x275.687a52b29004c_infocdn__bauy1fd9swgmgsul9dd85ngikvak0s6spjn7fvvnjpg.jpg,[],Desde $ 555.276.213,3 Habs. 2 Baños 108.24 m²,"Violetas del castillo, casas en venta en el castillo, cali","Casa enCali, Valle del cauca",CONSTRUCTORA EL CASTILLO,Llamar,"Proyecto NO VIS / No aplica subsidioSi tus ingresos familiares superan los $14.530.000, este proyecto es para ti.Violetas del CastilloCasas campestres de dos pisos al sur de Cali, por la vía Panamericana. Vive en una ciudadela exclusiva, rodeada de naturaleza y lejos del ruido de la ciudad.Su mayor diferencial es la habitación principal en el primer piso, ideal para parejas, adultos mayores o personas con movilidad reducida.La sala–comedor se integra con la terraza cubierta, creando un espacio perfecto para descansar y compartir.En el segundo piso encontrarás otra habitación principal con vestier y baño privado, una alcoba adicional y un espacio flexible para estudio o tercera habitación, además de balcón y terraza descubierta.El proyecto cuenta con zona de oficios ventilada, baño social o depósito y parqueadero para visitantes dentro del condominio.Vive con comodidad y tranquilidad en Violetas del Castillo.",[],3.2819765,-76.5149613,¡Pregúntale!,¡Pregúntale!,¡Pregúntale!,¡Pregúntale!,En construcción,¡Pregúntale!,70%,¡Pregúntale!,¡Pregúntale!,¡Pregúntale!,¡Pregúntale!,2027,5,2026-08-02
"Lote en Venta en Chorro de la Plata, Cali",https://www.fincaraiz.com.co/lote-en-venta-en-chorro-de-la-plata-cali/193286815,193286815,https://cdn4.fincaraiz.com.co/repo/img/th.outside384x275.6a4d2be4cf430_infocdn__zqudqturpomrvamnkn25rcxztqggvkcrtx8xldivjpg.jpg,[],$ 1.500.000.000,1900 m²,"Lote en venta en chorro de la plata, cali","Lote enCali, Valle del cauca",LUZ ANNY PEÑA M. Bienes Raices,Llamar,"Hermoso lote cerca a las quebradas internas de la parcelación, goza de hermosa vista a los Farallones de Cali.Zonas Comunes: 2 Piscinas de agua natural, quebradas, chorreras, lago, gimnasio, club social con piscinas, cancha de futbol, cancha de tenis, cancha de voleyplaya, cancha múltiple, 4 parques con juegos infantiles, zonas para bbq, acueducto propio, cctv, senderos ecológicos, portería 24/7.Inversión: $1.500 Millones Precio fijoContacto: ***, Luz Anny Peña",[],3.3450029,-76.594419,,,,,,,,,,,,,,2026-08-02
"Baikal, Apartamento en Venta en Valle del Lili, Cali",https://www.fincaraiz.com.co/proyectos-vivienda/baikal-apartamentos-en-venta-en-valle-del-lili-cali/5085991,5085991,https://d3s5pkt10pk3ga.cloudfront.net/resizedImages/384x275/site/fincaraiz_service/media/listing/cd5bd1cd-737b-456f-b867-18d0c2093a57/photos/cd5bd1cd-737b-456f-b867-18d0c2093a57_1_True_6dfcbd54-6f7c-4854-b2ce-a68e9050e143.jpg,[],Desde $ 583.400.000,2 Habs. 2 Baños 85.17 m²,"Baikal, apartamento en venta en valle del lili, cali","Apartamento enCali, Valle del cauca",MARVAL CALI,Llamar,"Baikal es el proyecto que todos soñamos, ese que está cerca de todo, donde la comodidad está tanto adentro como afuera. Ubicado en Valle del Lili entre las Cra. 99 y la calle 34. Cuenta con varios espacios dispuestos para disfrutar con tu familia. Su ubicación privilegiada te garantiza movilidad permanente y cuentas con todas las alternativas que hacen fácil vivir. Su amplia zona social cuenta con gimnasio, juegos infantiles, piscinas, salón de eventos, turco, etc..",[],3.3675739,-76.5219951,¡Pregúntale!,¡Pregúntale!,¡Pregúntale!,¡Pregúntale!,En construcción,¡Pregúntale!,Financiación: 80,¡Pregúntale!,¡Pregúntale!,¡Pregúntale!,¡Pregúntale!,¡Pregúntale!,5,2026-08-02
"Apartamento en Venta en Valle del Lili, Cali",https://www.fincaraiz.com.co/apartamento-en-venta-en-valle-del-lili-cali/193494292,193494292,https://cdn4.fincaraiz.com.co/repo/img/th.outside384x275.69b2163a3bcbd_infocdn__sxicgvc0uawatzqoftqitlaeezfcs4mlv05smv3djpg.jpg,[],$ 620.000.000,3 Habs. 3 Baños 97 m²,"Apartamento en venta en valle del lili, cali","Apartamento enCali, Valle del cauca",Oro Bienes Raices,Llamar,"Vendo Apartamento para estrenar en Valle del Lilí con 97 m2 en un piso 15Cuenta con 3 habitaciones, 3 baños, 1 parqueadero cubierto y depósito. El conjunto cuenta con zona social completa, piscina, sauna, turco, juegos de niños y cancha múltiple.Paga de administración $400 mil.Precio $620 millones negociables",[],3.3727365,-76.5256296,,,,,,,,,,,,,,2026-08-02
"Casa en Venta en Pance, Cali",https://www.fincaraiz.com.co/casa-en-venta-en-pance-cali/192301443,192301443,https://cdn4.fincaraiz.com.co/repo/img/th.outside384x275.680ae924e9dbe_infocdn__5947-12-1745442895jpg.jpg,[],$ 3.200.000.000,6 Habs. 9 Baños 744 m²,"Casa en venta en pance, cali","Casa enCali, Valle del cauca",ABC Inmobiliaria,Llamar,"Descubre tu nuevo hogar de ensueño en el exclusivo condominio de Pance! Esta impresionante casa de dos pisos, completamente remodelada, redefine el concepto de lujo y comodidad.Al ingresar, te recibirán espacios amplios y luminosos que invitan a disfrutar cada rincón. Con 6 alcobas y 9 baños, cada miembro de la familia disfrutará de su propio espacio y privacidad. Imagina relajarte en tu piscina privada, rodeado de un hermoso patio y jardín que se convierten en tu oasis personal, perfecto para reuniones familiares o momentos de tranquilidad.El condominio cuenta con una portería que brinda seguridad las 24 horas y entrada automatizada, asegurando la tranquilidad que mereces. Además, con solo 4 casas en total, disfrutarás de un ambiente exclusivo y tranquilo.la casa tambien tiene la opcion de a puerta cerrada valor. ***Los amantes del bienestar estarán encantados con las instalaciones del condominio: un sauna revitalizante y un gimnasio completamente equipado que te permitirán mantenerte en forma sin salir de casa. Y para tus visitas, no te preocupes La propiedad ofrece 3 parqueaderos con capacidad para 7 carros.Esta es más que una casa. es un estilo de vida donde el confort se encuentra con la elegancia. No pierdas la oportunidad de vivir en este paraíso en Pance. Contáctanos ahora para agendar tu visita y enamorarte de tu nuevo hogar",[],3.338265488789,-76.548241572605,,,,,,,,,,,,,,2026-08-02
"Apartamento en Venta en Santa monica, Cali",https://www.fincaraiz.com.co/apartamento-en-venta-en-santa-monica-cali/193579001,193579001,https://cdn4.fincaraiz.com.co/repo/img/th.outside384x275.69caa67419d94_infocdn__gr678841920260330102312jpeg.jpeg,[],$ 850.000.000,3 Habs. 2 Baños 147 m²,"Apartamento en venta en santa monica, cali","Apartamento enCali, Valle del cauca",Contacto Inmobiliario y Cia SAS,Llamar,"Vendo moderno apartamento en Santa Monica con espectacular vista sobre la ciudad; consta de: sala-comedor, balcón, baño social, cocina abierta tipo americano, zona de oficios, estudio o 4 alcoba, tres alcobas todas con closet, la principal con baño privado, vestier y closet y salida al balcón, baño auxiliar de alcobas; tiene dos parqueaderos en línea y depósito.El edificio cuenta con piscina, juegos infantiles, salón social, terraza, dos ascensores, portería permanente y parqueadero de visitantes al interior",[],3.4635638,-76.5340965,,,,,,,,,,,,,,2026-08-02
"Casa en Venta en El Castillo, Cali",https://www.fincaraiz.com.co/casa-en-venta-en-el-castillo-cali/193927998,193927998,https://cdn4.fincaraiz.com.co/repo/img/th.outside384x275.6a417c9e76c3f_infocdn__iiownhivpinakdvetgyxq0epwge2cfjvbfqfstjpjpg.jpg,[],$ 750.000.000,3 Habs. 3 Baños 124 m²,"Casa en venta en el castillo, cali","Casa enCali, Valle del cauca",Tu casa linda asesoría inmobiliaria,Llamar,"Si buscas casa donde toda la familia conviva cómodamente —bebés, adultos mayores, personas con movilidad reducida— esta casa en conjunto de UN PISO  es la respuesta. Todo en un solo nivel: sin escaleras, sin barreras, sin complicaciones.Lo que incluye:- 3 habitaciones amplias con acabados de lujo- Diseño abierto que maximiza la luz natural y la ventilación- Casa fresca e iluminada durante todo el día- 2 parqueaderos cubiertos- Lote de 315 m² Y construidos 124 mt que brinda privacidad y espacio exterior propio- Sin vecino contiguo: mayor tranquilidad y privacidadEl entorno lo hace aún más valioso.El Castillo es un sector de excelente vecindad, habitado por familias y emprendedores con visión. Un entorno seguro, activo, donde se respira progreso y comunidad.Este inmueble es para usted si:- Tiene familia con niños pequeños o adultos mayores- Valora la comodidad de un solo piso sin riesgos de caídas- Quiere espacio real, acabados de calidad y parqueadero triple techado- Busca una zona residencial consolidada con buena energíaÁrea de lote: 315 m²Área construida: 124 m²3 habitaciones3 parqueaderos cubiertosEl Castillo, Calisi te interesa el mobiliario podemos venderlo también!!Contáctenos para agendar su visita.",[],3.2898853,-76.5235054,,,,,,,,,,,,,,2026-08-02
"Apartamento en Venta en Ciudad jardin, Cali",https://www.fincaraiz.com.co/apartamento-en-venta-en-ciudad-jardin-cali/194064195,194064195,https://cdn4.fincaraiz.com.co/repo/img/th.outside384x275.6a6f360c57d6d_infocdn__d09pjjgfh9l4zg3lf3abepttuhzcgsldwjlnwfnujpg.jpg,[],$ 1.800.000.000,3 Habs. 5 Baños 231 m²,"Apartamento en venta en ciudad jardin, cali","Apartamento enCali, Valle del cauca",Maria Carolina Andrade,Llamar,"En uno de los condominios más privilegiados del sur de Cali, este apto de 231 mts con una vista maravillosa cuenta conSala comedor integrada a la terraza principal  haciendo más amplio los espacios;  Cocina abierta, Baño social, Sala de TV, y Estudio.Sus Tres habitaciones son muy iluminadas y todas tienen baño, la principal con vestier .Su zona de oficios es amplia y se integra al Cuarto y baño de servicio.Tiene 3 parqueaderos1 depósitoEl apartamento es muy fresco y su vista espectacular !El condominio cuenta con zonas verdes hermosas, piscinas, salones sociales y una extraordinaria ubicación !",[],3.3642154,-76.5412046,,,,,,,,,,,,,,2026-08-02
"Apartamento en Venta en Valle del Lili, Cali",https://www.fincaraiz.com.co/apartamento-en-venta-en-valle-del-lili-cali/193641355,193641355,https://cdn4.fincaraiz.com.co/repo/img/th.outside384x275.6a4e6aee3fc7c_infocdn__gr1541893020260416062815jpeg.jpeg,[],$ 455.000.000,4 Habs. 4 Baños 110 m²,"Apartamento en venta en valle del lili, cali","Apartamento enCali, Valle del cauca",LT&S INMOBILIARIA,Llamar,"Apartamento en venta cuarto piso con ascensor, con un área de 110mts, parqueadero propio doble en linea cubierto y deposito, ubicado en el barrio Valle del Lili, Sur de Cali.Se encuentra distribuido en:Sala comedorBalcónCocina integralZona de oficiosBaño socialSala de tvTres habitaciones con closet principal y baño privadoAlcoba de servicio con BañoZona de oficiosConjunto cerrado con:Vigilancia 24/7Piscina para adultos y niñosJuegos infantilesGymZonas verdesPorteria.No dejes pasar esta oportunidad única de vivir en un lugar lleno de comodidades y en un ambiente tranquilo.",[],3.3659725798535,-76.51888249513,,,,,,,,,,,,,,2026-08-02
"Casa en Venta en Chorro de la Plata, Cali",https://www.fincaraiz.com.co/casa-en-venta-en-chorro-de-la-plata-cali/193272916,193272916,https://cdn4.fincaraiz.com.co/repo/img/th.outside384x275.6967bcd82f72a_infocdn__4c0xzufgusqek1i0p7u3zj5u8qkqdg0ljbnmlddkjpg.jpg,[],$ 2.100.000.000,3 Habs. 4 Baños 338 m²,"Casa en venta en chorro de la plata, cali","Casa enCali, Valle del cauca",LUZ ANNY PEÑA M. Bienes Raices,Llamar,"Se Vende Casa en Parcelación Chorro de Plata.Lote: 1.913 M2.Construidos: 338M2Ubicada en un lote plano con amplia zona verde, jardines y frutales Goza de excelentes visuales a Los Farallones de Cali.Distribuida en 2 pisos, con detalles particulares en cada uno de sus espacios, así:PISO 1: Sala, comedor,  estudio o alcoba auxiliar, Baño social con ducha, jardín interior, cocina tipo abierta, baño social, zona de ropas.PISO 2: Estar de t.v.,  baño social completo, 3 alcobas, la principal goza de una hermosa vista a Pico de Loro, con baño privado y vestier,  baño de alcobas.Amplio balcón.SOTANO: Espacio multiusos que permite acondicionarse para diferentes actividades.La vivienda incluye un apartamento independiente apropiado para huerpedes.Zonas comunes: 2 piscinas de agua natural, quebradas, chorrera, lago, club social con piscina, gimnasio, cancha de futbol, cancha multiple, de voleyplaya, de tenis, zona de camping, zonas para bbq, 4 parques infantiles, cctv, acueducto propio, senderos ecológicos.Inversión: $2.100 Millones que se deben pagar en euros en Europa.Admón. $826.000Contacto: ***, Luz Anny Peña",[],3.3461964,-76.5910805,,,,,,,,,,,,,,2026-08-02
"Casa en Venta en Pance, Cali",https://www.fincaraiz.com.co/casa-en-venta-en-pance-cali/193273383,193273383,https://cdn4.fincaraiz.com.co/repo/img/th.outside384x275.6967d2d003584_infocdn__jl976z2ro0csw5qmtotrsucdf3i3kgueewc7jljcjpg.jpg,[],$ 2.430.000.000,5 Habs. 6 Baños 400 m²,"Casa en venta en pance, cali","Casa enCali, Valle del cauca",Revalen Inmobiliaria,Llamar,"Exclusiva casa campestre ubicada en un exclusivo condominio de alta valorización, construida sobre un lote de aproximadamente 1.000 m² con ≈400 m² construidos. Diseñada para el confort familiar y el entretenimiento, ofrece amplios espacios sociales: sala-comedor, estudio, zona de TV con balcón, estadero, zona de BBQ con jacuzzi y una generosa zona de oficios. Cuenta con 5 alcobas (todas con baño privado, incluida la del servicio), 6 baños en total, cocina americana y una alcoba principal con amplio balcón. Para tu comodidad dispone de 6 parqueaderos. Una propiedad única que combina privacidad, acabados de calidad y ubicación privilegiada.",[],3.3156994524608,-76.535754825675,,,,,,,,,,,,,,2026-08-02
"Apartamento en Venta en Tequendama, Cali",https://www.fincaraiz.com.co/apartamento-en-venta-en-tequendama-cali/193653649,193653649,https://cdn4.fincaraiz.com.co/repo/img/th.outside384x275.69e6675ace6d4_infocdn__9191231-1-1776706984jpg.jpg,[],$ 600.000.000,3 Habs. 3 Baños 124 m²,"Apartamento en venta en tequendama, cali","Apartamento enCali, Valle del cauca",Unisa Inmobiliaria,Llamar,"¡Vive en el Corazón Estratégico de Cali! – Apto en Tequendama¿Buscas amplitud, comodidad y una ubicación inmejorable?Este apartamento en el Condominio Rincón de las Plazas es el que estabas esperando. Ubicado a solo pasos del C.C. Cosmocentro, la Plaza de Toros y la Calle 5, tendrás todo lo que necesitas a la mano.Características Principales: Espacio Generoso: 125 m2 diseñados para el confort familiar. Distribución Perfecta: Piso 4 con ascensor y  vista al exterior.Habitaciones: 3 alcobas amplias + Estudio + Sala de TV (espacios versátiles para oficina o entretenimiento).Baños: 3 (Principal, de alcobas y social).Cocina y Servicios: Cocina integral amplia, zona de ropas independiente y cuarto de servicio con baño privado.Parqueo: ¡El gran plus! 2 parqueaderos paralelos en sótano y depósito privado. El Condominio: Tu propio club privadoVivir aquí es disfrutar de seguridad 24/7 y zonas comunes de primer nivel: Piscina . Sauna y Turco para tus momentos de relax. Gimnasio equipado. Juegos infantiles, kiosko y 2 salones sociales para tus eventos. Ubicación Privilegiada, Imagina vivir a una cuadra de la Calle 5, con acceso inmediato al MIO, clínicas, centros comerciales y zonas deportivas. Tequendama lo tiene todo.",[],3.410614683684,-76.546719858154,,,,,,,,,,,,,,2026-08-02
"TIERRALINDA DE LA PLANICIE, Apartamento en Venta en TierraLinda, Cali",https://www.fincaraiz.com.co/proyectos-vivienda/tierralinda-de-la-planicie-apartamentos-en-venta-en-tierralinda-cali/7217724,7217724,https://s3.amazonaws.com/imagenesprof.fincaraiz.com.co/OVFR_COL/2022/5/20/3649643_128_7.jpg,[],Desde $ 233.700.000,2 Habs. 2 Baños 58 m²,"Tierralinda de la planicie, apartamento en venta en tierralinda, cali","Apartamento enCali, Valle del cauca",CONSTRUCTORA MELENDEZ,Llamar,"TL Planicie cuenta con 9 edificios de 8 y 10 pisos de altura con 8 y 10 apartamentos por piso, para un total de 730 unidades de vivienda, tiene 365 parqueaderos comunales y 86 parqueaderos de visitantes. Está dotado de tres porterías, UAR, planta eléctrica para zonas comunes, ascensor por edificio, kiosco social con batería de baños y cocineta, espacio para administración, senderos peatonales, zonas verdes, dos zonas para mascotas, tres zonas BBQ, piscina de adultos y niños y juegos infantiles.*El valor del apartamento corresponde a los 145 y 150 SMMLV según la fecha de escrituración*.",[],3.3425655,-76.5076166,¡Pregúntale!,¡Pregúntale!,¡Pregúntale!,¡Pregúntale!,Nuevos,¡Pregúntale!,Financiación: 80% Crédito / método de pago.,¡Pregúntale!,¡Pregúntale!,¡Pregúntale!,¡Pregúntale!,¡Pregúntale!,4,2026-08-02
"LOS BOSQUES, Casas en Venta en Cascajal, Cali",https://www.fincaraiz.com.co/proyectos-vivienda/los-bosques-casas-en-venta-en-cascajal-cali/10385373,10385373,https://d3s5pkt10pk3ga.cloudfront.net/resizedImages/384x275/site/fincaraiz_service/media/listing/474ce4db-9b0b-4d57-9c43-389a5a5e52a6/photos/474ce4db-9b0b-4d57-9c43-389a5a5e52a6_3_False_ee757c27-ff37-469c-9f50-50df62826b66.jpg,[],Desde $ 497.433.817,2 Habs. 2 Baños 59.57 m²,"Los bosques, casas en venta en cascajal, cali","Casa enCali, Valle del cauca",CONSTRUCTORA BOLIVAR CALI,Llamar,"En Los Bosques encontrarás un lugar donde la armonía entre el hogar y la naturaleza cobra vida. Aquí, cada rincón está diseñado para ofrecerte un ambiente acogedor. Este proyecto de casas de 2 pisos, te permitirá respirar cada mañana aire puro, despertar rodeado de entornos naturales.Los Bosques es parte del urbanismo de Encanto del Valle, ofreciendo para tu diversión: Pista de bicicross y patinaje, zona para mascotas, canchas deportivas; juegos biosaludables y mucho más.",[],3.32489530000000000000,-76.50079900000000000000,¡Pregúntale!,¡Pregúntale!,¡Pregúntale!,¡Pregúntale!,Sobre planos,¡Pregúntale!,¡Pregúntale!,¡Pregúntale!,¡Pregúntale!,¡Pregúntale!,¡Pregúntale!,¡Pregúntale!,3,2026-08-02
"Apartamento en Venta en Urbanizacion la flora, Cali",https://www.fincaraiz.com.co/apartamento-en-venta-en-urbanizacion-la-flora-cali/193607010,193607010,https://cdn4.fincaraiz.com.co/repo/img/th.outside384x275.6a03b60f6411a_infocdn__6-1-1774537516-1jpg.jpg,[],$ 400.000.000,3 Habs. 2 Baños 86 m²,"Apartamento en venta en urbanizacion la flora, cali","Apartamento enCali, Valle del cauca",CENTURY 21 G&G,Llamar,"Century 21 G&G ofrece en venta, en La flora, apartamento en cuarto piso, con excelente ventilación e iluminación. Tiene un área construida de 86,66 mt2, distribuida en amplia sala comedor unida al balcón mediante un ventanal piso techo; tres alcobas: la principal con baño y vestier, las otras dos cada una con closet; baño de alcobas; cocina integral amplia; zona de oficios con lavadero, instalación para lavadora y calentador a gas; bodega. Parqueadero doble en línea, sobre plataforma. En la zona social piscina para adultos y niños, salón social, juegos para niños, zona BBQ. Parqueadero interno para visitantes. Portería 24/7. Cámaras de seguridad y ronderos. Cerca de transporte público, colegios, supermercados, iglesia, parques, sector comercial, aeropuerto. Valor $400.000.000. APV.",[],3.4824082209117,-76.522135734558,,,,,,,,,,,,,,2026-08-02
"Apartamento en Venta en Santa monica, Cali",https://www.fincaraiz.com.co/apartamento-en-venta-en-santa-monica-cali/194032581,194032581,https://cdn4.fincaraiz.com.co/repo/img/th.outside384x275.6a63d65803d16_infocdn__2ekvuuqrnwr111lnxtx925jwqyqnfhvr2ix4dythjpg.jpg,[],$ 3.200.000.000,7 Habs. 7 Baños 430 m²,"Apartamento en venta en santa monica, cali","Apartamento enCali, Valle del cauca",VÉRTICE INMOBILIARIA,Llamar,"ESPECTACULAR APARTAMENTO CON VISTA 360°, TIPO LOFT, DOBLE ALTURA CON 430MTS2, PISOS EN MARMOL MUY  ILUMINADO, LINDOS ACABADOS, SUPER AIREADO Y FRESCO NATURALMENTE EN EL 6° PISO DEL EDIFICIO ATALAYA CONSTRUIDO POR ARQUITECTOS ESPAÑOLES AL ESTILO NEOCLASICO. 7 ALCOBAS DESCRITAS ASÍ:  ALCOBA PRINCIPAL , CON BALCÓN, SALA, VESTIER, BAÑO AMPLIO CON JACUZZI Y TURCO. 2 HABITACIONES SEGUIDAS AMPLIAS CON VESTIER Y TINA, OTRA HABITACIÓN HUESPEDES CON BAÑO, OTRA HABITACIÓN GRANDE PARA OFICINA VS ESTUDIO , HABITACIÓN DEL SERVICIO GRANDE Y HABITACION DE ESCOLTAS  GRANDE (UBICADA EN PARQUEADERO) CADA UNA CON BAÑO. VENTANALES PRECIOSOS CON VISTA A CALI Y AL CERRO. PUERTA PRINCIPAL DE SEGURIDAD  BLINDADA, SALA PRINCIPAL, COMEDOR, COCINA TIPO AMERICANA CON AMPLIAS ALACENAS , DOBLE LAVAPLATOS, BARRA GRANDE, AMPLIA E ILUMINADA, SALA DE TELEVISIÓN, 2 STAR ADICIONALES, 2 BALCONES , BAÑO SOCIAL Y ZONA DE OFICIOS Y LAVANDERIA CON ALACENAS. 6 PARQUEADEROS + BODEGA. ZONA SOCIAL: PARQUE PARA NIÑOS Y/O PERROS, SALON DE SQUASH, 2 PISCINAS (1 GRANDE +1 NIÑOS) +JACUZZI, ARÉA DE BBQ,  ZONA HÚMEDA CON 2 SAUNAS, 2 TURCOS, 2 DUCHAS,  4 BAÑOS, GIMNASIO Y PARQUEADEROS DE VISITANTES INTERNO CON CUARTO DE ESCOLTAS Y BAÑO. RECEPCIÓN,  PORTERIA Y SEGURIDAD 24/7, PLANTA ELÉCTRICA AUTOMÁTICA, TANQUES DE AGUA DE RESERVA Y GAS PROPIO.",[],3.4628185,-76.5352742,,,,,,,,,,,,,,2026-08-02
"Casa en Venta en San vicente, Cali",https://www.fincaraiz.com.co/casa-en-venta-en-san-vicente-cali/193706478,193706478,https://cdn4.fincaraiz.com.co/repo/img/th.outside384x275.69f916c65cb55_infocdn__b7e1j9dknpake6e0lpmj3qgkmrf9k00yx4tncqh4jpg.jpg,[],$ 849.000.000,7 Habs. 5 Baños 221 m²,"Casa en venta en san vicente, cali","Casa enCali, Valle del cauca",Brokers Y Asociados SAS,Llamar,"BROKERS Y ASOCIADOS vende esta oportunidad inigualable: una Casa Comercial de lujo, estratégicamente ubicada en el vibrante corazón del Sector Norte, barrio San Vicente, estrato 5. Esta joya arquitectónica, completamente remodelada con acabados de primera calidad y lista para estrenar, es la plataforma definitiva para catapultar su negocio hacia un éxito sin precedentes.Con una impresionante área de 221.60 m² más ampliaciones cuidadosamente diseñadas, cada detalle de esta propiedad ha sido concebido para fusionar funcionalidad, elegancia y un confort excepcional. Su distribución inteligente y versátil se compone de 7 oficinas privadas que garantizan privacidad y máxima productividad, 2 amplios salones perfectos para conferencias magistrales, capacitaciones o reuniones colaborativas de alto nivel, y 5 modernos baños que reflejan un diseño vanguardista y sofisticado. Además, cuenta con 3 prácticas cocinetas que optimizan la operatividad diaria y 3 depósitos para una gestión de inventario impecable. Los espacios exteriores no se quedan atrás, ofreciendo un sereno patio interno que invita a la relajación y la contemplación, una funcional zona de oficios y una conveniente bahía de parqueadero que optimiza la accesibilidad para clientes y colaboradores.Esta propiedad es la elección predilecta para empresas en plena expansión que buscan consolidar su presencia, consultorios médicos o jurídicos de prestigio que desean un entorno que inspire confianza, innovadores espacios de coworking que fomentan la creatividad y la colaboración, o instituciones que buscan una ubicación privilegiada con un flujo constante de clientes y una visibilidad excepcional. Su diseño versátil y su emplazamiento estratégico no solo garantizan una exposición inigualable, sino también un potencial de valorización sobresaliente en una de las zonas de mayor crecimiento. Invierta inteligentemente en el futuro y el crecimiento exponencial de su empresa. Precio: $849.000.000.",[],3.4664383,-76.5276465,,,,,,,,,,,,,,2026-08-02
"Apartamento en Venta en Los parques - barranquilla, Cali",https://www.fincaraiz.com.co/apartamento-en-venta-en-los-parques-barranquilla-cali/194048095,194048095,https://cdn4.fincaraiz.com.co/repo/img/th.outside384x275.6a6ce7560f6b2_infocdn__9191584-1-1785171519jpg.jpg,[],$ 360.000.000,3 Habs. 2 Baños 72 m²,"Apartamento en venta en los parques - barranquilla, cali","Apartamento enCali, Valle del cauca",Unisa Inmobiliaria,Llamar,"Vive con comodidad, seguridad y la tranquilidad de tener parqueadero propio!Descubre este excelente apartamento en el Conjunto Residencial Bosques de Vizcaya, una oportunidad ideal para quienes buscan un hogar funcional, bien ubicado (a una cuadra de la estacion del MIO de Chiminangos) y con espacios pensados para disfrutar en familia.Ubicado en un cuarto piso con ascensor, este apartamento de 71 m² ofrece una distribución inteligente que aprovecha cada espacio. Al ingresar encontrarás una amplia sala-comedor con balcón, perfecta para disfrutar de la iluminación natural y la ventilación. La cocina integral se integra de manera práctica con la zona de oficios, brindando mayor comodidad en el día a día.La zona privada está conformada por una alcoba principal con clóset y baño privado, además de dos habitaciones auxiliares con clóset y un baño social, ideales para la familia o para quienes desean contar con un espacio adicional para estudio o trabajo en casa.Uno de sus mayores atributos es que cuenta con parqueadero propio, un beneficio que aporta comodidad, seguridad y mayor valorización a tu inversión, evitando la incertidumbre de depender de parqueaderos comunales o externos.El conjunto residencial ofrece excelentes zonas comunes para disfrutar sin salir de casa: piscina, juegos infantiles, kiosco para reuniones sociales, amplias zonas verdes y ascensor, creando el ambiente perfecto para compartir con familia y amigos.",[],3.4794372647095,-76.499629892742,,,,,,,,,,,,,,2026-08-02
"Apartamento en Venta en La hacienda, Cali",https://www.fincaraiz.com.co/apartamento-en-venta-en-la-hacienda-cali/193045689,193045689,https://cdn4.fincaraiz.com.co/repo/img/th.outside384x275.6a6bb0ced5208_infocdn__9190684-23-1761835285jpg.jpg,[],$ 345.000.000,3 Habs. 2 Baños 83 m²,"Apartamento en venta en la hacienda, cali","Apartamento enCali, Valle del cauca",Unisa Inmobiliaria,Llamar,"Apartamento Luxury completamente remodelado en el exclusivo sector de La Hacienda – Cali. piso 5 sin ascensor.Descubre la elegancia y el confort en este espectacular apartamento de 83 m², ubicado en el Conjunto Residencial Paraíso III, en el corazón del barrio La Hacienda, una de las zonas más valoradas del sur de Cali por su ambiente residencial, seguridad y cercanía a centros comerciales, colegios, parques y vías principales.Este apartamento, situado en el quinto piso, ha sido remodelado integralmente con acabados de lujo, combinando diseño contemporáneo y funcionalidad. Su amplia sala comedor con vista exterior invita a disfrutar de espacios llenos de luz natural y frescura. La cocina integral de concepto abierto, con mobiliario moderno y detalles de alta gama, se convierte en el punto de encuentro ideal para compartir en familia.Cuenta con zona de oficios independiente, estudio, hall de alcobas, una alcoba principal con baño privado y clóset, más dos alcobas auxiliares con clóset y un baño de alcobas elegantemente renovado.El apartamento incluye parqueadero doble cubierto en línea y un depósito privado. El conjunto ofrece piscina, juegos infantiles, zonas verdes y kiosko, en un entorno tranquilo y familiar.Cada detalle de esta remodelación ha sido cuidadosamente pensado para ofrecer una experiencia “Luxury Living”, armonía en los espacios y una ubicación inmejorable.Ideal para quienes buscan un hogar moderno, exclusivo y listo para habitar.",[],3.401331004408,-76.53090692895,,,,,,,,,,,,,,2026-08-02
"Apartamento en Venta en Caney, Cali",https://www.fincaraiz.com.co/apartamento-en-venta-en-caney-cali/193911970,193911970,https://cdn4.fincaraiz.com.co/repo/img/th.outside384x275.6a3cda3278d67_infocdn__9191463-1-1782316795jpg.jpg,[],$ 355.000.000,3 Habs. 2 Baños 85 m²,"Apartamento en venta en caney, cali","Apartamento enCali, Valle del cauca",Unisa Inmobiliaria,Llamar,"Descubre el apartamento que estabas buscando y Vive en una de las zonas de mayor valorización y desarrollo del sur de Cali! Se vende  apartamento ubicado en el piso 7  Toscana Club Residencial, en el exclusivo sector de El Caney, una ubicación privilegiada que combina tranquilidad, comodidad y excelente conectividad. Su cercanía a importantes vías de acceso, centros comerciales, clínicas, universidades, colegios y zonas de entretenimiento lo convierten en una excelente opción para vivir o invertir. Con un área de 85m², este apartamento ofrece espacios cómodos, iluminados y muy bien distribuidos. Al ingresar encontrarás una amplia sala comedor con balcón y una agradable vista hacia el oriente, ideal para disfrutar de hermosos amaneceres y una excelente ventilación natural. Cuenta además con un espacio perfecto para estudio o sala de televisión. La cocina integral está equipada con gas natural y se complementa con una práctica zona de oficios independiente. El área privada dispone de un hall de alcobas, dos habitaciones auxiliares con clóset, baño de alcobas y una cómoda alcoba principal con clóset y baño privado. El inmueble incluye parqueadero propio cubierto, brindando mayor comodidad y seguridad para tu vehículo. zonas comunes:  amplias zonas verdes, juegos infantiles, amplia bahia de parqueadero para visitantes y vigilancia permanente, creando un entorno seguro y agradable para sus residentes.",[],3.380190380273,-76.522777878357,,,,,,,,,,,,,,2026-08-02
"Apartamento en Venta en Cuarto de legua - guadalupe, Cali",https://www.fincaraiz.com.co/apartamento-en-venta-en-cuarto-de-legua-guadalupe-cali/193998077,193998077,https://cdn4.fincaraiz.com.co/repo/img/th.outside384x275.6a59003a16363_infocdn__dconl0bxe0dqmft9mkb0mz8lyqczchnqt6mm0ybyjpg.jpg,[],$ 900.000.000,3 Habs. 4 Baños 190 m²,"Apartamento en venta en cuarto de legua - guadalupe, cali","Apartamento enCali, Valle del cauca",CONECTA ASESORIA INMOBILIARIA,Llamar,"Penthouse dúplex de 190 m² en venta, ubicado en el sector de Cuarto de Legua, cerca del Seminario, en una zona residencial, central y de fácil acceso. Cuenta con conexión por la avenida Guadalupe, la avenida Circunvalar y la calle 5.ª, lo que permite desplazarse con facilidad y de forma rápida hacia el sur y al norte de Cali.Se encuentra a 10 minutos de la Clínica Imbanaco, el Hospital Universitario del Valle, la Universidad Santiago de Cali, Mallplaza y Cosmocentro con servicios como supermercados, restaurantes, cafés, entidades financieras y diferentes opciones de entretenimiento.Para destacar del apartamento es que la habitación principal está en el segundo piso y cuenta con terraza privada con jacuzzi y las dos habitaciones auxiliares cada una con su propio baño para comodidad y privacidad de cada miembro de la familia.El conjunto cuenta con piscina, zona BBQ y amplias zonas verdes arborizadas, características cada vez más difíciles de encontrar en una ubicación central de la ciudad.Contáctanos para recibir más información y agendar una visita.",[],3.4104594336009,-76.553794594196,,,,,,,,,,,,,,2026-08-02
"Casa en Venta en Prados del norte, Cali",https://www.fincaraiz.com.co/casa-en-venta-en-prados-del-norte-cali/191463916,191463916,https://cdn4.fincaraiz.com.co/repo/img/th.outside384x275.6a512af1a6f76_infocdn__gr33618320230725104208jpg.jpg,[],$ 850.000.000,6 Habs. 5 Baños 369 m²,"Casa en venta en prados del norte, cali","Casa enCali, Valle del cauca",ALFA FINCA RAIZ INMOBILIARIA SAS,Llamar,"SG - Vendo casa multifamiliar  en Prados del Norte, consta de  una casa amplia en  el primer piso ambiente bohemio , tres habitaciones , una habitación en el primer piso y dos en el segundo piso, tres baños , cocina,  zona de lavado , balcón con vista al  jardin y un patio., garaje propio interno , y en el segundo pisos tenemos dos apartaestudios, primer apartaestudio de dos ambientes , habitación amplia, baño , cocina y balcón,  gas de pipa , segundo apartaestudio costa de tres ambientes , dos habitaciones , cocina y balcón, baño amplio , garaje propio interno amplio , servicios independientes,  ideal para AirBNB , cerca a Zona T de granada , CC chipichape , avenida las américas, para inversionistas Rentando",[],3.4732861,-76.5222829,,,,,,,,,,,,,,2026-08-02
"Apartamento en Venta en Zona Oeste, Cali",https://www.fincaraiz.com.co/apartamento-en-venta-en-zona-oeste-cali/193814150,193814150,https://cdn4.fincaraiz.com.co/repo/img/th.outside384x275.6a3ab2978ef53_infocdn__v47mh2yfhpsbchgz13opwn8xnwpd7xhnbdvuweusjpg.jpg,[],$ 735.000.000,3 Habs. 4 Baños 125 m²,"Apartamento en venta en zona oeste, cali","Apartamento enCali, Valle del cauca",FERNANDEZ Y DELGADO CONSTRUCTORA E INMOBILIARIA S.A.S.,Llamar,"VENDE APARTAMENTO EN LOS CRISTALES, moderno, iluminado, fresco,  Piso 5 con ascensor hasta sotanos , Area 125 M2 Consta de 3 habitaciones (ppal con vestier, baño y balcón), baño social, sala , comedor, balcón, cocina , zona oficios, cuarto del servicio con baño, parqueadero doble en línea cubierto, El conjunto cuenta con unas agradables zonas sociales: piscinas climatizadas adultos y niños, cancha de tenis, cancha multiple, salón social, juego niños, gimnasio dotado, coworking, sala familiar, turco, Cita previa  Disponibilidad Inmediata",[],3.4322272,-76.5518543,,,,,,,,,,,,,,2026-08-02
"Apartamento en  Venta en El ingenio, Cali",https://www.fincaraiz.com.co/apartamento-en-venta-en-el-ingenio-cali/191981660,191981660,https://cdn4.fincaraiz.com.co/repo/img/th.outside384x275.67a5876a69ef9_infocdn__gm6ywv8xhoyfmnmhgwdm0w6sgvnebcqliezpnaeyjpg.jpg,[],$ 325.000.000,3 Habs. 2 Baños 75 m²,"Apartamento en  venta en el ingenio, cali","Apartamento enCali, Valle del cauca",NEGOCIOS INMOBILIARIOS ACOVIL,Llamar,"Apartamento en venta – BONITO. moderno, barrio El Ingenio uno  (Unidad cerrada) 4to (Cuarto piso) SIN ASCENSOR, acceso por las escaleras.Bonito, Moderno y remodelado, acceso por escaleras, en excelente estado. Situado en el barrio El Ingenio uno, con ubicación estratégica y fácil acceso a centros comerciales y vías principales.Cuenta con sala comedor, balcón, cocina integral moderna con alacenas y meson en marmol, zona de oficios independiente y pisos en porcelanato.Dispone de 3 alcobas, todas con clóset en poliuretano; la principal con baño privado, clóset de linos y aire acondicionado, además de baño auxiliar para alcobas.tiene un (1) parqueadero propio en plataforma.La unidad ofrece vigilancia 24/7, piscinas, zona infantil remodelada, salón social cubierto y parqueadero para visitantes.Se muestra todos los días incluyendo fines de semana. llamar inmobiliaria Acovil al celular ***",[],3.3814763104195,-76.537392733374,,,,,,,,,,,,,,2026-08-02
"Apartamento en venta en Pance, Cali",https://www.fincaraiz.com.co/apartamento-en-venta-en-pance-cali/7435491,7435491,https://d3s5pkt10pk3ga.cloudfront.net/resizedImages/384x275/site/fincaraiz_service/media/listing/c6f641f4-edf5-4003-afd2-a5715d6a5784/photos/c6f641f4-edf5-4003-afd2-a5715d6a5784_8_False_d049b7db-4284-4923-8a4b-5bc473fde7ad.jpg,[],$ 800.000.000,3 Habs. 5 Baños 135 m²,"Apartamento en venta en pance, cali","Apartamento enCali, Valle del cauca",Patricia Losada Inmobiliaira,Llamar,"Amplio balcón  en sala y alcoba principal, 3 alcobas cada una con baño, baño social, cuarto de servicio con baño, amplia zona de oficios, sala comedor, estudio, cocina integral, calentador a gas, doble balcón cada torre con 2 ascensores, 2 parqueaderos cubiertos, piscina para niños, 2 piscinas para adultos, turco, juegos infantiles, gimnasio, parqueaderos internos para visitantes, cerca al colegio Bolivar, Universidad San Buenaventura, restaurantes, centros comerciales, ruta de ciclismo hacia Pance. No tiene depósito.",[],3.3425206,-76.5437992,,,,,,,,,,,,,,2026-08-02
"Apartamento en Venta en Valle del Lili, Cali",https://www.fincaraiz.com.co/apartamento-en-venta-en-valle-del-lili-cali/193889378,193889378,https://cdn4.fincaraiz.com.co/repo/img/th.outside384x275.6a34ff5b80abc_infocdn__9191449-1-1781803312-8jpg.jpg,[],$ 400.000.000,3 Habs. 3 Baños 91 m²,"Apartamento en venta en valle del lili, cali","Apartamento enCali, Valle del cauca",Unisa Inmobiliaria,Llamar,"Apartamento en Venta en Valle del Lili | Conjunto Residencial MorettiVive o invierte en uno de los sectores de mayor valorización y desarrollo del sur de Cali. Se vende hermoso apartamento ubicado en el piso 6 del Conjunto Residencial Moretti, en Valle del Lili, una zona estratégica que se destaca por su excelente conectividad, cercanía a centros comerciales, clínicas, universidades, colegios, supermercados y una amplia oferta de servicios y entretenimiento.Ideal para inversionistas: actualmente se encuentra alquilado y genera una renta mensual de $2.400.000, ofreciendo rentabilidad inmediata.Con un área de 91 m², este apartamento se caracteriza por sus espacios amplios, excelente iluminación natural y una distribución funcional pensada para el confort de toda la familia.- Amplia sala comedor con balcón y agradable vista hacia el oriente, perfecta para disfrutar de hermosos amaneceres y una excelente ventilación natural.- Baño social.- Espacio para estudio o sala de televisión.- Moderna cocina integral abierta con barra y gas natural.- Zona de oficios independiente.- Hall de alcobas.- Dos habitaciones auxiliares con clóset.- Baño de alcobas.- Alcoba principal con vestier y baño privado.- Parqueadero cubierto.Zonas comunes de primer nivelEl Conjunto Residencial Moretti cuenta con algunas de las zonas sociales más completas del sector:Gimnasio equipado.Amplias zonas verdes para el disfrute familiar.Juegos infantiles.Salón social.parqueaderos para visitantes",[],3.3658976075584,-76.518133878708,,,,,,,,,,,,,,2026-08-02
"Apartamento en Venta en Valle del Lili, Cali",https://www.fincaraiz.com.co/apartamento-en-venta-en-valle-del-lili-cali/193623791,193623791,https://cdn4.fincaraiz.com.co/repo/img/th.outside384x275.6a1da5d505fdd_infocdn__9191193-2-1776112715jpg.jpg,[],$ 296.000.000,2 Habs. 2 Baños 75 m²,"Apartamento en venta en valle del lili, cali","Apartamento enCali, Valle del cauca",Unisa Inmobiliaria,Llamar,"Apartamento en venta – Conjunto Residencial Portal de la Alameda I - Valle del LiliVive en uno de los sectores con mayor valorización y calidad de vida del sur de Cali. Este amplio apartamento de 76 m², ubicado en el piso 11, ofrece una distribución funcional, excelente iluminación y una agradable vista exterior, ideal para quienes buscan tranquilidad y confort.El apartamento cuenta con:Sala comedor amplia y bien iluminada.Cocina integral abierta, moderna y funcional.Zona de oficios.Baño social.Sala de TV y estudio, ideal para home office.Alcoba principal con baño privado y vestier.Alcoba auxiliar con clóset.Parqueadero propio en sótano.El conjunto residencial se destaca por sus completas zonas comunes: piscina para adultos y niños, gimnasio, zona BBQ, cancha multiple, dos salones sociales, zonas verdes y un ambiente familiar y seguro.Ubicación estratégica en Valle del Lili, cerca de clínicas, centros comerciales, colegios, universidades y con fácil acceso a vías princi",[],3.3689179157777,-76.511552946049,,,,,,,,,,,,,,2026-08-02
"Apartamento en Venta en Valle del Lili, Cali",https://www.fincaraiz.com.co/apartamento-en-venta-en-valle-del-lili-cali/193911383,193911383,https://cdn4.fincaraiz.com.co/repo/img/th.outside384x275.6a3bea1859baf_infocdn__property-20095-1-1775566865-imagenjpg.jpg,[],$ 240.000.000,2 Habs. 2 Baños 55 m²,"Apartamento en venta en valle del lili, cali","Apartamento enCali, Valle del cauca",LA CADENA DE SERVICIOS INMOBILIARIOS,Llamar,"Bonito apartamento para venta, en barrio Bochalama. Primer piso.",[],3.3718754129329,-76.507109918333,,,,,,,,,,,,,,2026-08-02
"Casa en  Venta en Santa teresita, Cali",https://www.fincaraiz.com.co/casa-en-venta-en-santa-teresita-cali/191228612,191228612,https://cdn4.fincaraiz.com.co/repo/img/th.outside384x275.66bf92f31cac6_infocdn__pxgcvrkyzolzzlpm6f7hmb4lqrei01yvlpa7zfgrjpg.jpg,[],$ 930.000.000,4 Habs. 2 Baños 340 m²,"Casa en  venta en santa teresita, cali","Casa enCali, Valle del cauca",Raices Inmobiliaria ltda,Llamar,"Excelente ubicacion, casa de 4 alcobas  en el exclusivo sector de Santa Teresita en el oeste de la Ciudad de Cali, desarrolada en un lote de 356,79 m2 . En una zona privilegiada por la frescura del sector, cerca a la iglesia , supermercados , una zona espectacular para vivir en el corazón de la ciudad.",[],3.4474416,-76.555464,,,,,,,,,,,,,,2026-08-02
"Apartamento en Venta en Valle del Lili, Cali",https://www.fincaraiz.com.co/apartamento-en-venta-en-valle-del-lili-cali/193704940,193704940,https://cdn4.fincaraiz.com.co/repo/img/th.outside384x275.69f8d1ef11ebb_infocdn__qzhoryuwlfto0qnpphmktk21uopi92k8wp3acudgjpg.jpg,[],$ 470.000.000,3 Habs. 3 Baños 107 m²,"Apartamento en venta en valle del lili, cali","Apartamento enCali, Valle del cauca",,Llamar,"Exclusiva oportunidad Apartamento en venta Edificio Saxo, Valle del Lili, CaliDescubre tu nuevo hogar en la mejor ubicación del Valle del Lili. Te presentamos este espectacular apartamento de 107 m en el exclusivo Edificio Saxo, un lugar donde el confort y el estilo se encuentran con la máxima conveniencia, en excelente estado , como nuevo , listo para mudarte sin preocupaciones. Con espacios amplios y luminosos: Una sala comedor que se abre a un generoso balcón, ideal para relajarte y disfrutar de la vista; Una moderna cocina integral, perfecta para inspirar tus habilidades culinarias; Zona de oficios bien equipada. Baño social para visitas. Con áreas privadas diseñadas para tu comodidad: Un estar de tv o estudio , ideal para trabajar desde casa o para momentos de lectura; Una cómoda alcoba principal con vestier, baño privado, aire acondicionado y balcón , un verdadero espacio personal; Dos acogedoras alcobas auxiliares con closet; una de ellas con aire acondicionado. Un elegante baño de alcobas para mayor comodidad. El apartamento cuenta con persianas verticales en habitación principal y en el salón principal, las demás habitaciones y estudio tienen cortinas enrollables en sus ventanas. cuenta con parqueadero propio doble línea en el sótano y amplio depósito. El edificio cuenta con ascensor, piscina para niños y adultos, turco, gimnasio equipado, salón social, y zona de juegos infantiles. Posee una ubicación privilegiada muy cerca de centros comerciales como Jardín Plaza, La 14 de Valle del Lili, Clínicas como Fundación Clínica Valle del Lili, universidades como la Autónoma, Univalle, Colegios privados, transporte público cercano, ubicado entre las Avenidas ciudad de Cali y Simón Bolívar.",[],3.367959,-76.5170227,,,,,,,,,,,,,,2026-08-02
"Apartamento en  Venta en Cristales, Cali",https://www.fincaraiz.com.co/apartamento-en-venta-en-cristales-cali/192081683,192081683,https://cdn4.fincaraiz.com.co/repo/img/th.outside384x275.67c0d429116cb_infocdn__ifbqfzda0sfilanguwg9jl2cyff5j2pi5rkrcknijpg.jpg,[],$ 760.000.000,3 Habs. 2 Baños 107 m²,"Apartamento en  venta en cristales, cali","Apartamento enCali, Valle del cauca",,Llamar,?VENDO APARTAMENTO CRISTALES 107 m2 en un quinto piso con ascensor 2 habitaciones + estudio (puede ser una tercera habitación). Cuenta con 2 parqueaderos paralelos en sótano propios y está en conjunto cerrado con seguridad y zonas sociales. Paga $670 mil de admon.$760 millones.,[],3.440464,-76.547119,,,,,,,,,,,,,,2026-08-02
"Casa en  Venta en Pance, Cali",https://www.fincaraiz.com.co/casa-en-venta-en-pance-cali/191394449,191394449,https://cdn4.fincaraiz.com.co/repo/img/th.outside384x275.6a4707957a108_infocdn__gr1138891120240915085953jpeg.jpeg,[],$ 2.400.000.000,3 Habs. 4 Baños 300 m²,"Casa en  venta en pance, cali","Casa enCali, Valle del cauca",,Llamar,"Casa Moderna con Amplios Espacios VerdesÁrea lote 500 mtsÁrea construida : 300 mtsSegundo Piso- 3 habitaciones todas con baño. La principal y una habicon vestier al igual que uno de los  cuartos auxiliares . Todos los cuartos tienen Aire Acondicionado y blackouts- Sala de TVPrimer Piso- Terraza exterior con vista a Zona Verde- ⁠Amplia Zona Verde- Estudio- Baño Social- Sala - Comedor- Cocina abierta- Cuarto y baño de servicio- 3 Parqueaderos- 1 depósitoUnidad con zonas verdes, parqueaderos de visitantes internos, piscina, zona humeda, salon social, cancha de tenis, senderos, seguridad 7x24",[],3.3219774,-76.5478052,,,,,,,,,,,,,,2026-08-02
"Apartamento en Venta en Santa teresita, Cali",https://www.fincaraiz.com.co/apartamento-en-venta-en-santa-teresita-cali/192311343,192311343,https://cdn4.fincaraiz.com.co/repo/img/th.outside384x275.680c0e95abe8f_infocdn__yvvx8j17u68gbtreutejwezidan2hhnrkkuauwdnjpg.jpg,[],$ 810.000.000,3 Habs. 5 Baños 152 m²,"Apartamento en venta en santa teresita, cali","Apartamento enCali, Valle del cauca",,Llamar,"HERMOSO APARTAMENTO CON VISTA DIVINA A LOS CERROS, EDIFICIO CONSTRUIDO HACE 6 AÑOS, MUY ILUMINADO, VENTILADO, CONSTA DE TRES HABITACIONES, LA PPAL CON WALK IN CLOSET, CADA HABITACION CON BAÑO PROPIO, BAÑO SOCIAL, ESTUDIO, ZONA DE OFICIOS INDEPENDIENTE, CUARTO DE SERVICIO CON BAÑO, COCINA TIPO AMERICANO CON ISLA CENTRAL SUPER AMPLIA, BALCON CON VISTA A LAS MONTAÑAS, DOS PARQUEADEROS Y DEPOSITO. EL EDIFICIO CUENTA CON PISCINA CLIMATIZADA, TURCO, GYM, GYMBOREE, CANCHA DE SQUASH, SALON SOCIAL. PARQUEADERO DE VISITANTES INTERIOR Y EXTERIOR",[],3.449486,-76.5524357,,,,,,,,,,,,,,2026-08-02
"Apartamento en Venta en Valle del Lili, Cali",https://www.fincaraiz.com.co/apartamento-en-venta-en-valle-del-lili-cali/193801026,193801026,https://cdn4.fincaraiz.com.co/repo/img/th.outside384x275.6a1612b14d7ad_infocdn__femcbzpassqbsguji5vhw-j5bcebug3n533itctuijys4pcu0ic04qvdgufslvbm6qn4pvjpfzqf9k3zmmkw-cr-89o5tddyotq85zhufjhcuq.jpeg,[],$ 410.000.000,2 Habs. 2 Baños 77.4 m²,"Apartamento en venta en valle del lili, cali","Apartamento enCali, Valle del cauca",,Llamar,"Valle del Lili, Cr Belaterra, moderno apartamento de 77.40 m². Consta de 2 habitaciones, la principal con vestier y baño privado, baño auxiliar de alcobas, cocina integral, zona de ropas y sala de TV. Cuenta con aire acondicionado, calentador y parqueadero privado en sótano. La unidad ofrece piscina, salón de eventos, juegos infantiles y excelente ambiente familiar contactanos *** -  ***",[],3.3581625,-76.5106255,,,,,,,,,,,,,,2026-08-02
"Casa en  Venta en Ciudad jardin, Cali",https://www.fincaraiz.com.co/casa-en-venta-en-ciudad-jardin-cali/191592557,191592557,https://cdn4.fincaraiz.com.co/repo/img/th.outside384x275.6716aad5ddf3a_infocdn__xillxsu7oiuk34mh6cm0vgdwpbt6rlborum5wlavjpg.jpg,[],$ 1.250.000.000,3 Habs. 3 Baños 280 m²,"Casa en  venta en ciudad jardin, cali","Casa enCali, Valle del cauca",,Llamar,"En Ciudad Jardín Esta espectacular casa esquinera es la definición de elegancia y confort. Con acabados de lujo, amplios espacios y una ubicación privilegiada, disfrutarás de 4 garajes, jardines, sala, comedor, cocina gourmet y 3 habitaciones principales con baño y walk-in closet. Ubicada en una de las zonas más exclusivas de la ciudad, esta propiedad te ofrece una calidad de vida inigualable. Pisos en mármol, vitrales y techos altos realzan su belleza. ¡No pierdas la oportunidad de vivir en uno de los mejores sectores de Ciudad Jardín! Contáctame hoy y agenda una visita!",[],3.3648742,-76.5372893,,,,,,,,,,,,,,2026-08-02
"Casa en Venta en Ciudad jardin, Cali",https://www.fincaraiz.com.co/casa-en-venta-en-ciudad-jardin-cali/194005430,194005430,https://cdn4.fincaraiz.com.co/repo/img/th.outside384x275.6a5ab9d12145a_infocdn__wau2ms7fizso6nyxuvr6y3tpuousx7n9pdgdddk2jpg.jpg,[],$ 784.000.000,3 Habs. 3 Baños 195 m²,"Casa en venta en ciudad jardin, cali","Casa enCali, Valle del cauca",,Llamar,"Vendemos hermosa casa condominio exclusivo en ciudad jardín Cabañas Del Paraíso, Cali ubicación privilegiada en el sur de Cali construcción en dos plantas con garaje doble amplio salón comedor baño social cocina integral zona de oficios y habitación de empleado con baño estudio y un patio ornamental enchapado iluminación y ventilación natural segunda planta habitación principal con closet y baño privado se entrega con unidad de aire acondicionado dos alcobas auxiliares con closet y un baño auxiliar con ducha las dos alcobas auxiliares se unieron en una sola habitación pero se pueden separar de nuevo documentación al día entrega inmediata el condominio tiene piscina juegos para niños zona BBQ amplias zonas verdes portería vigilada 24/7.",[],3.3693724,-76.5382541,,,,,,,,,,,,,,2026-08-02
"Casa en Venta en Condominio solares de pance, Cali",https://www.fincaraiz.com.co/casa-en-venta-en-condominio-solares-de-pance-cali/192309721,192309721,https://cdn4.fincaraiz.com.co/repo/img/th.outside384x275.680bc5783486b_infocdn__josqnfozw8ognthnun1oocqzrnrbua3yrfveoxbjjpg.jpg,[],$ 1.350.000.000,4 Habs. 5 Baños 350 m²,"Casa en venta en condominio solares de pance, cali","Casa enCali, Valle del cauca",,Llamar,"Excelente Casa campestre de dos plantas, 350 de metros construidos. Primer piso: sala, comedor, sala auxiliar, baño social, estudio o (alcoba en el primer piso), baño adicional primer piso con ducha, cocina integral, zona de oficios, alcoba del servicio con baño, estadero , zona verde, piscina. Segundo piso: 3 alcobas, principal con baño, closet, dos auxiliares una con baño privado y baño para alcoba auxiliar, sala de tv o estudio y parqueaderos 2 cubiertos y 4 descubiertos.",[],3.3172853,-76.5409753,,,,,,,,,,,,,,2026-08-02
"Casa Campestre en  Venta en La Buitrera, Cali",https://www.fincaraiz.com.co/casa-campestre-en-venta-en-la-buitrera-cali/191549929,191549929,https://cdn4.fincaraiz.com.co/repo/img/th.outside384x275.67dc42c86a92c_infocdn__5801-26-72309910jpeg.jpeg,[],$ 1.700.000.000,7 Habs. 4 Baños 384 m²,"Casa campestre en  venta en la buitrera, cali","Casa Campestre enCali, Valle del cauca",,Llamar,"SE VENDE ESPECTACULAR CASA CAMPESTRE EN LA BUITRERA KM SEIS, CALLEJÓN TABARES, CONSTRUIDA CON MUY BUENOS CIMIENTOS Y DOBLE PARED, PISOS EN PORCELANATO Y EN CERÁMICA. LA CASA CONSTA DE DOS PISOS; DISTRIBUIDOS ASÍ; EL PRIMER PISO; UNA COCINA INTEGRAL Y UNA COCINETA, TRES HABITACIONES, 2 BAÑOS (UNO DE ELLOS EN UNA HABITACIÓN) SALA COMEDOR CON CHIMENEA, HALL EN LA ENTRADA, TERRAZA, BALCÓN; EL SEGUNDO PISO CONSTA DE UNA COCINA INTEGRAL,  CUATRO HABITACIONES (TRES DE ELLAS CON BALCÓN Y UNA CON TERRAZA), HALL EN SUBIDA DE ESCALERAS, DOS TERRAZAS, DOS BALCONES, CUENTA CON SOLÁRIUM (ACCESO POR LA HABITACIÓN PRINCIPAL), ZONA DE OFICIOS, LA PROPIEDAD TAMBIÉN CUENTA CON UNA HERMOSA VISTA PANORÁMICA, PISCINA, JACUZZI Y PLAYA, TANQUE DE AGUA DE MIL LITROS, CUARTO DE APEROS, PETAR, TRES PARQUEADEROS CUBIERTOS Y UNO DESCUBIERTO, UBICADA  A POCOS MINUTOS DE UNICENTRO Y HOLGUINES TRADE CENTER, BUEN CLIMA , SECTOR TRANQUILO.",[],3.3635,-76.55847,,,,,,,,,,,,,,2026-08-02
"Apartamento en Venta en Ciudad capri, Cali",https://www.fincaraiz.com.co/apartamento-en-venta-en-ciudad-capri-cali/193987991,193987991,https://cdn4.fincaraiz.com.co/gen-ai/th.outside384x275.enhanced_image_20260714163255.png,[],$ 330.000.000,3 Habs. 3 Baños 95 m²,"Apartamento en venta en ciudad capri, cali","Apartamento enCali, Valle del cauca",,Llamar,"Descubra la oportunidad de adquirir un excepcional apartamento de 95m² en uno de los barrios residenciales más tranquilos y seguros de la ciudad. Este hogar, diseñado para el confort y la funcionalidad, cuenta con un parqueadero asignado y tres amplias habitaciones, dos de ellas con baño privado, garantizando privacidad y comodidad para toda la familia. La cocina, moderna y práctica, se complementa con un cuarto de ropas independiente.El corazón de este apartamento es su espaciosa sala comedor, bañada por la luz natural que entra a través de un gran ventanal, creando un ambiente cálido y ventilado, con vistas a la exuberante vegetación que rodea la propiedad. Imagine despertar cada día en un entorno sereno, rodeado de árboles, que invita a la relajación y el bienestar.La ubicación es inmejorable, a pocos pasos del encantador Parque de Capri y la emblemática Iglesia Inmaculada, ofreciendo un estilo de vida vibrante y conectado. Disfrute de una excelente conectividad con accesos estratégicos por la Calle 5ª, la Autopista Sur-Oriental y la Avenida Pasoancho, facilitando sus desplazamientos diarios.Este barrio no solo es tranquilo y seguro, sino que también ofrece una infraestructura completa para satisfacer todas sus necesidades: desde panaderías artesanales y estaciones de servicio (incluyendo electrolinera), hasta supermercados de cadena, minimarkets, D1 y Dollarcity. La oferta gastronómica es variada y exquisita, complementada con gimnasios, servicios veterinarios y una estación del MIO a su alcance. Además, su cercanía al Batallón Pichincha añade un plus de seguridad y prestigio.Este apartamento no es solo una vivienda, es la puerta a un estilo de vida deseado, donde la comodidad, la seguridad y la naturaleza se fusionan en perfecta armonía. ¡No deje pasar esta inigualable oportunidad de inversión!",[],3.3899847899375,-76.544505647552,,,,,,,,,,,,,,2026-08-02
"Casa Campestre en  Venta en La Reforma, Cali",https://www.fincaraiz.com.co/casa-campestre-en-venta-en-la-reforma-cali/191494813,191494813,https://cdn4.fincaraiz.com.co/repo/img/th.outside384x275.6a3ef0fae9044_infocdn__gr33618320240927124043jpg.jpg,[],$ 660.000.000,7 Habs. 6 Baños 160 m²,"Casa campestre en  venta en la reforma, cali","Casa Campestre enCali, Valle del cauca",,Llamar,JV se vende casa campestre en parcelación cerrada en la reforma con porteria area de lote de 1002 m2 area construida de 160 m2 con dos  apartamentos cada uno  tiene un baño dos habitaciones zona de oficios estan en la parte superior Casa con estilo rústico/industrial recientemente remodelada con 3 habitaciones principal con walk-in closet cocina semi integral la propiedad tiene vista a la ciudad y zona totalmente construible papeles al dia sector tranquilo,[],3.3921597,-76.5725146,,,,,,,,,,,,,,2026-08-02
"Apartamento en Venta en Santa isabel, Cali",https://www.fincaraiz.com.co/apartamento-en-venta-en-santa-isabel-cali/193894069,193894069,https://cdn4.fincaraiz.com.co/repo/img/th.outside384x275.6a6914e52348e_infocdn__1095-18-1781895583jpg.jpg,[],$ 420.000.000,2 Habs. 2 Baños 83 m²,"Apartamento en venta en santa isabel, cali","Apartamento enCali, Valle del cauca",,Llamar,"VIVENTU VENDE apartamento en el Oeste de Cali sector Santa Isabel,el apartamento cuenta con una hermosa vista para disfrutar desde el balcon, en condominio de la zona, excelente distribución, cuenta con sala comedor,cocina integral con estufa horno y campana gabinetes amplios, zona de oficios, 2 habitaciones, la habitación Ppal cuenta con baño privado y vista, parqueadero propio en sótano. Ideal para remodelar y adecuar a tu gusto la ubicacion es inmejorable. El condominio tiene zonas sociales como Portería con vigilancia privada, salón de eventos, zona de juegos para niños, piscina para adultos y niños, la ubicación es muy buena en el oeste de cali, cerca al hospital universitario y clínica imbanaco, para más info contactanos al  305 dos cincuenta y cuatro 45 cincuenta y nueve",[],3.428974278074,-76.547625161433,,,,,,,,,,,,,,2026-08-02
"Apartamento en Venta en Santa teresita, Cali",https://www.fincaraiz.com.co/apartamento-en-venta-en-santa-teresita-cali/193740973,193740973,https://cdn4.fincaraiz.com.co/repo/img/th.outside384x275.6a46cd9dbbd48_infocdn__gr-venta-de-apto-en-santa-teresit-1783023668-1421-8194jpeg.jpeg,[],$ 850.000.000,3 Habs. 4 Baños 235 m²,"Apartamento en venta en santa teresita, cali","Apartamento enCali, Valle del cauca",,Llamar,"Venta de HermosoApartamento en edificio Alcazar del Río de Constructora Sagar.Área: 235m; Tercer piso con vista al rió, espacios generosos, 4 habitaciones (3 cuartos + 1 servicio), 4 baños (3 renovados), sala, comedor, estudio, cocina, lavanderia y dos balcones. Cuarto principal con piso en parquet y ventanal antiruido. Piso de retazos de marmol original y cristalizado, closets de madera en cedro con manijas de cobre. Persianas Hunter Douglas. Dos parqueaderos en línea. Administración: $1.439.000;Avalúo catastral: *** (apt + parqueaderos)Precio de oferta 850 millones",[],3.449486,-76.5524357,,,,,,,,,,,,,,2026-08-02
"Casa en Venta en Zona Norte, Cali",https://www.fincaraiz.com.co/casa-en-venta-en-zona-norte-cali/194014049,194014049,https://cdn4.fincaraiz.com.co/repo/img/th.outside384x275.6a5fa822690ae_infocdn__58dqmzdaiu0hp9gkrgx7mvwq0ostmmhnnmzn9cg0jpg.jpg,[],$ 620.000.000,3 Habs. 3 Baños 110 m²,"Casa en venta en zona norte, cali","Casa enCali, Valle del cauca",,Llamar,"VENTA  CASA EN UNIDAD CERRADA - EXCELENTE UBICACIÓN  EN EL BARRIO LA FLORA-- CERCA AL EXITO, CHIPICHAPE Y MAS- CONSTA DE 2 NIVELES- EN EL PRIMER NIVEL ESTA LA SALA COMEDOR, COCINA INTEGRAL, BAÑO SOCIAL,   Y PATIOS - PISO  2: HABITACION PRINCIPAL CON BAÑO Y VESTIER- 2 CUARTOS AMPLIOS CON CLOSET CADA UNO Y BAÑO DE HABITACIOENES. LA UNIDAD CUENTA CON ZONA HUMEDA CON PISCINA- SALON SOCIAL- ZONA INFANTIL Y VIGILANCIA 24-7 - ADMON : $550.000  - CITA PREVIA-",[],3.4835232,-76.5235328,,,,,,,,,,,,,,2026-08-02
"Apartamento en Venta en Quintas de don simon, Cali",https://www.fincaraiz.com.co/apartamento-en-venta-en-quintas-de-don-simon-cali/192663278,192663278,https://cdn4.fincaraiz.com.co/repo/img/th.outside384x275.6a3c1b372320c_infocdn__gr-venta-de-apartamento-en-quinta-1757089910-1191-332jpeg.jpeg,[],$ 365.000.000,3 Habs. 2 Baños 82 m²,"Apartamento en venta en quintas de don simon, cali","Apartamento enCali, Valle del cauca",,Llamar,"Venta de Apartamento con Hermosa Vista a Parque y Piscina: Este amplio apartamento de 3 habitaciones (incluyendo la principal con baño privado) cuenta con una habitación de servicio adicional. La cocina está renovada y equipada con electrodomésticos de acero inoxidable. Además, disfrutarás de un estudio, ventana balcón y parqueadero cubierto. El edificio ofrece una zona social con juegos para niños, piscina, kiosko y zona de BBQ. Su ubicación privilegiada y su antigüedad de 20 años hacen de este apartamento una excelente inversión. ¡No pierdas la oportunidad!",[],3.389895,-76.534779,,,,,,,,,,,,,,2026-08-02
"Casa en Venta en La hacienda, Cali",https://www.fincaraiz.com.co/casa-en-venta-en-la-hacienda-cali/193802523,193802523,https://cdn4.fincaraiz.com.co/repo/img/th.outside384x275.6a29f701b8736_infocdn__gr1541892620260526060301png.png,[],$ 570.000.000,3 Habs. 3 Baños 170 m²,"Casa en venta en la hacienda, cali","Casa enCali, Valle del cauca",,Llamar,"Casa en venta en condominio cerrado, de dos pisos, con un área de 135m² y parqueadero propio  (con opcion al segundo), ubicada en el barrio La Hacienda, Sur de Cali.Distribución de la Casa:Sala comedor.Cocina semi integral.Tres habitaciones.Tres baños.Patio.Sala de estar.Zona de oficios.Características de la Unidad Residencial:Zona de juegos.Piscina para niños y adultos.Amplio salón social.Portería con recepción.Esta casa en La Hacienda ofrece amplios espacios y diversas comodidades en una ubicación privilegiada en el sur de Cali. ¡Contáctanos para más información!",[],3.3956611538405,-76.530203819275,,,,,,,,,,,,,,2026-08-02
"Casa en  Venta en Tequendama, Cali",https://www.fincaraiz.com.co/casa-en-venta-en-tequendama-cali/191463074,191463074,https://cdn4.fincaraiz.com.co/repo/img/th.outside384x275.66f199d4bac48_infocdn__mqcdemama9orpolss6vcyshpyprzoocthgumoieojpg.jpg,[],$ 1.400.000.000,6 Habs. 5 Baños 306 m²,"Casa en  venta en tequendama, cali","Casa enCali, Valle del cauca",,Llamar,"Casa  Ideal para acondicionar como clínica, centro medico o consultorios; muy bien a una cuadra de la clínica Imbanaco: Piso 1: Area: 256MT2 consta de sala comedor, cocina, 4 habitaciones con closet, 3 baños, 2 patios, estudio, garaje cubierto para 2 carros; Piso 2: area de 50m2 consta de 2 habitaciones con closet, 2 baños, zona de lavandería. unico propietario. interesado agendar vía whatsapp.",[],3.4198682,-76.5452105,,,,,,,,,,,,,,2026-08-02
"Apartamento en Venta en Prados del norte, Cali",https://www.fincaraiz.com.co/apartamento-en-venta-en-prados-del-norte-cali/192742063,192742063,https://cdn4.fincaraiz.com.co/repo/img/th.outside384x275.6a2b0cf07d43e_infocdn__gr90812620250811010756jpg.jpg,[],$ 285.000.000,3 Habs. 2 Baños 72 m²,"Apartamento en venta en prados del norte, cali","Apartamento enCali, Valle del cauca",,Llamar,"Parques de la Flora, área de 72.73 m2, piso 4 sin ascensor. Amplio y bien iluminado. Consta de sala comedor, cocina integral con estufa en vitro cerámica, filtro de ozono para el agua, zona de ropas. 3 habitaciones con closet, la habitación principal con vestier de tránsito y baño, zona de estudio o sala de t.v, baño social.  Parqueadero propio cubierto. Apartamento remodelado, baños con duchas en vidrio templado. El conjunto cuenta con amplias zonas comunes, zonas verdes, kiosko para asados y reuniones, vigilancia 24/7 con CCTV, citofonía, parqueadero para visitantes. Excelente ubicación en el norte de Cali, cerca de CC Chipichape, supermercados, panaderías, cajeros automáticos, Éxito de la Flora, CC la Pasarela, CC La Estación. Cerca de colegios y universidades del norte de Cali.",[],3.4694502113443,-76.521470546722,,,,,,,,,,,,,,2026-08-02
"Apartamento en Venta en Ciudad jardin, Cali",https://www.fincaraiz.com.co/apartamento-en-venta-en-ciudad-jardin-cali/192827193,192827193,https://cdn4.fincaraiz.com.co/repo/img/th.outside384x275.68b78f8e83d6f_infocdn__xgyyrwkpnp2udriaxeb5nxgk2mjowsilnqhtsfjmjpg.jpg,[],$ 780.000.000,4 Habs. 4 Baños 153 m²,"Apartamento en venta en ciudad jardin, cali","Apartamento enCali, Valle del cauca",,Llamar,"Oportunidad única: Venta de espectacular apartamento en Ciudad Jardín¿Buscas un hogar donde el confort y la exclusividad se encuentren en perfecta armonía? Este apartamento supera todas las expectativas e deales  para quienes buscan calidad de vida .Amplios espacios y excelente distribución: 150 m² de área total y 130 m² de área privada, con estrato 6, que garantizan comodidad y privacidad para toda la familia.Ambientes luminosos y ventilados: Cada espacio está diseñado para aprovechar al máximo la luz natural y la hermosa vista de la ciudad y las mas hermosas  areas verdes que  lo rodeanZona social perfecta para compartir: Relájante con sus zonas sociales y sus dos piscinas bien dotadas, para disfrutar  de reuniones inolvidables o  un dia familiar o con amigosEntretenimiento y diversión para todas las edades: Zona de juegos infantiles y amplios espacios al aire libre, ideales para ejercitarse o pasear en un entorno seguro y tranquilo.Ubicación privilegiada: En la mejor zona de Ciudad Jardín,al lado del Zanjon del Burro o zonas comerciales  Unicentro y Holguines Trade Center.Jardin Plaza  y zonas gastronomicas  parques, centros medicos , cerca a colegios y universidades  , con fácil acceso a las principales vías.Comodidades premium: Parqueadero doble lineal, estudio, depósito, baño social, cocina espaciosa, cuarto de servicio y área de lavandería.Vive rodeado de naturaleza, tranquilidad y todos los servicios que necesitas a solo pasos de tu habitat. ¡No dejes pasar esta oportunidad! Agenda tu visita y descubre el lugar donde tu familia creará los mejores recuerdos.",[],3.3612866,-76.5392949,,,,,,,,,,,,,,2026-08-02
"Apartamento en Venta en Metropolitano del norte, Cali",https://www.fincaraiz.com.co/apartamento-en-venta-en-metropolitano-del-norte-cali/193776672,193776672,https://cdn4.fincaraiz.com.co/repo/img/th.outside384x275.6a0fc0d9ac78e_infocdn__18078-1-1779373142png.png,[],$ 190.000.000,3 Habs. 2 Baños 65 m²,"Apartamento en venta en metropolitano del norte, cali","Apartamento enCali, Valle del cauca",,Llamar,"Apartamento remodelado, ubicado en piso 3, con excelente distribución e iluminación natural. Cuenta con amplia sala comedor, cocina equipada, 3 alcobas con clóset, habitación principal con baño privado y baño social. Sus espacios son cómodos, funcionales y perfectos para disfrutar en familia.La unidad residencial ofrece vigilancia y parqueadero comunitario, brindando comodidad y tranquilidad para sus residentes. Ubicado en una zona estratégica del norte de Cali, con fácil acceso a transporte, comercio, supermercados y servicios.",[],3.482048983444,-76.492030907651,,,,,,,,,,,,,,2026-08-02
"Casa en Venta en Sector la luisa bella suiza, Cali",https://www.fincaraiz.com.co/casa-en-venta-en-sector-la-luisa-bella-suiza-cali/193950000,193950000,https://cdn4.fincaraiz.com.co/repo/img/th.outside384x275.6a47ed689e73f_infocdn__y8y92ppglwphpgh5pq2fywhreefukewslmopabnvjpg.jpg,[],$ 600.000.000,3 Habs. 3 Baños 138 m²,"Casa en venta en sector la luisa bella suiza, cali","Casa enCali, Valle del cauca",,Llamar,"Vivir aquí es despertar rodeado de naturaleza y disfrutar de una tranquilidad absoluta, sin renunciar a la cercanía de la ciudad.Ubicada en el exclusivo sector de Bella Suiza, a solo 5 minutos de la Plaza de Toros, esta casa ofrece un ambiente campestre único, con un clima muy fresco gracias a que no recibe el sol directo de la tarde.El conjunto está conformado por únicamente 16 casas concepto arquitectónico de estilo mediterráneo.Estado: original perfecta para remodelar a tu gusto.Características de la casa●	Área construida: 138 m²●	Casa de dos niveles●	Construcción tradicional con losa y teja de barro●	Madera en cedro●	Pisos originales en cerámica y terraza, muy bien conservados●	Dos parqueaderos cubiertos●	DepósitoPrimer nivel●	Hall de acceso●	Sala y comedor independientes●	Cocina cerrada con posibilidad de integrarla a la zona social●	Tres habitaciones, cada una con baño privado y clóset●	UNA SÚPER TERRAZA cubierta con linda vista hacia zonas verdes.Segundo nivel●	Zona de oficios●	Baño de servicioEl conjunto ofrece●	Portería automática con control de acceso●	Piscina para adultos y niños●	Kiosco BBQ●	Sauna●	Zona de cardio●	Juegos infantiles●	Planta eléctrica para las zonas comunesInformación adicional●	Antigüedad: 35 años●	Administración: $854.000 (descuento por pronto pago: $824.000 antes del día 15)●	Avalúo catastral: $570 millones●	Impuesto predial aproximado: $4 millones al año●	Estado jurídico: libre de deudaPRECIO: $600 MILLONESNegociables",[],3.4023831,-76.5690519,,,,,,,,,,,,,,2026-08-02
Apartamento en Venta en Cali,https://www.fincaraiz.com.co/apartamento-en-venta-en-cali/193993979,193993979,https://cdn4.fincaraiz.com.co/repo/img/th.outside384x275.6a57cb1019a8b_infocdn__gr56897820260715123801jpeg.jpeg,[],$ 1.450.000.000,4 Habs. 5 Baños 200 m²,Apartamento en venta en cali,"Apartamento enCali, Valle del cauca",,Llamar,"Apartamento en Condominio Campestre Palo VerdeUbicación: Sector Pance, Comuna 22, Cali.Características Base:200 m², 4 alcobas con baño + servicio, estudio, terrazas/balcones, 4 parqueaderos. Estrato 6.Valor Solicitado: $1.450.000.000 COP Administración: $1.000.000 COPEl precio propuesto de $1.450.000.000 COP arroja un valor por metro cuadrado de $7.250.000 COP. Este indicador sitúa la propiedad exactamente en el promedio óptimo del mercado actual para inmuebles premium en Pance, lo que la hace altamente competitiva, especialmente si consideramos sus atributos diferenciadores:Dotación de Parqueaderos (Gran Fortaleza): Contar con 4 parqueaderos es un activo escaso y sumamente valorado. El estándar de la zona para 200 m² suele ser de 2, máximo 3 garajes. Este factor por sí solo justifica mantenerse en la franja de los $1.450 millones.Distribución Privada: Que las 4 habitaciones tengan baño en suite y balcón independiente es un requerimiento muy demandado en el estrato 6 de Cali tras la pandemia; garantiza privacidad y ventilación cruzada.Cuota de Administración (Atractivo Financiero): Una administración de $1.000.000 COP para un formato de 200 m² en un condominio campestre con las zonas húmedas y amenidades de Palo Verde es un argumento de cierre contundente. El promedio en Pance para este metraje y nivel de exclusividad suele oscilar entre $1.200.000 y $1.500.000 COP.Agenda ya una visita para conocer el inmueble y presentar una ofert",[],3.3416011,-76.5370473,,,,,,,,,,,,,,2026-08-02
"Apartamento en Venta en Santa monica, Cali",https://www.fincaraiz.com.co/apartamento-en-venta-en-santa-monica-cali/193388327,193388327,https://cdn4.fincaraiz.com.co/repo/img/th.outside384x275.698df117b0a18_infocdn__0ot2z3dqdywpjdzasoasslu2bvthglcd2ionq6tejpg.jpg,[],$ 6.000.000.000,3 Habs. 4 Baños 203 m²,"Apartamento en venta en santa monica, cali","Apartamento enCali, Valle del cauca",,Llamar,"Descubra la exclusividad y el lujo en el sector más prestigioso de Cali, donde este magnífico apartamento se fusiona armoniosamente con una exuberante reserva natural, garantizando un estilo de vida de seguridad y distinción. Sus amplios e interconectados espacios invitan a la contemplación de vistas espectaculares, creando un ambiente de serenidad y disfrute. La propiedad dispone de tres elegantes habitaciones, cada una con su baño privado y terraza, destacando dos de ellas con vestier. Un diseño interior sofisticado integra sala, comedor y una cómoda sala de televisión, complementados por una moderna cocina tipo americana con comedor auxiliar. Para mayor conveniencia, incluye habitación y baño de servicio, además de balcones traseros. La propiedad se beneficia de cinco parqueaderos y tres depósitos. El edificio eleva la experiencia residencial con un impresionante lobby principal, spa, turco, sauna, gimnasio de última generación, piscina, zona de coworking, área de BBQ, zona de juegos infantiles, salón de juegos y amplio parqueadero para visitantes.",[],3.4662662,-76.534273,,,,,,,,,,,,,,2026-08-02
"Apartamento en Venta en Santa monica, Cali",https://www.fincaraiz.com.co/apartamento-en-venta-en-santa-monica-cali/193461861,193461861,https://cdn4.fincaraiz.com.co/repo/img/th.outside384x275.6a344a099a7cd_infocdn__12047-1-1770958263jpg.jpg,[],$ 990.000.000,4 Habs. 3 Baños 254 m²,"Apartamento en venta en santa monica, cali","Apartamento enCali, Valle del cauca",,Llamar,"¡Bienvenido a tu nuevo hogar en este amplio apartamento dúplex de 4 habitaciones y 3 baños! Disfruta de la comodidad de un vestier, estudio y cuarto de servicio. La iluminación natural resalta en cada rincón, desde la sala-comedor hasta el balcón con una espectacular vista a la ciudad. Además, cuenta con zona de ropas, ascensor y parqueadero para visitantes. Ubicado en una zona residencial cerca a supermercados, centros comerciales, colegios y fácil acceso a transporte público. ¡Precio negociable! ¿Listo para vivir la experiencia? ¡Contáctanos ya!",[],3.46801591077,-76.533041669706,,,,,,,,,,,,,,2026-08-02
"Casa en Venta en Ciudad 2000, Cali",https://www.fincaraiz.com.co/casa-en-venta-en-ciudad-2000-cali/193700450,193700450,https://cdn4.fincaraiz.com.co/repo/img/th.outside384x275.69f63921a130a_infocdn__pi6pe61kjs4fyejsl1r5uoc5zmahq8314smncfjkjpg.jpg,[],$ 480.000.000,3 Habs. 3 Baños 240 m²,"Casa en venta en ciudad 2000, cali","Casa enCali, Valle del cauca",,Llamar,"Casa en el barrio ciudad 2000Consta de sala comedor, cocina integral, patio, Cuarto de servicio, 3 habitaciones. 3 baños, parqueadero, cuarto estudio, zona de oficios y terraza",[],3.3918165,-76.5170288,,,,,,,,,,,,,,2026-08-02
"Apartamento en Venta en Ciudad jardin, Cali",https://www.fincaraiz.com.co/apartamento-en-venta-en-ciudad-jardin-cali/192747731,192747731,https://cdn4.fincaraiz.com.co/repo/img/th.outside384x275.6a397658db3fc_infocdn__68996567e40ddjpg.jpg,[],$ 425.000.000,2 Habs. 2 Baños 92 m²,"Apartamento en venta en ciudad jardin, cali","Apartamento enCali, Valle del cauca",,Llamar,"Venta de Hermoso Apartamento en Ciudad Jardín – CaliVive en uno de los sectores más exclusivos y tranquilos de Cali, cerca de universidades, clinicas, estación del MIO, centros comerciales, supermercados y con excelente transporte urbano. Características del apartamento: Sala-comedor amplia y luminosa, Balcón con espectacular vista, sin vecinos al frente,Cocina bierta tipo americana con horno, Zona de oficios, 2 habitaciones (principal con baño privado, vestier y aire acondicionado), Baño auxiliar, Estudio y estar de TV (opción a 3ª habitación), Espacios frescos, iluminados y seguros, Zonas comunes del conjunto: Piscinas para adultos y niños, Salón social, Gimnasio, Cancha de tenis, Juegos infantiles, Lobby y portería con vigilancia 24/7, parqueadero propio, Un lugar ideal para vivir con comodidad, seguridad y excelente ubicación., venta, sólo contado,libre deuda o afectaciones,  Agenda tu cita y enamórate de tu nuevo hogar.",[],3.3647775,-76.526604,,,,,,,,,,,,,,2026-08-02
"Apartamento en Venta en Cuarto de legua - guadalupe, Cali",https://www.fincaraiz.com.co/apartamento-en-venta-en-cuarto-de-legua-guadalupe-cali/193616206,193616206,https://cdn4.fincaraiz.com.co/repo/img/th.outside384x275.6a11d60e15660_infocdn__cda35020-9e98-40e8-a3de-bb711f58c735.jpeg,[],$ 320.000.000,3 Habs. 2 Baños 92 m²,"Apartamento en venta en cuarto de legua - guadalupe, cali","Apartamento enCali, Valle del cauca",,Llamar,"Apartamento dúplex para la venta, ubicado en Cuarto de Legua Cali, con un área construida de noventa y dos metros cuadrados (92) mts². La primer (1) planta consta de sala comedor, cocina integral, alcoba de servicio con baño, zona de ropas y balcón. La segunda (2) planta cuenta con tres (3) alcobas, principal con baño privado y un (1) baño social completo. Ubicado al Sur de Cali, cerca a la universidad Santiago de Cali, en conjunto cerrado con vigilancia 24 horas, no cuenta con ascensor, piscina para niños, juegos infantiles, parqueadero asignado descubierto y bahía para visitantes.  Visítanos en nuestra página web: https://entornoinmobiliaria.com/es/",[],3.4031024709168,-76.555558381092,,,,,,,,,,,,,,2026-08-02
"Apartamento en Venta en Bellavista, Cali",https://www.fincaraiz.com.co/apartamento-en-venta-en-bellavista-cali/193687148,193687148,https://cdn4.fincaraiz.com.co/repo/img/th.outside384x275.69f3850f7f94a_infocdn__5018-15-52420273jpeg.jpeg,[],$ 700.000.000,2 Habs. 3 Baños 92 m²,"Apartamento en venta en bellavista, cali","Apartamento enCali, Valle del cauca",,Llamar,"Venta de hermoso Apto cuenta con Dos habitaciones cada una con baño, Sala comedor, Cocina amplia, Balcón, Baño social, Excelentes acabados, cuenta con 2 parqueaderos,Piso alto, hermosa Vista verde y de la ciudadSector muy fresco y ventiladoExcelente zona social",[],3.44571,-76.55139,,,,,,,,,,,,,,2026-08-02
"Apartamento en  Venta en Santa monica, Cali",https://www.fincaraiz.com.co/apartamento-en-venta-en-santa-monica-cali/191576685,191576685,https://cdn4.fincaraiz.com.co/repo/img/th.outside384x275.6a3ef0aeb9ddb_infocdn__gr336181120240711123836jpg.jpg,[],$ 990.000.000,4 Habs. 5 Baños 245 m²,"Apartamento en  venta en santa monica, cali","Apartamento enCali, Valle del cauca",,Llamar,LEO se vende penthouse en santa monica alta en piso 8 de 245 m2 es apartamento por piso sector muy tranquilo aire puro canto de pajaros espectacular vista panoramica a la ciudad de cali se ve la cordillera desde el area social vista al bosque nativo cerro de las tres crucruces desde las habitaciones esta totalmente remodelado es de un solo nivel es apropiado para personas mayores que buscan tranquilidad y seguridad amplia zona social espaciosa cocina integral con closet para vajillas zona de lavanderia separada  habitacion de servicio comodo estudio tres habitaciones con aire acondicionado y bibliotecas empotradas vestier cinco baños dos garajes paralelos al mismo nivel  un deposito planta de cubrimiento total  tanque de agua para tres dias ascensor otis modernizado en el 2019 porteria las 24 horas,[],3.4660284,-76.5342196,,,,,,,,,,,,,,2026-08-02
"Casa en Venta en Santa rita, Cali",https://www.fincaraiz.com.co/casa-en-venta-en-santa-rita-cali/193160507,193160507,https://cdn4.fincaraiz.com.co/repo/img/th.outside384x275.692f2acf895ec_infocdn__property-11047-1-1764604583-imagenjpg.jpg,[],$ 980.000.000,3 Habs. 4 Baños 221 m²,"Casa en venta en santa rita, cali","Casa enCali, Valle del cauca",,Llamar,"Esta casa ubicada en Santa Rita tiene una remodelación que conecta la naturaleza y la luz natural de una forma elegante.Adicional tiene un espacio con entrada independiente para oficina con salida al río.Área Casa 221 M2,Terraza de 97 M2,Habitación Principal con baño, vestier y balcón,Habitación secundaria con baño con vista al rio y Aire Acondicionado,Amplia sala de TV con Baño (posibilidad de cerrar y volver 3er cuarto),Baño Social,Cocina abierta,1 Parqueadero interno con Depósito.Sistema integral de Alarma y Camaras con esquema de seguridad reforzado.Oficina (ó Extensión Casa)126 M2 con Patio y salida al Rio,Entrada independiente,Dos habitaciones,1 baño,Amplio espacio de sala-comedor con bodega (fotos sala de televisión),Cuarto de servicio con Baño,Cocina interna,Patio al rio con cerramiento reforzado e integrado con sistema integral de seguridad de la Casa,",[],3.452382881035,-76.548501292368,,,,,,,,,,,,,,2026-08-02
"Apartamento en venta en El refugio, Cali",https://www.fincaraiz.com.co/apartamento-en-venta-en-el-refugio-cali/8049246,8049246,https://cdn4.fincaraiz.com.co/repo/img/th.outside384x275.6a4682d31f87c_infocdn__0fdf060b-4df9-44a2-be0e-6466f861c707.jpeg,[],$ 330.000.000,3 Habs. 3 Baños 110 m²,"Apartamento en venta en el refugio, cali","Apartamento enCali, Valle del cauca",,Llamar,"VIVE EN EL  SUR DE CALI UNA ZONA TRANQUILA  DE LA CIUDAD, ESTA OPORTUNIDAD ES PARA TI, APARTAMENTO DÚPLEX DE 110M2 CUARTO PISO, AL INTERIOR DEL APARTAMENTO EN EL PRIMER NIVEL CUENTA CON SALA COMEDOR AMPLIA, COCINA INTEGRAL CON GAS NATURAL ALCOBA DEL SERVICIO CON BAÑO Y ZONA DE ASEOS.EN EL SEGUNDO NIVEL CUENTA CON TRES ALCOBAS CON CLOSET, LA PRINCIPAL CON AIRE ACONDICIONADO Y BAÑO, CUENTA CON ESPACIO PARA ESTUDIO Y BAÑO AUXILIAR DE ALCOBAS, CALENTADOR A GAS.CUENTA CON UN PARQUEADERO CUBIERTO EN SÓTANO,LA UNIDAD CUANTA CON ZONAS SOCIALES SALÓN COMÚN Y PISCINAS VIGILANCIA 247 NO CUENTA CON ASCENSOR.  ***",[],3.40001,-76.556236,,,,,,,,,,,,,,2026-08-02
"Apartamento en Venta en Chipichape, Cali",https://www.fincaraiz.com.co/apartamento-en-venta-en-chipichape-cali/193606919,193606919,https://cdn4.fincaraiz.com.co/repo/img/th.outside384x275.69d6ca0f5bfe5_infocdn__69-1-1774541527-1jpg.jpg,[],$ 740.000.000,3 Habs. 3 Baños 130 m²,"Apartamento en venta en chipichape, cali","Apartamento enCali, Valle del cauca",,Llamar,"Se Ofrece En Venta, En El Sector De Chipichape-Cali, Hermoso Apartamento De 130mt2 Construidos, Más 90 Mt2 De Terraza, Ubicado En Doceavo Piso. El Apartamento Posee Excelente Iluminación, Ventilación Natural Y Hermosa Vista A Los Cerros Y Zona Norte De La Ciudad. Cuenta Con Sala Comedor, Balcón Amplio, Tres Alcobas Con Closet, La Principal Con Baño, Lavamanos Doble, Closet Amplio Y Acceso Al Balcón. Cocina Integral Equipada Con Horno, Estufa Y Extractor, Sala De Televisión O Estudio, Baño De Alcobas Completo, Baño Social, Zona De Oficios Independiente Con Lavadero, Hall De Ingreso Y Hall De Alcobas, 2 Parqueaderos Paralelos Cubiertos, 2 Depósitos. La Zona Social Tiene Piscina Adulto Y Niños, Dos Salones Sociales Con Aire Acondicionado, Gimnasio, Salón Amplio Con Piso En Madera Y Espejos Apto Para Baile O Yoga, Juegos Para Niños, Cancha Mini Fútbol, 2 Salones De Juegos Para Niños, Jacuzzi, Sauna, Turco. Hall De Acceso Amplio Con Salas De Espera, 2 Ascensores. Portería Y Vigilancia 2",[],3.47995,-76.52696,,,,,,,,,,,,,,2026-08-02
"Casa en Venta en Valle del Lili, Cali",https://www.fincaraiz.com.co/casa-en-venta-en-valle-del-lili-cali/193553468,193553468,https://cdn4.fincaraiz.com.co/repo/img/th.outside384x275.6a4ff915c6732_infocdn__gr1541891820260323113204jpg.jpg,[],$ 500.000.000,3 Habs. 4 Baños 136 m²,"Casa en venta en valle del lili, cali","Casa enCali, Valle del cauca",,Llamar,"Casa en venta en condominio cerrado de tres pisos con un área de 136.75mts² construidos y parqueadero propio doble lineal cubierto, ubicada en el barrio Valle del Lili, Sur de Cali.Características destacadas:3 habitaciones4 baños2 estudiosSala comedor ampliaZona de oficiosVista a parqueServicios y amenidades:Portería con vigilancia 24/7.Circuito cerrado de televisión.Piscina.Zonas verdes.Salón social.Zona de juegos para niños.No dejes pasar esta oportunidad única de vivir en un lugar lleno de comodidades y en un ambiente agradable.",[],3.3758260312343,-76.520419120789,,,,,,,,,,,,,,2026-08-02
"Lote en Venta en La Riverita, Cali",https://www.fincaraiz.com.co/lote-en-venta-en-la-riverita-cali/193279419,193279419,https://cdn4.fincaraiz.com.co/repo/img/th.outside384x275.6969975ceaf84_infocdn__12bxsnlvsfeqd14w4z5kaqxf8x2yaksqwtowzep2jpg.jpg,[],$ 1.300.000.000,1820 m²,"Lote en venta en la riverita, cali","Lote enCali, Valle del cauca",,Llamar,"Se Vende Lote independiente esquinero en La Riverita. Residencial.Esta es una parcelación campestre compuesta por 80 predios bajo el régimen de Propiedad horizontal.Cuenta con vigilancia motorizada 24 horas, acueducto propio que sumunistra agua 24/7, amplia zona verde, un lago central, vias pavimentadas y un bosque de 26 hectareas.Alumbrado público adicional con lámparas y reflectores solares.Consta de trodos los servicios.Contacto: ***, Luz Anny Peña",[],3.349195,-76.5564741,,,,,,,,,,,,,,2026-08-02
"Apartamento en Venta en Ciudadela pasoancho, Cali",https://www.fincaraiz.com.co/apartamento-en-venta-en-ciudadela-pasoancho-cali/193336644,193336644,https://cdn4.fincaraiz.com.co/repo/img/th.outside384x275.697b793bec355_infocdn__si4cbbktzb12kvxabbh1tbydkifetarsncwwsldfjpg.jpg,[],$ 650.000.000,3 Habs. 4 Baños 125 m²,"Apartamento en venta en ciudadela pasoancho, cali","Apartamento enCali, Valle del cauca",,Llamar,"BROKERS Y ASOCIADOS vende esta oportunidad excepcional en el exclusivo conjunto ""Siete Maravillas"". Este apartamento de 125 m², ubicado en un edificio con diseño y construcción de alta calificación, ofrece un estilo de vida inigualable. El complejo se compone de 4 torres y 2 porterías, con un parqueo semisótano, aislado y sumamente cómodo. Disfrute de un amplio Salón Social climatizado con cocineta, un salón de eventos al aire libre y una zona de asados. Las piscinas para adultos y niños, con su propia zona social, junto al sauna y turco, garantizan momentos de relajación y esparcimiento. Las agradables zonas verdes, senderos y plazuelas complementan un entorno sereno. La administración es ejemplar, manteniendo jardines y fachadas impecables, y el vecindario es reconocido por su amabilidad y solidaridad.El apartamento, situado en un noveno piso, ofrece una vista panorámica de 300° que le dejará sin aliento. Su privacidad es incomparable, con solo 2 apartamentos por piso, servidos por 2 ascensores por torre, un entrepiso de gran espesor y la ausencia de paredes colindantes. Ha sido objeto de remodelaciones moderadas que realzan sus pisos, baños y cocina, complementadas por una fina carpintería en madera. La zona de alcobas, completamente aislada, consta de 3 amplias habitaciones; la principal cuenta con vestier, baño privado (con instalación para A/A) y un baño adicional para las otras dos. Un estudio cerrado, ideal para trabajar o como salón de música, está equipado con escritorio, cajoneras y armarios para archivos. La amplia Zona Social, que integra Sala y Comedor, invita a la convivencia y al disfrute.SI PUEDES SOÑARLO ...PUEDES VIVIRLO.",[],3.3867999,-76.5374239,,,,,,,,,,,,,,2026-08-02
"Apartamento en Venta en Cachipay, Cali",https://www.fincaraiz.com.co/apartamento-en-venta-en-cachipay-cali/191470174,191470174,https://cdn4.fincaraiz.com.co/repo/img/th.outside384x275.6a68212c7dcda_infocdn__11411-2-1727122786jpg.jpg,[],$ 210.000.000,2 Habs. 1 Baño 60 m²,"Apartamento en venta en cachipay, cali","Apartamento enCali, Valle del cauca",,Llamar,"Descubre este encantador apartamento ubicado en una zona privilegiada de Ciudad Meléndez.  Con 2 habitaciones y 1 baño, además cuenta con el espacio para baño privado en la habitación principal. Este espacio ofrece comodidad y funcionalidad para tu día a día. Con 60.34 metros cuadrados, cada rincón ha sido diseñado con atención al detalle. Se deben hacer los acabados, el apartamento está en obra gris. Cuenta con 1 parqueadero privado, es una gran ventaja garantizando seguridad para su vehículo. Disfruta de una atmósfera acogedora y moderna en este hogar que espera ser parte de tu historia. ¡No pierdas la oportunidad de hacerlo tuyo hoy!",[],3.361435357812,-76.54540996917,,,,,,,,,,,,,,2026-08-02
"Apartamento en Venta en Santa isabel, Cali",https://www.fincaraiz.com.co/apartamento-en-venta-en-santa-isabel-cali/193677541,193677541,https://cdn4.fincaraiz.com.co/repo/img/th.outside384x275.6a6d0d73c7b9c_infocdn__gr165311220260426095121jpeg.jpeg,[],$ 560.000.000,3 Habs. 3 Baños 118 m²,"Apartamento en venta en santa isabel, cali","Apartamento enCali, Valle del cauca",,Llamar,"VENTA DE HERMOSO, ILUMINADO Y AMPLIO APARTAMENTO UBICADO EN EL BARRIO SANTA ISABEL, CON UNA VISTA PANORAMICA HACIA CRISTO REY Y LAS TRES CRUCES, PISO SEXTO  CON ASCENSOR. CONSTA DE UNA AMPLIA SALA COMERDOR, 2BALCONES.  COCINA ABIERTA, HALL DE ENTNRADA, 3 HABITACIONES, 3 BAÑOS, EL CUARTO PPAL CON BALCON Y VESTIER,BAÑO, HALL DE TV O ESTUDIO INDEPENDIENTE, DOS PARQUEADEROS, DEPOSITO. EL EDIFICIO TIENE  UN GRAN SALON SOCIAL EN EL PRIMER PISO Y UNA TERRAZA EN EL ULTIMO PISO CON COCINETA Y VISTA A TODA LA CIUDAD DE CALI.CERCA DE IMBANACO, Y CENTROS COMERCIALES",[],3.4242213911021,-76.540485197069,,,,,,,,,,,,,,2026-08-02
"Apartamento en Venta en La flora, Cali",https://www.fincaraiz.com.co/apartamento-en-venta-en-la-flora-cali/193950573,193950573,https://cdn4.fincaraiz.com.co/repo/img/th.outside384x275.6a48094a312f1_infocdn__x8qfzofmgsmv18md78kyhsohziulcifkqge9rfhojpg.jpg,[],$ 420.000.000,2 Habs. 2 Baños 78 m²,"Apartamento en venta en la flora, cali","Apartamento enCali, Valle del cauca",,Llamar,"Apartamento en excelente ubicación con 78m2 construidos, consta de sala comedor, cocina integral abierta, zona de ropas, balcón hall de tv o estudio, 2 alcobas, la principal con baño y walking closet, posibilidad de 3 habitación, 1 parqueadero en sótano, piscina, zona infantil, gimnasio, salón social, en una de las zonas de más valorización en el norte de la ciudad, ideal para tu familia.",[],3.4835232,-76.5235328,,,,,,,,,,,,,,2026-08-02
"Apartamento en Venta en El refugio, Cali",https://www.fincaraiz.com.co/apartamento-en-venta-en-el-refugio-cali/193847181,193847181,https://cdn4.fincaraiz.com.co/repo/img/th.outside384x275.6a6def7b61a00_infocdn__gr-se-vende-apartamento-duplex-en-1780702008-2967-4424jpeg.jpeg,[],$ 430.000.000,3 Habs. 4 Baños 165 m²,"Apartamento en venta en el refugio, cali","Apartamento enCali, Valle del cauca",,Llamar,"APARTAMENTO DÚPLEX EN VENTA – EL REFUGIO, CALI? El Refugio, uno de los barrios más tradicionales, residenciales y familiares del sur de Cali.Características Generales? Área: 110 m² + ampliación de 10 m²? Terraza privada: 45 m² con espectacular vista 360° sobre la ciudad? Piso 7? Valor de venta: $450.000.000 negociablesDistribuciónNivel de accesoAmplia sala comedor con techos de gran alturaBalcón con excelente iluminación naturalCocina integralBaño socialNivel inferior3 habitaciones2 bañosEstudio amplio completamente amobladoTerraza privada de 45 m²Cuarto de bodega de gran tamaño o habitación de servicio con baño.Adicionales✔ 2 parqueaderos cubiertos lineales✔ Excelente ventilación e iluminación natural✔ Remodelado hace 10 años y conservado en excelente estado✔ Espacios amplios y funcionales✔ Vista panorámica privilegiada de la ciudad✔️Zona social con piscina.Ubicación EstratégicaUbicado en una zona residencial de alta valorización, cerca de supermercados, centros comerciales, colegios, universidades, clínicas y principales vías de acceso, combinando tranquilidad, comodidad y conectividad.Una excelente oportunidad para quienes buscan amplitud, una gran terraza privada y una ubicación privilegiada en el sur de Cali.? Contáctanos para agendar tu visita y conocer esta magnífica propiedad.",[],3.4147201724948,-76.541014124511,,,,,,,,,,,,,,2026-08-02
"Apartamento en Venta en El ingenio, Cali",https://www.fincaraiz.com.co/apartamento-en-venta-en-el-ingenio-cali/193584991,193584991,https://cdn4.fincaraiz.com.co/repo/img/th.outside384x275.6a568fd588921_infocdn__8014979-1-1774990032jpg.jpg,[],$ 620.000.000,3 Habs. 3 Baños 130 m²,"Apartamento en venta en el ingenio, cali","Apartamento enCali, Valle del cauca",,Llamar,"Descubre este acogedor apartamento dúplex en venta ubicado en El Ingenio I, uno de los sectores más tradicionales y estratégicos del sur de Cali. Con un área de 130 m², ofrece una excelente distribución que separa de manera inteligente las zonas sociales y privadas, brindando mayor comodidad y privacidad; en el primer nivel encontrarás una zona social iluminada y ventilada, ideal para compartir en familia o con amigos, mientras que en el segundo nivel se ubican sus 3 habitaciones, garantizando tranquilidad e independencia. El inmueble cuenta con 3 baños en total, 2 parqueaderos y 1 depósito, aportando funcionalidad y espacio adicional de almacenamiento. Ubicado en un entorno residencial tranquilo, con fácil acceso a vías principales, parques, supermercados, colegios y zonas comerciales, este apartamento es ideal tanto para vivir como para invertir, siendo una excelente oportunidad para quienes buscan ubicación, amplitud y valorización en el sur de la ciudad.",[],3.381143198981,-76.535080278092,,,,,,,,,,,,,,2026-08-02
"Local en venta en Prados del norte, Cali",https://www.fincaraiz.com.co/local-en-venta-en-prados-del-norte-cali/10922146,10922146,https://d3s5pkt10pk3ga.cloudfront.net/resizedImages/384x275/site/fincaraiz_service/media/listing/87aba832-cae9-452e-8d2c-4341630d7653/photos/87aba832-cae9-452e-8d2c-4341630d7653_1_True_c175e8b8-ec74-4415-9424-15d561376199.jpg,[],$ 5.900.000.000,1 Ambiente 1023 m²,"Local en venta en prados del norte, cali","Local Comercial enCali, Valle del cauca",,Llamar,"Local Comercial Esquinero con Area de 1023 Metros, Ubicado Norte de Cali, Con Frente Sobre la AV. 3a NTE Con Cra 36. Antiguo Almacen Olimpica, en la Comuna número 2 La Flora, en el Barrio Prados del Norte. La comuna 2 de La Flora se encuentra ubicada en el noroeste de la zona urbana de la ciudad de Cali, donde limita al norte con el municipio de Yumbo, al oriente con las comunas 6 y 4, con la comuna 1 al occidente y al sur con la comuna 3 y 19 que corresponden al centro de la ciudad. A su alrededor se encuentran múltiples sitios de interés, tales como los centros comerciales Centenario, Chipichape, La Pasarela y Pacific Mall. Clínicas y Hospitales como Versalles, La Campiña, Sebastián de Belalcázar, Occidente y DIME, junto a sitios importantes como el Museo de Arte Moderno La Tertulia, Parque Versalles, Parque de las Caracolas, Centro de Eventos Alférez Real, El Monumento a la Solidaridad y el Zoológico de Cali. Ideal Supermercados, Centro de Salud, Serviteca, Institucion Educativa, IPS, Asesor: Carlos Ortiz E mail:[email protected]",[],3.4767223,-76.5213648,,,,,,,,,,,,,,2026-08-02
"Casa en Venta en Valle del Lili, Cali",https://www.fincaraiz.com.co/casa-en-venta-en-valle-del-lili-cali/193807607,193807607,https://cdn4.fincaraiz.com.co/repo/img/th.outside384x275.6a1748384a850_infocdn__pjpgmquh5d9ytroarwoeqb4kiinkti9gfcpwady9jpg.jpg,[],$ 480.000.000,3 Habs. 4 Baños 135 m²,"Casa en venta en valle del lili, cali","Casa enCali, Valle del cauca",,Llamar,"Se Vende Espectacular Casa en Condominio Samanes del Lili – 3 Niveles con Excelente Distribución y Potencial de AmpliaciónUbicada en uno de los sectores de mayor valorización del sur de Cali, esta hermosa casa ofrece espacios amplios, iluminados y funcionales, ideales para disfrutar en familia.Distribución del inmueble:Primer NivelSala comedor amplia e iluminada con posibilidad de ampliaciónCocina integral moderna e iluminadaCuarto de servicio con bañoZona de lavado independienteBaño socialCuarto de televisiónPatio amplioSegundo Nivel2 habitaciones con closet de piso a techo, una de ellas con balcónEstudioBaño social completoTercer NivelHabitación principal con baño privado, balcón y 2 closets de piso a techoEspacio adicional ideal para estudio o sala de TVPosibilidad de ampliaciónDos parqueaderos linealesLa unidad residencial cuenta con excelentes zonas sociales:Piscina para adultos y niñosSalón socialTerraza para bronceoParque infantilCancha múltipleSeguridad privada 24 horasCircuito cerrado de televisiónValor: $475.000.000 poco negociablesUna excelente oportunidad para vivir con comodidad, seguridad y tranquilidad en el sur de Cali.",[],3.3789734,-76.5215203,,,,,,,,,,,,,,2026-08-02
"Apartamento en Venta en Santa monica, Cali",https://www.fincaraiz.com.co/apartamento-en-venta-en-santa-monica-cali/193743402,193743402,https://cdn4.fincaraiz.com.co/repo/img/th.outside384x275.6a395ca826e6c_infocdn__6a03bfec7288ajpg.jpg,[],$ 550.000.000,3 Habs. 3 Baños 158 m²,"Apartamento en venta en santa monica, cali","Apartamento enCali, Valle del cauca",,Llamar,"APARTAMENTO TOTALMENTE REMODELADO B/ SANTA MÓNICA RESIDENCIAL Vivir con amplitud, comodidad y una energía hermosa sí es posible. Este espectacular apartamento remodelado de 150 m², ubicado en una de las zonas más exclusivas y tranquilas del norte, fue pensado para familias que valoran los espacios generosos Cuenta con: 3 amplias alcobas 3 baños  1 parqueadero  Moderna cocina remodelada con isla Espacios amplios, iluminados y frescos Excelente distribución y ambientes acogedores Jacuzzi ideal para relajarse y disfrutar en casa  Ubicación privilegiada en Santa Mónica ResidencialCada rincón de este apartamento transmite armonía, confort y elegancia. Su remodelación le da un estilo moderno y funcional, perfecto para quienes desean mudarse a un hogar listo para disfrutar. Ideal para familias que buscan vivir en el norte, en un apartamento amplio, remodelado y con una sensación de hogar realmente especial.",[],3.4722439,-76.5274092,,,,,,,,,,,,,,2026-08-02
"Apartamento en Venta en Quintas de don simon, Cali",https://www.fincaraiz.com.co/apartamento-en-venta-en-quintas-de-don-simon-cali/193645856,193645856,https://cdn4.fincaraiz.com.co/repo/img/th.outside384x275.69e29d91883b0_infocdn__s6bfdnus7erkbvo15yy3ermtydmyavo7hfizf7cqjpg.jpg,[],$ 330.000.000,3 Habs. 3 Baños 92 m²,"Apartamento en venta en quintas de don simon, cali","Apartamento enCali, Valle del cauca",,Llamar,"Descubra este encantador apartamento en venta, con un diseño mediterráneo-contemporáneo, este hogar ofrece 3 baños, parqueadero privado y amplias zonas verdes a su alrededor, garantizando un ambiente sereno y acogedor para usted y su familia. El complejo se distingue por sus fachadas blancas, techos de teja y balcones, evocando la calidez del estilo mediterráneo. Disfrute de un espacioso garaje techado,  un pintoresco patio rústico con baldosas de terracota. Elementos como el balcón y los pisos en baldosa/mármol añaden un toque de distinción a cada espacio.  Uno de los mayores atractivos es su espectacular terraza, equipada con Zona de BBQ y fregadero, perfecta para el esparcimiento al aire libre y reuniones memorables. Las palmeras que adornan las zonas verdes refuerzan el ambiente de oasis, mientras que la configuración de vivienda multifamiliar ofrece comodidad y privacidad. Una oportunidad única para vivir el estilo de vida que siempre ha deseado. Ubicado en CUARTO PISO SIN ASCENSOR.",[],3.3903555,-76.5362646,,,,,,,,,,,,,,2026-08-02
"Apartamento en Venta en El ingenio, Cali",https://www.fincaraiz.com.co/apartamento-en-venta-en-el-ingenio-cali/193606940,193606940,https://cdn4.fincaraiz.com.co/repo/img/th.outside384x275.69d6c348a11da_infocdn__55-1-1774540511-1jpg.jpg,[],$ 325.000.000,2 Habs. 1 Baño 62 m²,"Apartamento en venta en el ingenio, cali","Apartamento enCali, Valle del cauca",,Llamar,"CENTURY 21GYG Vende Apartamento Para Inversionista  Iluminado En Edificio Con Excelente Ubicación En El Barrio El Ingenio-Cali. 2do Piso Con Ascensor Con área Construida De 62m2. Distribuido En Sala Comedor, Amplia Balcon, Cocina Integral, Zona De Oficios,  2 Alcobas Con Closet, 1 Baño,  2 Parqueadero En Sótano Y  Depósito. Cerca Al Parque Del Ingenio, Unicentro, Facilidad De Transporte, Portero Medio Día. Precio $325.000.000 . ¡Es Una Excelente Oportunidad De Comprar Vivienda Con La Ubicación Perfecta!!!  E.J.",[],3.3840355,-76.5330429,,,,,,,,,,,,,,2026-08-02
"Casa en Venta en Santa teresita, Cali",https://www.fincaraiz.com.co/casa-en-venta-en-santa-teresita-cali/192989232,192989232,https://cdn4.fincaraiz.com.co/repo/img/th.outside384x275.68f14462195b8_infocdn__gtr3stkthe0qacfnfcovbkiospkrhcjnizj9nimopng.png,[],$ 927.100.000,4 Habs. 4 Baños 301 m²,"Casa en venta en santa teresita, cali","Casa enCali, Valle del cauca",,Llamar,"Casa urbana medianera con las siguientes dependencias: Sala, comedor, cocina, Patio interior, cuarto de servicio con baño,  estudio, 4 habitaciones,  un baño privado, dos baños sociales,  garaje cubierto. Vetustez 54 años.",[],3.450209,-76.5559352,,,,,,,,,,,,,,2026-08-02
"Casa en Venta en Pance, Cali",https://www.fincaraiz.com.co/casa-en-venta-en-pance-cali/192911687,192911687,https://cdn4.fincaraiz.com.co/gen-ai/th.outside384x275.enhanced_image_20251002201202.png,[],$ 1.450.000.000,4 Habs. 5 Baños 400 m²,"Casa en venta en pance, cali","Casa enCali, Valle del cauca",,Llamar,"Descubra la casa de sus sueños en Pance, un exclusivo condominio de solo 12 residencias que ofrece privacidad y un estilo de vida inigualable. Esta magnífica propiedad se asienta sobre un lote de 700 m², con una construcción de 400 m².Desde el momento en que llega, será recibido por un amplio parqueadero con capacidad para 4 vehículos. El primer piso deslumbra con una espaciosa sala y comedor, una cocina moderna equipada con alacenas de alta calidad, una práctica zona de oficios, y un cuarto de servicio con baño. Además, cuenta con una oficina privada, un baño social y un ingenioso espacio de almacenamiento bajo la escalera. Disfrute de un amplio estadero que se integra armoniosamente al jardín y a una vasta zona verde, ideal para el entretenimiento y la relajación.El segundo piso es un santuario de confort, con un área de TV o sala auxiliar perfecta para el esparcimiento familiar. Dos habitaciones comparten un baño elegantemente diseñado, mientras que otra habitación adicional cuenta con su propio baño privado. Todas las habitaciones están equipadas con amplios clósets. La suite principal es un verdadero oasis, con un generoso vestier, clóset y un espacioso baño, complementado por un área adicional que puede adaptarse como sala de TV privada o cualquier otro destino según sus necesidades.La administración, con un valor de $1.400.000, incluye gas, agua potable, mantenimiento del prado y el servicio de una planta eléctrica que garantiza energía para toda la casa, brindándole tranquilidad y comodidad.Esta propiedad, con un precio de $1.450.000.000, se encuentra en un terreno totalmente plano dentro de un condominio consolidado, con infraestructura vial de primera y todos los servicios públicos. El conjunto ofrece portería, una refrescante piscina para adultos y niños, una cancha recreativa de microfútbol y una moderna unidad de almacenamiento de residuos (UAR). Los espacios son amplios, con acabados de la más alta calidad y un entorno natural que invita a la serenidad.La ubicación es insuperable, con múltiples vías de acceso como la Avenida La María, Avenida El Banco, Callejón de las Chuchas, vía La Buitrera y Avenida Cañasgordas. Disfrute de la cercanía a prestigiosos colegios, universidades, clínicas (Fundación Valle del Lili, Imbanaco Ciudad Jardín, Sanitas, Sura), centros médicos, laboratorios clínicos, zonas de comercio, restaurantes, centros comerciales (Jardín Plaza y Unicentro a solo 25 minutos), notarías y clubes sociales. Todo esto, en un clima aún más fresco y con aire puro, que eleva su calidad de vida.",[],3.3323675,-76.542815,,,,,,,,,,,,,,2026-08-02
"Casa en Venta en Urbanizacion san joaquin, Cali",https://www.fincaraiz.com.co/casa-en-venta-en-urbanizacion-san-joaquin-cali/192986019,192986019,https://cdn4.fincaraiz.com.co/repo/img/th.outside384x275.690709c2b050a_infocdn__5987-1-1760564988-1jpg.jpg,[],$ 800.000.000,5 Habs. 5 Baños 170 m²,"Casa en venta en urbanizacion san joaquin, cali","Casa enCali, Valle del cauca",,Llamar,"Casa de tres pisos en unidad residencial con excelentes amenidadesModerna casa de tres niveles, diseñada para ofrecer confort y amplitud en cada espacio. Cuenta con 5 habitaciones y 4 baños, además de habitación de servicio. La habitación principal dispone de un elegante jacuzzi, vestier y balcón privado, mientras que una de las habitaciones secundarias también cuenta con vestier, baño y balcón, brindando privacidad y comodidad.La propiedad posee calentador, dos accesos independientes y espacio para dos parqueaderos.Ubicada en una unidad residencial completa, que ofrece piscina, gimnasio y zonas comunes ideales para disfrutar en familia. Una excelente opción para quienes buscan vivir en un entorno tranquilo, seguro y con todas las comodidades modernas.",[],3.376895996452,-76.525965880848,,,,,,,,,,,,,,2026-08-02
"Apartamento en Venta en Ciudad jardin, Cali",https://www.fincaraiz.com.co/apartamento-en-venta-en-ciudad-jardin-cali/193576480,193576480,https://cdn4.fincaraiz.com.co/repo/img/th.outside384x275.69c898e8836c9_infocdn__4eqdaffqbch9xicygcrnzpceirnajsaaachtly7xjpg.jpg,[],$ 940.000.000,3 Habs. 4 Baños 143 m²,"Apartamento en venta en ciudad jardin, cali","Apartamento enCali, Valle del cauca",,Llamar,VENDO EspectacularApartamento  en  Exclusivo Condominio en Ciudad JardínPiso  Intermedio  AltoVista  a Los Farallones y a la CiudadÁrea: 143.1 M2 + Balcón de 14 M2Cocina IntegralSalaComedorSala de T.VEstudio3 habitaciones  con bañoCada unaLa Habitación Ppal con Vestier y SalaBaño socialZona de ropaEdificio Con Solarium y vista  a Cali 360 grados. Gimnasiobarbillarsalón de juegos para niños en primer pisoPiscinasSaunaTurcoJuegos infantileslobby a la EntradaParqueaderos de visitantes2 parqueaderosParalelosDepósitoPrecio: 940 mlls,[],3.3647946,-76.5372525,,,,,,,,,,,,,,2026-08-02
"Apartamento en  Venta en Pance, Cali",https://www.fincaraiz.com.co/apartamento-en-venta-en-pance-cali/192101520,192101520,https://cdn4.fincaraiz.com.co/repo/img/th.outside384x275.6a3c08d4b98ce_infocdn__gr2025020112195985098537145jpg.jpg,[],$ 2.550.000.000,4 Habs. 5 Baños 404 m²,"Apartamento en  venta en pance, cali","Apartamento enCali, Valle del cauca",,Llamar,"SE VENDE PENTHOUSE DUPLEX 12 DOCEAVO PISO EN PANCE DE CALI RP. Con una area de 404 metros, tiene ascensor dentro del penthouse, en el primer piso cuenta con espacios muy amplios, hay un cuarto con baño, sala, Comedor, balcon o terraza, súper grande con la mejor vista a los farallones de Cali, baño social, cocina americana, zona de oficios, habitación de servicio con baño, en el segundo piso está la habitación principal con baño y vestier, y dos habitaciones con baño y vestiers + una habitación pequeña auxiliar, 6 parqueaderos y depósito. El condominio cuenta con unas estupendas amenidades como piscina, jacuzzi, sauna, turco, piscina romana, GYM zona infantil juegos para niños, salón de squash . Ven te esperamos agenda tu cita ï¸",[],3.3535081049832,-76.543245350064,,,,,,,,,,,,,,2026-08-02
"Casa en Venta en Pance, Cali",https://www.fincaraiz.com.co/casa-en-venta-en-pance-cali/193423458,193423458,https://cdn4.fincaraiz.com.co/repo/img/th.outside384x275.699a2ffa198b7_infocdn__hsayhwnsy2bnhwpxtdmumfq2xtjvwmksvqcatgomjpg.jpg,[],$ 1.250.000.000,7 Habs. 6 Baños 405 m²,"Casa en venta en pance, cali","Casa enCali, Valle del cauca",,Llamar,"Casa tipo campestre ubicada en sitio preferencial, detrás de la Universidad San Buenaventura, cerca al Club de Equitación y una zona verde cedida como parque de 32.000 m2. Cerca de la avenida Cañas Gordas, la carrera 100 y centros comerciales como Jardín Plaza, Unicentro, Lago Verde, Marbella, etc., cerca de la Universidad San Buenaventura, con facilidad de acceso vial y con rutas de acceso a vías principales para ingreso o salida del barrio; cuenta con tres niveles, distribuidos de la siguiente forma:Semisótano con un área de 82 M2, como zona social, estar de televisión, sala TV con AA, dos cuartos, baño social, bar, terraza descubierta, zona verde, jacussi.Primer Nivel: con acceso directo del exterior con un área de 138 M2 que funciona como sala de recibo, salón comedor amplio con balcón, cocina abierta, zona de ropas y oficios, cuarto servicio con baño y ducha.Segundo Nivel: Con un área de 119 M2, alcoba Principal. con vestier, baño y ducha, balcón y AA; dos cuartos auxiliares cada uno con baño y ducha y balcón y un cuarto huéspedes con baño y ducha.La unidad cuenta con:•	Planta eléctrica para todo el conjunto•	Piscina adultos y piscina niños con cerramiento y equipos solicitados por Secretaria de Salud.•	Zona juegos niños•	Riachuelo que atraviesa el conjunto en forma lateral cuya agua es utilizada para riego de jardines en cada casa y lavar zonas comunes sin costo.•	Cerca Eléctrica con sensores•	Vías en adoquín de grees.•	Suministro de agua por Acueducto Aprofinca•	Iluminación interna en faroles luz led ubicados en cada casa",[],3.3486089476049,-76.547895646033,,,,,,,,,,,,,,2026-08-02
"Casa en venta en El Castillo, Cali",https://www.fincaraiz.com.co/casa-en-venta-en-el-castillo-cali/11021898,11021898,https://cdn4.fincaraiz.com.co/repo/img/th.outside384x275.69fb933c77beb_infocdn__c569e517-b82d-49b3-bb5c-bec899b9a1c7.jpeg,[],$ 450.000.000,3 Habs. 3 Baños 93 m²,"Casa en venta en el castillo, cali","Casa enCali, Valle del cauca",,Llamar,"ARTEMO Y BIENES SAS, VENDE GRAN OPORTUNIDAD!  CON EXCELENTE PRECIO, CASA EN OBRA GRIS EN EL CR GIRASOLES DEL CASTILLO. CASA DE DOS PISOS CON 3 HABITACIONES, PRINCIPAL CON BAÑO Y VESTIER, BAÑO DE ALCOBAS, BAÑO SOCIAL EN PRIMER PISO, COCINA, ZONA DE OFICIOS, SALA COMEDOR, AMPLIO PATIO Y PARQUEADERO PARA DOS CARRO. SON CASAS BIOCLIMÁTICAS. EL CONDOMINIO TIENE AMPLIAS ZONAS VERDES, PISCINA ADULTOS Y NIÑOS, SALÓN SOCIAL, ZONA DE MASCOTAS, JUEGOS PARA NIÑOS. ENTORNO EL CASTILLO GIRASOLES SECTOR CAMPESTRE VÍA CALI, JAMUNDÍ A 15 MIN DE JARDÍN PLAZA CUENTA CON CENTRO COMERCIAL, IGLESIA, GIMNASIO PARA MASCOTAS, PARQUES, ESTACIONES BIOSALUDABLES PARA EJERCICIO AL AIRE LIBRE, GENEROSAS ZONAS VERDES Y NATURALEZA, SENDEROS ECOLÓGICOS TERMÍNELA A SU GUSTO. ***",[],3.2819765,-76.5149613,,,,,,,,,,,,,,2026-08-02
"Apartamento en Venta en Prados del limonar, Cali",https://www.fincaraiz.com.co/apartamento-en-venta-en-prados-del-limonar-cali/194008661,194008661,https://cdn4.fincaraiz.com.co/repo/img/th.outside384x275.6a5d10c47768d_infocdn__gr101484720260719120659jpeg.jpeg,[],$ 380.000.000,3 Habs. 2 Baños 78 m²,"Apartamento en venta en prados del limonar, cali","Apartamento enCali, Valle del cauca",,Llamar,"VENDO APARTAMENTO PISO 5 CON ASCENSOR EN PRADOS DEL LIMONAR (A.M) CW:Vendo lindo apartamento el cual cuenta con sala-comedor, baño social, 3 habitaciones con closet (Principal con baño privado), cocina integral, zona de ropas independiente y parqueadero propio doble lineal.La unidad cuenta con Piscina para adultos y niños, juegos infantiles, Gimnasio, ascensor, cancha de futbol, parqueadero interno para visitantes y vigilancia 24/7.",[],3.3899431036791,-76.529237192242,,,,,,,,,,,,,,2026-08-02
"Casa en Venta en Pance, Cali",https://www.fincaraiz.com.co/casa-en-venta-en-pance-cali/193751453,193751453,https://cdn4.fincaraiz.com.co/repo/img/th.outside384x275.6a0623dc064da_infocdn__7k3gjkvmgeuvwegqteqswohi8gjl5gy6mu90cuigjpg.jpg,[],$ 1.500.000.000,5 Habs. 6 Baños 370 m²,"Casa en venta en pance, cali","Casa enCali, Valle del cauca",,Llamar,"Casa en venta en Pance, cerca a centros comerciales, Colegios, universidades.Con un área el lote 400mt2 y 370 mt2 construidos.Primer piso:Hall de entradaSalaComedorSala auxiliarBaño socialCocina americanaEstudioAlcoba del servicio con bañoZona de oficiosEstaderoJacuzziZona verdeSegundo piso4 alcobas todas con baño y vestierHall y terraza.Parqueaderos 5 vehículos",[],3.3376301,-76.532846,,,,,,,,,,,,,,2026-08-02
"Casa en  Venta en Ciudad jardin, Cali",https://www.fincaraiz.com.co/casa-en-venta-en-ciudad-jardin-cali/191989845,191989845,https://cdn4.fincaraiz.com.co/repo/img/th.outside384x275.67a76ba8663c1_infocdn__rftkxn7xvfes6tjb5vpaugqt1cirpkkdmst8jsr8jpg.jpg,[],$ 770.000.000,3 Habs. 5 Baños 140 m²,"Casa en  venta en ciudad jardin, cali","Casa enCali, Valle del cauca",,Llamar,"Vendo casa  Condominio con excelentes zonas  verdes, piscina, gimnasio y cancha en  Ciudad Jardin de  dos pisos y un altillo.Sala comedorBalconEstudio o sala de tvCocina americana3 alcobas, principal con baño y vestierAltillo con baño, puede ser una alcoba o estudio adicional.5 bañosZona de oficios2 depósitosParqueaderos en línea para 2 vehículos",[],3.3671467,-76.5404905,,,,,,,,,,,,,,2026-08-02
"Apartamento en Venta en Ciudad jardin, Cali",https://www.fincaraiz.com.co/apartamento-en-venta-en-ciudad-jardin-cali/193376777,193376777,https://cdn4.fincaraiz.com.co/repo/img/th.outside384x275.698b7cb2d663f_infocdn__gr-venta-apartamento-piso-10-ciud-1770748190-7573-855jpeg.jpeg,[],$ 850.000.000,3 Habs. 5 Baños 147 m²,"Apartamento en venta en ciudad jardin, cali","Apartamento enCali, Valle del cauca",,Llamar,"Venta Apartamento piso 10, barrio ciudad jardín, sur de Cali. Excelentes acabados Modernos, amplio balcón vista panorámica. 3 alcobas cada una con baño privado,  alcoba de servicio, parqueadero doble,Deposito.",[],3.3673106,-76.5401778,,,,,,,,,,,,,,2026-08-02
"Apartamento en Venta en Zona Norte, Cali",https://www.fincaraiz.com.co/apartamento-en-venta-en-zona-norte-cali/194015808,194015808,https://cdn4.fincaraiz.com.co/repo/img/th.outside384x275.6a5fee191771f_infocdn__t0ebnaydzll9ame3hhvaw1n6jqzs8br1xsy2qtxljpg.jpg,[],$ 400.000.000,2 Habs. 2 Baños 64 m²,"Apartamento en venta en zona norte, cali","Apartamento enCali, Valle del cauca",,Llamar,"Venta apto en el norte de Cali  con excelente  ubicación y muy buena valorización, piso 8 - 64 m2- 2habitaciones  la principal con su baño y Vestier- baño social, cocina integral abierta y moderna- 1 parqueadero y 1 deposito- La unidad cuenta con piscina, zona infantil, salón social, vigilancia 24-7 - zonas húmedas - cita previa- admon 430 mil",[],3.484965,-76.5123698,,,,,,,,,,,,,,2026-08-02
"Casa en Venta en Cañasgordas, Cali",https://www.fincaraiz.com.co/casa-en-venta-en-cañasgordas-cali/192338181,192338181,https://cdn4.fincaraiz.com.co/repo/img/th.outside384x275.6990f1aab83f1_infocdn__img-20241218-17181696jpg.jpg,[],$ 695.000.000,4 Habs. 4 Baños 180 m²,"Casa en venta en cañasgordas, cali","Casa enCali, Valle del cauca",,Llamar,"Casa en venta ubicada en Cali, Valle del Cauca. Con una ubicación privilegiada y una superficie construida de 180 M2.Con 4 amplias alcobas y 4 baños completos, esta casa cuenta con suficiente espacio para albergar a toda tu familia y amigos. En el primer piso encontramos la sala comedor, baño social, cocina tipo americano, zona de ropas amplia, zona de deposito, patio jardín. En el segundo piso hay tres alcobas, una con baño privado, baño de alcobas, estudio. Tercer piso esta la habitación principal con baño, closet, cuarto de estudio, balcón.La propiedad cuenta con una hermosa vista panorámica que podrás disfrutar desde su amplio balcón, ideal para momentos de relax y tranquilidad. La casa tiene parqueadero cubierto doble en paralelo y el conjunto tiene salón social, piscina para adultos y niños y juegos infantiles y riachuelos que lo rodean. Como vecino tiene la Hacienda del Alferez y está situado a pocas cuadras de la Universidad Libre y Colegio Alemán.",[],3.358262,-76.5253645,,,,,,,,,,,,,,2026-08-02
"Apartamento en Venta en Versalles, Cali",https://www.fincaraiz.com.co/apartamento-en-venta-en-versalles-cali/193770556,193770556,https://cdn4.fincaraiz.com.co/repo/img/th.outside384x275.6a679c8395011_infocdn__whatsapp-image-2026-05-20-at-84334-am-1-1779289737-wy9flrjpeg.jpeg,[],$ 620.000.000,4 Habs. 3 Baños 239 m²,"Apartamento en venta en versalles, cali","Apartamento enCali, Valle del cauca",,Llamar,"HERMOSO APARTAMENTO EN VERSALLES, NORTE, CALI. Este exclusivo inmueble de 254 m2 se destaca por su diseño contemporáneo y su privilegiada ubicación. Cuenta con cuatro habitaciones, todas con balcón y clóset, siendo la principal un verdadero refugio con dos clósets y baño privado. La amplia sala y comedor se fusionan con un espectacular balcón, ideal para disfrutar de la vista de 360 grados que ofrece este apartamento. La cocina abierta, equipada con isla, es perfecta para los amantes de la gastronomía. Tiene cuarto de servicio con baño, zona de oficios y shutf internoEl edificio, que alberga solo un apartamento por piso, garantiza privacidad y tranquilidad, con acceso automatizado y dos ascensores. La zona es inmejorable, con estación del Mío justo al frente, supermercados y servicios esenciales a pocos pasos. Rodeado de áreas verdes, es el lugar ideal para caminar o pasear a tus mascotas. Actualmente arrendado en ***, este apartamento es una inversión que no te puedes perder.",[],3.4614557,-76.5293139,,,,,,,,,,,,,,2026-08-02
"Casa en Venta en Pance, Cali",https://www.fincaraiz.com.co/casa-en-venta-en-pance-cali/193871114,193871114,https://cdn4.fincaraiz.com.co/repo/img/th.outside384x275.6a2c286ab0d21_infocdn__xslmhqb8pst7hok7iv7aizfuvl1dxo44oqs6xm1hjpg.jpg,[],$ 1.300.000.000,3 Habs. 5 Baños 257 m²,"Casa en venta en pance, cali","Casa enCali, Valle del cauca",,Llamar,"BROKERS Y ASOCIADOS VENDE  esta espectacular casa esquinera, una joya en el exclusivo condominio de Pance la viga, diseñada para quienes buscan lujo y confort. Cada detalle ha sido cuidadosamente pensado para ofrecer una experiencia de vida inigualable. La propiedad cuenta con aire acondicionado centralizado, garantizando un ambiente fresco y agradable en todo momento. Dispone de tres amplias alcobas, cada una con su baño privado, proporcionando privacidad y comodidad para todos sus habitantes.En el primer nivel, encontrará un práctico depósito, un relajante jacuzzi para sus momentos de ocio, una funcional zona de oficios y una moderna cocina integral tipo americano, perfecta para los amantes de la gastronomía y el entretenimiento. Los interiores se complementan con exuberantes zonas verdes privadas, creando un oasis de tranquilidad en su propio hogar. La carpintería de madera de cedro añade un toque de elegancia y calidez a cada espacio.El condominio ofrece un estilo de vida privilegiado con un salón social ideal para eventos, una refrescante piscina para adultos y amplias zonas verdes que invitan al esparcimiento y la conexión con la naturaleza. Esta propiedad no es solo una casa, es un refugio de lujo y bienestar, esperando ser su próximo hogar.",[],3.315679,-76.5316297,,,,,,,,,,,,,,2026-08-02
"Apartaestudio en Venta en Centenario, Cali",https://www.fincaraiz.com.co/apartaestudio-en-venta-en-centenario-cali/193710885,193710885,https://cdn4.fincaraiz.com.co/repo/img/th.outside384x275.6a343f364ba97_infocdn__12140-1-1777496838jpg.jpg,[],$ 240.000.000,1 Hab 1 Baño 18 m²,"Apartaestudio en venta en centenario, cali","Apartaestudio enCali, Valle del cauca",,Llamar,"Imagina un apartaestudio en el corazón de la Zona Oeste de Cali, en el vibrante barrio Centenario, donde la modernidad y la comodidad se fusionan. Con un área de 18.89 m², este espacio, construido en 2025, ofrece una distribución inteligente que maximiza cada rincón, ideal para quienes buscan un hogar funcional en una ubicación estratégica. El estrato 6 garantiza un entorno de calidad, rodeado de servicios y facilidades que hacen la vida diaria más sencilla. La cercanía a importantes vías de acceso y la diversidad de opciones comerciales en la zona aseguran un flujo constante de visitantes, lo que potencia su uso como inversión o vivienda. Este apartaestudio no solo es un lugar para vivir, sino una oportunidad para disfrutar de la vida urbana en su máxima expresión. Con cada detalle pensado para brindar comodidad, aquí puedes crear el hogar que siempre has deseado.",[],3.455144562039,-76.535602638747,,,,,,,,,,,,,,2026-08-02
"Apartamento en Venta en El ingenio, Cali",https://www.fincaraiz.com.co/apartamento-en-venta-en-el-ingenio-cali/194054700,194054700,https://cdn4.fincaraiz.com.co/repo/img/th.outside384x275.6a6b8fff578d0_infocdn__6a6b8d1d71e35jpg.jpg,[],$ 390.000.000,3 Habs. 2 Baños 92 m²,"Apartamento en venta en el ingenio, cali","Apartamento enCali, Valle del cauca",,Llamar,"Apartamento en venta – Barrio El Ingenio  92,60 m²  $390.000.000Disfruta de la comodidad y tranquilidad de vivir en uno de los sectores más apetecidos del sur de Cali.Este amplio apartamento, ubicado en segundo piso con ascensor, cuenta con 92,60 m² distribuidos de manera funcional para brindar espacios cómodos para toda la familia.Características del inmueble:3 alcobas.3 baños.Star de TV.Sala - comedor.Cocina integral.Zona de oficios.Alcoba de servicio.Garaje cubierto.La unidad residencial ofrece:Piscinas para adultos y niños.Gimnasio.Turco.Juegos infantiles.Salón social.Vigilancia y excelente ambiente familiar.Estrato: 5Precio de venta: $390.000.000Una excelente oportunidad para quienes buscan un apartamento amplio, con completas zonas comunes y una ubicación estratégica, cerca de supermercados, colegios, universidades, centros comerciales y las principales vías de acceso del sur de Cali.Agenda tu visita y conoce tu próximo hogar.",[],3.3800559,-76.5279042,,,,,,,,,,,,,,2026-08-02
"Casa en Venta en Camino real, Cali",https://www.fincaraiz.com.co/casa-en-venta-en-camino-real-cali/193245162,193245162,https://cdn4.fincaraiz.com.co/repo/img/th.outside384x275.695af8224d2fa_infocdn__ldlnhwbcsrorwhmdfppykzk51gx5rxvwxsbf7lsdjpg.jpg,[],$ 348.000.000,3 Habs. 4 Baños 120 m²,"Casa en venta en camino real, cali","Casa enCali, Valle del cauca",,Llamar,"Oportunidad casa esquinera ampliada de tres niveles en condominio en el barrio camino real, con un área construida de 120mt2, consta de: Primer nivel: Sala, comedor independiente, Cocina semiintegral abierta con zona de oficios, Segundo nivel: 2 Habitaciones con clóset 1 con balcón y otra ampliada con baño  con vista interna, baño de habitaciones, Tercer nivel: Habitacion principal con baño y balcón, la unidad cuenta con piscina y juegos para niños, zona verde, excelente ubicación cerca a centros comerciales, colegios y parques de la zona.",[],3.408821,-76.5383448,,,,,,,,,,,,,,2026-08-02
"Edificio en  Venta en Municipal, Cali",https://www.fincaraiz.com.co/edificio-en-venta-en-municipal-cali/191549898,191549898,https://cdn4.fincaraiz.com.co/repo/img/th.outside384x275.69a20ea67798b_infocdn__5820-0-44243510jpg.jpg,[],$ 1.100.000.000,12 Habs. 8 Baños 800 m²,"Edificio en  venta en municipal, cali","Edificio enCali, Valle del cauca",,Llamar,"ABC VENDE PROPIEDAD UBICADA EN EL BARRIO MUNICIPAL DE LA CIUDAD DE CALI, EL EDIFICIO CONSTA DE TRES PISOS LOS CUALES ESTÁN DISTRIBUIDOS DE LA SIGUIENTE MANERA; EL PRIMER PISO SON CINCO LOCALES EN ESTE MOMENTO CUATRO DE ELLOS ARRENDADOS; EN EL SEGUNDO PISO ENCONTRAMOS DOS APARTAMENTOS, CADA UNO CON TRES ALCOBAS, DOS BAÑOS, SALA, COCINA, UNO DE LOS APARTAMENTOS EN CADA PISO TIENE BALCÓN; EN EL TERCER PISO ENCONTRAMOS DOS PARTAMENTOS CADA UNO CON  TRES HABITACIONES, DOS BAÑOS, SALA, COCINA Y BALCÓN EN UNO DE LOS APARTAMENTOS, EL EDIFICIO TIENE TERRAZA AMPLIA",[],3.4471835609164,-76.512841718083,,,,,,,,,,,,,,2026-08-02
"Casa en  Venta en Calimio desepaz, Cali",https://www.fincaraiz.com.co/casa-en-venta-en-calimio-desepaz-cali/191549951,191549951,https://cdn4.fincaraiz.com.co/repo/img/th.outside384x275.67dc4305b58ab_infocdn__5683-1-1741911282jpg.jpg,[],$ 235.000.000,6 Habs. 3 Baños 180 m²,"Casa en  venta en calimio desepaz, cali","Casa enCali, Valle del cauca",,Llamar,"Descubra el hogar de sus sueños en esta impresionante residencia de 180 metros cuadrados, diseñada para ofrecer el máximo confort y funcionalidad. Con 6 amplias habitaciones y 3 baños elegantemente equipados, esta propiedad es perfecta para familias que buscan espacio y privacidad. Disfrute de la comodidad de servicios de gas independientes para el primer y tercer piso, una característica que añade versatilidad y eficiencia. La entrada independiente al segundo piso ofrece una excelente oportunidad para generar ingresos adicionales o para acomodar a familiares de forma privada. Además, la propiedad incluye un práctico parqueadero con capacidad para 3 motocicletas. Ubicada en una zona serena y de fácil acceso, esta casa no solo promete tranquilidad, sino también una excelente conectividad. Con un atractivo precio de $235,000,000, esta es una oportunidad inigualable para adquirir una propiedad espaciosa, bien distribuida y con un potencial excepcional. No deje pasar la oportunidad de hacer de esta casa su nuevo hogar. ¡Contáctenos hoy mismo para agendar una visita y experimentar todo lo que esta joya tiene para ofrecer!",[],3.413350863109,-76.468147931838,,,,,,,,,,,,,,2026-08-02
"Apartamento en Venta en El ingenio, Cali",https://www.fincaraiz.com.co/apartamento-en-venta-en-el-ingenio-cali/193584991,193584991,https://cdn4.fincaraiz.com.co/repo/img/th.outside384x275.6a568fd588921_infocdn__8014979-1-1774990032jpg.jpg,[],$ 620.000.000,3 Habs. 3 Baños 130 m²,"Apartamento en venta en el ingenio, cali","Apartamento enCali, Valle del cauca",,Llamar,"Descubre este acogedor apartamento dúplex en venta ubicado en El Ingenio I, uno de los sectores más tradicionales y estratégicos del sur de Cali. Con un área de 130 m², ofrece una excelente distribución que separa de manera inteligente las zonas sociales y privadas, brindando mayor comodidad y privacidad; en el primer nivel encontrarás una zona social iluminada y ventilada, ideal para compartir en familia o con amigos, mientras que en el segundo nivel se ubican sus 3 habitaciones, garantizando tranquilidad e independencia. El inmueble cuenta con 3 baños en total, 2 parqueaderos y 1 depósito, aportando funcionalidad y espacio adicional de almacenamiento. Ubicado en un entorno residencial tranquilo, con fácil acceso a vías principales, parques, supermercados, colegios y zonas comerciales, este apartamento es ideal tanto para vivir como para invertir, siendo una excelente oportunidad para quienes buscan ubicación, amplitud y valorización en el sur de la ciudad.",[],3.381143198981,-76.535080278092,,,,,,,,,,,,,,2026-08-02
"Apartamento en Venta en Valle del Lili, Cali",https://www.fincaraiz.com.co/apartamento-en-venta-en-valle-del-lili-cali/193846418,193846418,https://cdn4.fincaraiz.com.co/repo/img/th.outside384x275.6a24107d1b2d9_infocdn__9191408-1-1780688634jpg.jpg,[],$ 350.000.000,2 Habs. 2 Baños 61 m²,"Apartamento en venta en valle del lili, cali","Apartamento enCali, Valle del cauca",,Llamar,"Este apartamento, ubicado en el barrio Valle del Lili,  conjunto residencial patios del lili, representa una atractiva oportunidad de inversión en un sector en constante crecimiento. Construido en 2013, el inmueble se sitúa en un estrato 4, lo que garantiza un entorno residencial agradable y accesible. La ubicación estratégica de Valle del Lili no solo ofrece cercanía a importantes vías de acceso, sino también a una variedad de servicios, comercios y opciones de entretenimiento, lo que lo convierte en un punto de interés para potenciales arrendatarios o compradores. La demanda en esta área ha mostrado un crecimiento sostenido, lo que se traduce en un alto potencial de valorización y rentabilidad en el tiempo. Este apartamento no solo es un lugar para vivir, sino una inversión inteligente que puede generar ingresos y asegurar un futuro financiero sólido. Aproveche esta oportunidad y considere el potencial que este inmueble tiene para ofrecer.",[],3.369010490537,-76.518884807135,,,,,,,,,,,,,,2026-08-02
"Casa en Venta en El jardin, Cali",https://www.fincaraiz.com.co/casa-en-venta-en-el-jardin-cali/193971376,193971376,https://cdn4.fincaraiz.com.co/repo/img/th.outside384x275.6a4fabbcbbc5c_infocdn__9191516-1-1783439952-2jpg.jpg,[],$ 360.000.000,5 Habs. 1 Baño 180 m²,"Casa en venta en el jardin, cali","Casa enCali, Valle del cauca",,Llamar,"Casa en venta en El Jardín – Inversion y ProyeccionDescubre una excelente oportunidad en uno de los sectores con mayor proyección de valorización de la ciudad. Se vende casa con 180 m² de terreno, ideal para remodelar, desarrollar un proyecto inmobiliario o construir un edificio gracias a su uso de suelo mixto, que permite desarrollo residencial y comercial.Su ubicación estratégica en el tradicional barrio El Jardín, a pocos metros del Supermercado El Jardín , garantiza alta visibilidad, excelente flujo de personas y fácil acceso a una amplia oferta de comercio y servicios.La propiedad se encuentra sobre un sector consolidado, con amplias vías de acceso, excelente servicio de transporte público y una ubicación privilegiada que la convierte en una alternativa ideal para vivienda, locales comerciales,  o un proyecto de inversión.Aspectos destacados:180 m² de terreno.Uso de suelo mixto (residencial y comercial).Excelente potencial para construcción o desarrollo.Sector de alta demanda y valorización.Ubicación estratégica con fácil acceso a las principales vías.Cerca de supermercados, comercio, servicios y transporte público.",[],3.421972991629,-76.517693864423,,,,,,,,,,,,,,2026-08-02
"Apartamento en Venta en Ciudad 2000, Cali",https://www.fincaraiz.com.co/apartamento-en-venta-en-ciudad-2000-cali/193538382,193538382,https://cdn4.fincaraiz.com.co/repo/img/th.outside384x275.69bb325d7ff26_infocdn__j1poceeodndsc9w7idlacrmvgeci5x3sh0cxgrcljpg.jpg,[],$ 228.000.000,2 Habs. 2 Baños 58 m²,"Apartamento en venta en ciudad 2000, cali","Apartamento enCali, Valle del cauca",,Llamar,"Se vende apartamento totalmente remodelado primer piso en el barrio ciudad 2000, con un área construida de 55mt2, consta de: Sala comedor con balcón con vista. Cocina semintegral abierta tipo americana, zona de oficios, baño social, 2 habitaciones la principal con baño, parqueadero comunitario en sótano y plataforma, la unidad cuenta con piscina, gymnasio, juegos para niños, salón social, vigilancia 24/7, ubicación central cerca a parques, tiendas, zona residencial.",[],3.400384,-76.5214992,,,,,,,,,,,,,,2026-08-02
"Casa en Venta en La floresta, Cali",https://www.fincaraiz.com.co/casa-en-venta-en-la-floresta-cali/193669745,193669745,https://cdn4.fincaraiz.com.co/repo/img/th.outside384x275.6a512cb319c08_infocdn__gr33618720260423041125jpeg.jpeg,[],$ 260.000.000,4 Habs. 2 Baños 93 m²,"Casa en venta en la floresta, cali","Casa enCali, Valle del cauca",,Llamar,"SG - SE VENDE Primer piso de una Casa Esquinera,  ubicada en el barrio la Floresta. Consta de 2 apartamentos muy bien distribuidos , cada uno de ellos tiene 2 habitaciones , cocina , baño , sala comedor.",[],3.4440094832534,-76.51439067473,,,,,,,,,,,,,,2026-08-02
Apartamento en  Venta en Cali,https://www.fincaraiz.com.co/apartamento-en-venta-en-cali/191801683,191801683,https://cdn4.fincaraiz.com.co/repo/img/th.outside384x275.6a3ef28b13883_infocdn__gr-venta-apartamento-en-vivero-1734381673-7521-719jpeg.jpeg,[],$ 225.000.000,2 Habs. 2 Baños 57 m²,Apartamento en  venta en cali,"Apartamento enCali, Atlantico",,Llamar,"Este hermoso apartamento se encuentra ubicado en una de las zonas más exclusivas del país, con un área terreno, construida y privada de cincuenta y siete metros cuadrados. Con dos cómodas alcobas y dos baños, este inmueble es perfecto para aquellos que buscan un lugar amplio y funcional para vivir.En su interior, encontrarás una serie de características que lo hacen ideal para una familia o una pareja que busque un espacio acogedor y lleno de comodidades. No solo admite mascotas, sino que además cuenta con armarios empotrados en cada habitación, un balcón con una hermosa vista panorámica, un baño auxiliar y uno en la habitación principal, una moderna barra estilo americano en la cocina y una biblioteca/estudio para aquellos que trabajen desde casa.Este apartamento también viene con una serie de características externas que lo hacen aún más atractivo. Ubicado en una zona de acceso pavimentado, se encuentra rodeado de hermosos árboles frutales y bosques nativos, creando un ambiente natural y tranquilo. Además, cuenta con una amplia área social, cancha de fútbol, gimnasio y parques cercanos, lo que permite disfrutar de una variedad de actividades al aire libre sin salir del conjunto residencial.La ubicación de este apartamento también es un factor clave, ya que se encuentra a poca distancia de centros comerciales, colegios y universidades de renombre. Además, cuenta con vigilancia en la portería y zonas deportivas, lo que brinda seguridad y tranqui",[],10.958090723835,-74.8191981844,,,,,,,,,,,,,,2026-08-02
"Apartamento en Venta en El guabal, Cali",https://www.fincaraiz.com.co/apartamento-en-venta-en-el-guabal-cali/193637098,193637098,https://cdn4.fincaraiz.com.co/repo/img/th.outside384x275.69e2b108f07d1_infocdn__gr-vendo-apartamento-alhambra2-ca-1776306681-9392-5797jpeg.jpeg,[],$ 225.000.000,3 Habs. 2 Baños 70 m²,"Apartamento en venta en el guabal, cali","Apartamento enCali, Valle del cauca",,Llamar,"VENDO APARTAMENTO EN LA ALHAMBRA2 CALI ***ENDescubre este acogedor apartamento en este conjunto residencial, un espacio para disfrutar de seguridad y tranquilidad, sus tres habitaciones ofrecen un ambiente ideal para la familia.sus dos baños y cocina remodelados brindan un estilo moderno y funcional, con parqueadero comunitarioSu excelente ubicación cerca de supermercados, zonas comerciales y tiendas, lo convierte en una oportunidad ideal para vivir como también para invertirPrecio de Venta $ 225 millonesAdministración $324.000",[],3.4189836,-76.5309158,,,,,,,,,,,,,,2026-08-02
"Apartamento en Venta en Pasoancho, Cali",https://www.fincaraiz.com.co/apartamento-en-venta-en-pasoancho-cali/193277013,193277013,https://cdn4.fincaraiz.com.co/repo/img/th.outside384x275.6a47ab4f16c15_infocdn__1023089-24-1708622005jpg.jpg,[],$ 165.000.000,3 Habs. 1 Baño 53 m²,"Apartamento en venta en pasoancho, cali","Apartamento enCali, Valle del cauca",,Llamar,"Presentamos acogedor apartamento para la venta en el sur de Cali, barrio pasoancho. En una ubicación muy conveniente al estar cerca de instituciones médicas y clínicas, restaurantes, sector de entretenimiento, comercio en general, supermercados, colegios entre otros. Si UD desea vivir en un apartamento acogedor en el sur central a un precio económico, esta es su oportunidad. El apartamento esta ubicado en un quinto piso sin ascensor con un área de 53 metros cuadrados así, 3 habitaciones con closet tipo piso-techo, espacio sala comedor, cocina tradicional con zona de ropa incluida en excelentes condiciones de infraestructura. En sus zonas comunes cuenta kiosco para reuniones sociales, piscina, zona de juegos infantiles y parqueadero comunitario el cual siempre cuenta con espacios disponibles, seguridad 24 horas, control de acceso a visitantes y circuito cerrado de televisión.",[],3.418920009126,-76.531310014674,,,,,,,,,,,,,,2026-08-02
"Apartamento en Venta en Cachipay, Cali",https://www.fincaraiz.com.co/apartamento-en-venta-en-cachipay-cali/193828919,193828919,https://cdn4.fincaraiz.com.co/repo/img/th.outside384x275.6a344a234263d_infocdn__6953-1-1762869492jpg.jpg,[],$ 235.000.000,3 Habs. 2 Baños 60 m²,"Apartamento en venta en cachipay, cali","Apartamento enCali, Valle del cauca",,Llamar,"Descubre este elegante apartamento de 3 habitaciones y 2 baños en una zona residencial tranquila. Con una vista interior encantadora, la sala-comedor te invita a disfrutar de momentos especiales. El piso en cerámica y la cocina integral con gas natural brindan comodidad y funcionalidad. Además, cuenta con zona de ropas, closet, balcón y baño auxiliar. El conjunto cerrado ofrece vigilancia privada 24/7, zonas verdes, zona infantil, ascensor, piscina y parqueadero comunitario. Con acceso a colegios/universidades y cerca de bombas de gasolina, este lugar es ideal para quienes valoran la seguridad y la calidad de vida. PARA MAS INFORMACION ALEJANDRA MORENO ¡Bienvenido a tu nuevo hogar!",[],3.3519821119192,-76.5048433507,,,,,,,,,,,,,,2026-08-02
"Casa en  Venta en Santa barbara, Cali",https://www.fincaraiz.com.co/casa-en-venta-en-santa-barbara-cali/191464115,191464115,https://cdn4.fincaraiz.com.co/repo/img/th.outside384x275.6a3eef03ad613_infocdn__gr33618920230808051559jpg.jpg,[],$ 320.000.000,6 Habs. 3 Baños 180 m²,"Casa en  venta en santa barbara, cali","Casa enCali, Valle del cauca",,Llamar,LEO se vende casa de tres pisos en santa barbara  en pasaje primer y segundo piso son una casa de 4 habitaciones dos baños sala comedor cocina y zona de oficios y el tercer piso es un apartamento de dos habitaciones un baño sala comedor cocina y zona de oficios el primer piso tiene antejardin tiene buen transporte cerca  centros comerciales parques zonas de recreacion cerca al transito de salomia cerca a la simon bolivar tiendas metro y centro comercial unico no aplica para credito bancario tiene gradas por fuera,[],3.4695573030615,-76.489691734314,,,,,,,,,,,,,,2026-08-02
"Casa en  Venta en Miraflores, Cali",https://www.fincaraiz.com.co/casa-en-venta-en-miraflores-cali/192177559,192177559,https://cdn4.fincaraiz.com.co/repo/img/th.outside384x275.6a3eeeed3d9c7_infocdn__gr336181620230329050733jpg.jpg,[],$ 700.000.000,4 Habs. 3 Baños 221 m²,"Casa en  venta en miraflores, cali","Casa enCali, Valle del cauca",,Llamar,LEO se vende casa en miraflores de tres niveles remodelada de 8 m2 de frente por 18m2 de fondo total construidos  221m2 mas  38 metros de patio y antejardin zona de oficios con patio lavadero y espacio para lavadora sala comedor cocina integral con pipa a gas propano garaje  4 habitaciones la habitacion principal  con baño y closet  baño de habitaciones  baño social  garaje electrico para dos vehiculos sala de tv balcon  habitacion de servicio con baño y deposito  sector residencial se cambio techos redes electricas  pisos y cañerias dejaron acometidas listas para aires acondicionados  en las 4 habitaciones  libre de deudas impuestos al dia la casa esta alquilada termina contrato en octubre,[],3.4376457,-76.5415978,,,,,,,,,,,,,,2026-08-02
Apartaestudio en  Venta en Cali,https://www.fincaraiz.com.co/apartaestudio-en-venta-en-cali/191488571,191488571,https://cdn4.fincaraiz.com.co/repo/img/th.outside384x275.6a679c5e61c5e_infocdn__gr445143120240418083250jpeg.jpeg,[],$ 250.000.000,1 Hab 1 Baño 37 m²,Apartaestudio en  venta en cali,"Apartaestudio enCali, Valle del cauca",,Llamar,"¡Estás listo para adquirir una inversión excepcional en Cali, Valle del Cauca! Esta exclusiva Unidad Residencial  de Apartaestudios perfectamente diseñada es ideal para aquellos que desean vivir un estilo de vida moderno en un ambiente tranquilo y relajante. Abarca una  área construida de 37 M2 y una área privada de 32M2, perfectamente distribuida. El espacio ofrecido  es un apartamento tipo loft. con sus características internas que se ajustan para , biblioteca/estudio, clósets, cocina tipo americano. Las características externas incluyen, área social, ascensor, gimnasio, zona pet frendly, lavanderia, salas VIP, coworking, terrazas piscina y parqueaderos comunitarios. El ambiente que rodea la propiedad lo eleva a otro nivel, ya que cuenta con todas las comodidades modernas dentro de una zona tranquila con una excelente ubicación, el mejor sector del sur central de Cali.La mejor Inversion para vivir y alquilar para rentas cortas, con una rentabilidad de mas del 1%. y posiblidad de alquilar en dolares, Esta reglamentado en el RPH, el alquiler de rentas cortas o AIRBNB.Son tres torres con 53 apartamentos vendidos todos en su totalidadOfrecemos dos apartaestudios en obra gris 4 piso, listo para entrega inmediata",[],3.3946501,-76.5368334,,,,,,,,,,,,,,2026-08-02
"Apartamento en Venta en Valle del Lili, Cali",https://www.fincaraiz.com.co/apartamento-en-venta-en-valle-del-lili-cali/193846346,193846346,https://cdn4.fincaraiz.com.co/repo/img/th.outside384x275.6a23235898cf8_infocdn__kn21ahyibdhuxpncdikasevanxh01pmda7v9lqcljpg.jpg,[],$ 360.000.000,3 Habs. 3 Baños 83 m²,"Apartamento en venta en valle del lili, cali","Apartamento enCali, Valle del cauca",,Llamar,"Excelente oportunidad SE VENDE apartamento en Valle de Lilia, cuenta con espacios modernos y funcionales. Consta de 3 habitaciones, 3 baños, sala, comedor, cocina, patio interior y un balcón con vista agradable. Garaje, ideal para familias que buscan comodidad y seguridad. Sector residencial de alta valorización, con acceso a la Calle 100, la Avenida Simón Bolívar y la Autopista Suroriental, lo que garantiza movilidad hacia cualquier punto de la ciudad. Cercano a centros comerciales, universidades, clínicas y zonas verdes, ofreciendo calidad de vida y conveniencia. Precio negociable.",[],3.364716,-76.5217213,,,,,,,,,,,,,,2026-08-02
Apartamento en  Venta en Cali,https://www.fincaraiz.com.co/apartamento-en-venta-en-cali/192207064,192207064,https://cdn4.fincaraiz.com.co/repo/img/th.outside384x275.6a19e26466b86_infocdn__gr35614920250328063503jpeg.jpeg,[],$ 850.000.000,3 Habs. 4 Baños 168 m²,Apartamento en  venta en cali,"Apartamento enCali, Valle del cauca",,Llamar,"Se vente apartamento exterior con vista al parque El Gato, muy iluminado, está ubicado en un 5 piso con ascensor, cuenta con un área de 168 m2 construidos, distribuidos en sala, comedor, cocina, patio y zona de ropas, baño social, estar de televisión, alcoba y baño de servicio, baño de alcobas, 3 alcobas, la principal con baño privado y vestier. El apartamento está remodelado y cuenta con aire acondicionado. Además cuenta con 2 garajes independientes. PRECIO NEGOCIABLE.",[],3.4506378,-76.543345,,,,,,,,,,,,,,2026-08-02
"Casa en Venta en Cañasgordas, Cali",https://www.fincaraiz.com.co/casa-en-venta-en-cañasgordas-cali/193250705,193250705,https://cdn4.fincaraiz.com.co/repo/img/th.outside384x275.69b273bd6d7e5_infocdn__5992-1-1767728610jpg.jpg,[],$ 950.000.000,6 Habs. 5 Baños 255 m²,"Casa en venta en cañasgordas, cali","Casa enCali, Valle del cauca",,Llamar,"En un tranquilo vecindario, se encuentra esta espaciosa casa de 6 habitaciones y 5 baños, con 255 metros cuadrados de comodidad y elegancia. Disfruta de la luminosidad natural que inunda cada rincón, resaltando el piso en cerámica y la cocina integral. Con balcón, baño auxiliar y de servicio, este hogar es ideal para familias. Además, cuenta con  zonas verdes para el esparcimiento. Su ubicación privilegiada cerca de comercios, colegios, universidades y parques, lo convierte en una inversión rentable. ¡Precio negociable! ¡No dejes pasar esta oportunidad única!",[],3.3584236,-76.5255189,,,,,,,,,,,,,,2026-08-02
"Casa en Venta en Ciudad jardin, Cali",https://www.fincaraiz.com.co/casa-en-venta-en-ciudad-jardin-cali/10382123,10382123,https://cdn4.fincaraiz.com.co/repo/img/th.outside384x275.69e1184214ccb_infocdn__th9iljak3podtqck0mrcmzfue32tt0ewt9u9gal2jpg.jpg,[],$ 2.000.000.000,5 Habs. 7 Baños 465 m²,"Casa en venta en ciudad jardin, cali","Casa enCali, Valle del cauca",,Llamar,"Descubra esta excepcional propiedad bifamiliar en Ciudad Jardín, una joya ubicada en la parte alta, garantizando un clima más fresco y una tranquilidad inigualable. Esta unidad, parte de un exclusivo conjunto de 14 casas, se asienta sobre un generoso lote de 870 metros cuadrados, a solo 700 metros de la emblemática Iglesia Transfiguración del Señor.Diseñada pensando en la comodidad y la convivencia multigeneracional, la propiedad se divide en dos alas independientes. El ALA IZQUIERDA, ideal para la familia principal, ofrece en su primer piso una acogedora sala, comedor y una cocina auxiliar, complementados por un amplio estadero con salida directa a un exuberante jardín exterior y un baño auxiliar. La zona de oficios incluye lavadero y cuarto de empleada con baño. En el segundo piso, encontrará dos habitaciones con baño privado, ducha y closet de madera, una biblioteca, un hall de televisión con ventana y una espaciosa habitación principal con dos vestidores y un baño equipado con torre de ducha.El ALA DERECHA, perfecta para los padres, cuenta en su primer piso con una elegante sala principal, terraza, comedor principal, cocina principal y baño, además de una zona de oficios con lavadero y cuarto de empleada con baño. El segundo piso alberga una amplia biblioteca con hall de televisión, una habitación principal con balcón de vista exterior, vestier y baño con ducha, y una segunda habitación con baño y closet de madera. Un ascensor privado conecta ambos niveles, garantizando accesibilidad y confort.Los exteriores de la propiedad son un verdadero oasis, con amplios jardines, árboles frutales y un asador, ideales para el esparcimiento y la vida al aire libre. Su ubicación estratégica la sitúa equidistante de las principales zonas de comercio, restaurantes, clínicas, centros comerciales, colegios y universidades, ofreciendo lo mejor de la vida urbana sin sacrificar la serenidad. La seguridad está garantizada con portería y vigilancia las 24 horas. Esta es una oportunidad única para adquirir una propiedad de la que somos los únicos propietarios, diseñada para el disfrute y la armonía familiar.",[],3.355751,-76.5408949,,,,,,,,,,,,,,2026-08-02
"Lote en  Venta en Pance, Cali",https://www.fincaraiz.com.co/lote-en-venta-en-pance-cali/191749291,191749291,https://cdn4.fincaraiz.com.co/gen-ai/th.outside384x275.enhanced_image_20251020184220.png,[],$ 3.500.000.000,4294 m²,"Lote en  venta en pance, cali","Lote enCali, Valle del cauca",,Llamar,"Excepcional lote de uso mixto en Pance, una ubicación privilegiada con un área neta ideal para su próximo proyecto. Este terreno cuenta con una doble fachada estratégica sobre la Calle 5 y la Calle 6, beneficiándose de la futura prolongación de la Avenida El Banco, lo que garantiza una excelente conectividad y visibilidad.Situado frente al Club Shalom, que se transformará en un moderno complejo habitacional con club desarrollado por Constructora Bolívar, este lote ofrece un potencial de valorización inigualable. Disfrute de la cercanía a prestigiosos colegios como el Bolívar y el Colombo Británico, así como a reconocidas universidades como Icesi, Javeriana y San Buenaventura.La propiedad se encuentra a pocos minutos de exclusivos clubes como el Campestre y Farallones, centros comerciales de primer nivel como Unicentro y Jardín Plaza, y clínicas de alta reputación como Valle del Lili y Centro Médico Imbanaco.Las múltiples vías de acceso, incluyendo la Carretera a la Buitrera, Avenida Cañasgordas, Callejón de las Chuchas, Carrera 118, Avenida La Vorágine, Carreras 125 y 127, aseguran una movilidad fluida desde y hacia cualquier punto de la ciudad. Además, la zona ofrece un estilo de vida saludable y recreativo con el Parque de La Salud de Pance, el Río Pance, parques y ciclovías a su disposición.Con un valor por metro cuadrado de $815.000, esta es una oportunidad única para invertir en un terreno con un potencial de desarrollo y rentabilidad extraordinario en una de las zonas de mayor crecimiento y prestigio de Cali.",[],3.3313987603837,-76.546339579529,,,,,,,,,,,,,,2026-08-02
"Apartamento en Venta en Sector la luisa bella suiza, Cali",https://www.fincaraiz.com.co/apartamento-en-venta-en-sector-la-luisa-bella-suiza-cali/192784975,192784975,https://cdn4.fincaraiz.com.co/repo/img/th.outside384x275.69fe17c2414dc_infocdn__1000299467jpg.jpg,[],$ 350.000.000,3 Habs. 2 Baños 92 m²,"Apartamento en venta en sector la luisa bella suiza, cali","Apartamento enCali, Valle del cauca",,Llamar,"Hermoso apartamento en Bella Suiza, rodeado de naturaleza al Oeste de Cali, de 92 m2 con doble parqueadero lineal cubiertos, estrato 6, piso 3 con escaleras muy descansadas, amplia sala comedor con balcon y hermosa vista a la ciudad y zonas verdes, cocina integral con gas domiciliario, zona de oficios, 3 habitaciones con closets, 2 baños completos, unidad con muchas zonas verdes, parque, piscinas, juegos infantiles, porteria y vigilancia a 10 minutos de Cosmocentro, Mall Plaza, cll 5, disfruta de la frescura, tranquilidad y confort. Avaluo comercial superior, precio de oportunidad.",[],3.4084117,-76.5652992,,,,,,,,,,,,,,2026-08-02
"Apartamento en Venta en Sur, Cali",https://www.fincaraiz.com.co/apartamento-en-venta-en-sur-cali/193924058,193924058,https://cdn4.fincaraiz.com.co/repo/img/th.outside384x275.6a3f0147623e5_infocdn__9cqyfwcgfe4mg4ab23vti4hgcpvatcf4yjvotpl8jpg.jpg,[],$ 290.000.000,2 Habs. 2 Baños 60 m²,"Apartamento en venta en sur, cali","Apartamento enCali, Valle del cauca",,Llamar,"vendemos apartamento primer piso, bonito parqueadero propio, unidad cerrada, tres alcobas, dos baños, vestier, salacomedor, cocina integral en L, zona de oficios con lavadero, tiene calentador a gas, colgadero de ropa, rejas en las ventanas y balcon, para verlo llamar a inmobilairia acovil ***y fijo ***",[],3.3924809,-76.548138,,,,,,,,,,,,,,2026-08-02
"Casa en Venta en San judas tadeo i, Cali",https://www.fincaraiz.com.co/casa-en-venta-en-san-judas-tadeo-i-cali/193895255,193895255,https://cdn4.fincaraiz.com.co/repo/img/th.outside384x275.6a35b111144de_infocdn__bewtixq4vtxdb4vhvyxzdjdi95faei2pc8ejhbumjpg.jpg,[],$ 280.000.000,6 Habs. 4 Baños 280 m²,"Casa en venta en san judas tadeo i, cali","Casa enCali, Valle del cauca",,Llamar,"Se vende una espaciosa casa de dos plantas en el codiciado barrio San Judas, asentada sobre un generoso lote de 210 m² con una impresionante construcción de 280 m². Esta propiedad ofrece una oportunidad excepcional para familias grandes o inversores, con la flexibilidad de funcionar como dos unidades independientes.El primer piso presenta un diseño funcional y confortable, ideal para la vida diaria. Dispone de tres amplias habitaciones que garantizan privacidad y espacio para todos, complementadas por dos baños completos. La sala comedor es un espacio acogedor, perfecto para reuniones familiares y entretenimiento. La cocina, de generosas dimensiones y diseño cerrado, ofrece un ambiente ideal para la preparación de alimentos, con amplio espacio para almacenamiento y encimeras. Un patio trasero muy extenso es el lienzo perfecto para futuras expansiones, permitiendo la construcción de áreas adicionales, jardines o una piscina, adaptándose a sus necesidades y sueños.El segundo piso, con acceso independiente, replica la comodidad y amplitud del primero, ofreciendo tres habitaciones espaciosas, dos baños completos, una sala comedor luminosa y una cocina amplia y cerrada, ideal para quienes buscan independencia o una fuente de ingresos por alquiler. Además, cuenta con un encantador balcón que ofrece un espacio al aire libre para relajarse y disfrutar del entorno, y una práctica zona de lavado, añadiendo funcionalidad a esta planta.Esta propiedad representa una inversión inteligente y una oportunidad inmejorable para adquirir un hogar versátil y con gran potencial de crecimiento en una ubicación privilegiada. ¡Aproveche esta gran oportunidad para asegurar su futuro y el de su familia!",[],3.4156205,-76.5217505,,,,,,,,,,,,,,2026-08-02
"Local en  Venta en Valle del Lili, Cali",https://www.fincaraiz.com.co/local-en-venta-en-valle-del-lili-cali/192045715,192045715,https://cdn4.fincaraiz.com.co/gen-ai/th.outside384x275.enhanced_image_20260623150936.png,[],$ 520.000.000,1 Ambiente 1 Baño 35 m²,"Local en  venta en valle del lili, cali","Local Comercial enCali, Valle del cauca",,Llamar,"VENDE LOCAL COMERCIAL EN CENTRO COMERCIAL PLAZA MADERO, BARRIO CIUDAD VIVERO, para estrenar, area 35 M2, cuenta con un espacio amplio, con ventanal y un (1) baño., en zona de alto desarrollo, zona muy comercial y de crecimiento,  ideal para cualquier tipo de negocio. Estratégicamente situado en una zona de alto desarrollo y crecimiento comercial, este local representa una oportunidad inmejorable para emprendedores e inversionistas que buscan posicionar su marca en un entorno dinámico y de gran afluencia.  AGENDE YA SU CITA.",[],3.362976,-76.5060163,,,,,,,,,,,,,,2026-08-02
"Casa en venta en Tequendama, Cali",https://www.fincaraiz.com.co/casa-en-venta-en-tequendama-cali/7258153,7258153,https://s3.amazonaws.com/imagenesprof.fincaraiz.com.co/OVFR_COL/2022/5/11/3675821_706_16.jpg,[],$ 2.400.000.000,20 Habs. 10 Baños 710 m²,"Casa en venta en tequendama, cali","Casa enCali, Valle del cauca",,Llamar,"Construcción de dos niveles para REMODELAR o ADECUAR, ubicada sobre la carrera 41,  a una cuadra de la carrera 42 vía de doble carril y doble sentido de ingreso al sector y  a dos cuadras de la avenida Roosevelt,  cuenta con múltiples ambientes, desglosados así: En el primer nivel, 4 salones amplios de entre 20 y 25 M2 cada uno, 12 ambientes tipo consultorio y en el segundo nivel 9 ambientes tipo consultorio,  baños en primer y segundo nivel,  patios internos y facilidad de distribución y/o adecuación,  ideal para la prestación de servicios de salud,  baños tipo PMR (Movilidad Reducida),  cuartos de aseo,  salas de espera,  etc. Tiene 18 m de frente por 36m de fondo,  cuenta con facilidad para la instalación de aires acondicionados por las plataformas en cubierta,  sistema de alarma,  patios con ventilación natural. Se pueden llegar a acuerdos para los ajustes importantes que requiera el inmueble para colocarlo en funcionamiento, acordar un valor y descontarlo del canon de arrendamiento. Son 513 m2 en primer nivel  y 197 M2 en segundo nivel.",[],3.4207081,-76.5469009,,,,,,,,,,,,,,2026-08-02
"Apartaestudio en Venta en Chipichape, Cali",https://www.fincaraiz.com.co/apartaestudio-en-venta-en-chipichape-cali/193983059,193983059,https://cdn4.fincaraiz.com.co/repo/img/th.outside384x275.6a5441f8a8c92_infocdn__1027-7-1769210515jpg.jpg,[],$ 350.000.000,1 Hab 1 Baño 31 m²,"Apartaestudio en venta en chipichape, cali","Apartaestudio enCali, Valle del cauca",,Llamar,"VIVENTU VENDE: ¿Buscas una inversión que se pague sola? En el corazón del norte de Cali, junto al C.C. Chipichape, descubre Chipichape Living. Este espectacular apartaestudio se entrega totalmente amoblado y equipado con muebles de diseño, aire acondicionado y un exclusivo sistema de proyector con pantalla de cine para una experiencia de entretenimiento única. Su ambiente integrado y moderno cuenta con balcón privado, cocina tipo americano y acabados de lujo. Más que un apartamento, compras un estilo de vida tipo hotel: disfruta de piscina, zona BBQ, gimnasio, lavandería, coworking y sala de entretenimiento. Diseñado bajo el concepto de Coliving, es el lugar ideal para rentas cortas y Airbnb, garantizando alta valorización y rentabilidad constante. Con locales comerciales en la base y seguridad inteligente, este es el negocio ""llave en mano"" que estabas esperando. ¡Haz que tu capital trabaje por ti! contáctanos al 305 dos cincuenta y cuatro 45 cincuenta y nueve",[],3.4753593133528,-76.530030146241,,,,,,,,,,,,,,2026-08-02
"Lote en Venta en Pance, Cali",https://www.fincaraiz.com.co/lote-en-venta-en-pance-cali/192801134,192801134,https://cdn4.fincaraiz.com.co/repo/img/th.outside384x275.68b05b6017ed0_infocdn__cpgubvg0qad0o5hzpwccna5vlj8ycwkngkhcfjp2jpg.jpg,[],$ 950.000.000,6 m²,"Lote en venta en pance, cali","Lote enCali, Valle del cauca",,Llamar,"Hermoso lote en Lomas del Rios. Practicamente plano. Vista panoramica, esquinero. Son 6.000,65.Gran ubicacion dentro del condominio. Listo para construir.",[],3.3094048,-76.5725544,,,,,,,,,,,,,,2026-08-02
"Casa en Venta en La Riverita, Cali",https://www.fincaraiz.com.co/casa-en-venta-en-la-riverita-cali/193630089,193630089,https://cdn4.fincaraiz.com.co/repo/img/th.outside384x275.69de60e88ea14_infocdn__uif5xh1poxizpehc3veuj9ddefyuhlu4ypuy9aymjpg.jpg,[],$ 3.000.000.000,4 Habs. 6 Baños 465 m²,"Casa en venta en la riverita, cali","Casa enCali, Valle del cauca",,Llamar,"Hermosa casa de 465 mts costruidos mas 100 de  terrazas y un  lote 1100 mts, Cuenta con cuatro alcobas con terrazas cada una con baño, sala de televisión, estudio con biblioteca, terraza cubierta, piscina privada, cuarto y baño de servicio, cuarto de garage, dos patios de servicio, cuarto de despenza, jardín interior, garaje cuádruple, cinco parqueaderos comunes de visitantes, jardines,árboles frutales y linda vista.",[],3.3629308,-76.5585512,,,,,,,,,,,,,,2026-08-02
"Bodega en  Venta en Acopi, Yumbo",https://www.fincaraiz.com.co/bodega-en-venta-en-acopi-yumbo/192127305,192127305,https://cdn4.fincaraiz.com.co/repo/img/th.outside384x275.67d09b8d95e89_infocdn__o5ftzm2utc9zttqp7o1zr2whesfh55xa3qadckhkjpg.jpg,[],$ 8.600.000.000,8 Baños 3507 m²,"Bodega en  venta en acopi, yumbo","Bodega enCali, Valle del cauca",,Llamar,"BODEGAS  EN VENTA CON ÁREA DE 3.507 M2 CONSTRUIDOS EN UN LOTE DE 6.500M2 , cerramiento perimetral excelente iluminación natural, construida con cubierta termo acústica, estructura en cercha  ángulos metálicos, área operativa libre, construida altura mín. de 7.5 mts y máx. 8.5 mts , pisos para tráfico pesado excelente estado 3 TN/ m2, rampas en concreto de comunicación entre las 2 bodegas, zona de oficios y cocineta, baterías de baño operativos, puerta de ingreso 5 x 4.50 mts, zonas de parqueos, compuerta a nivel para cargue de  tractomulas, portería y CCTV.BODEGA No.1 área operativa de 1.542 M2 + área de oficinas en dos pisos 128M2 + baños de operarios 15 M2 + áreas de almacenamiento lateral de 156 M2, AREA CONSTRUIDA BODEGA No.1 de 1.841 M2BODEGA No. 2 distribuida de la siguiente manera, área operativa almacenamiento  en primer nivel de 1.665 M2,CONSTRUIDOS EN UN LOTE DE TERRENO DE 6.500 M2AABODEGAS Expertos en inmuebles industriales y comerciales.Alfredo Aldana B. Cel. *** - ***.[email protected]",[],3.490696698925,-76.510333605712,,,,,,,,,,,,,,2026-08-02
"Apartamento en  Venta en Caney, Cali",https://www.fincaraiz.com.co/apartamento-en-venta-en-caney-cali/191932771,191932771,https://cdn4.fincaraiz.com.co/repo/img/th.outside384x275.679928350864f_infocdn__fme9toqwujvi9uykrnlimo83githetj0mmbpkhosjpg.jpg,[],$ 380.000.000,3 Habs. 2 Baños 92 m²,"Apartamento en  venta en caney, cali","Apartamento enCali, Valle del cauca",,Llamar,"Descubra este encantador apartamento de 92 m² ubicado en un piso alto del prestigioso barrio Caney en Cali, Valle del Cauca. Conjunto los robles. Este inmueble destaca por su excelente iluminación natural, que inunda cada espacio, creando un ambiente cálido y acogedor. El apartamento cuenta con 3 amplias alcobas, ideales para el descanso y la privacidad de toda la familia. La sala comedor se integra en un ambiente espacioso y luminoso, complementado por un balcón generoso que invita a disfrutar de las vistas y el aire fresco. La cocina integral a gas, moderna y funcional, es perfecta para los amantes de la gastronomía. Para su confort, el apartamento incluye dos aires acondicionados estratégicamente ubicados y un calentador de agua, asegurando una temperatura ideal en cualquier estación. Los pisos en cerámica aportan elegancia y facilidad de mantenimiento. Además, la propiedad ofrece la conveniencia de dos garajes cubiertos, un valor añadido en la zona. Las zonas comunes del conjunto residencial son un verdadero oasis, con una refrescante piscina para disfrutar en los días soleados y un área de juegos diseñada para el entretenimiento de los más pequeños. La ubicación es inmejorable, a pocos minutos del reconocido Centro Comercial Jardín Plaza, ofreciendo una amplia gama de opciones de compras, entretenimiento y gastronomía. Asimismo, se encuentra muy cerca de la Clínica Valle del Cauca, garantizando acceso rápido a servicios de salud de alta calidad. Este apartamento es la com",[],3.3819820657834,-76.523259955139,,,,,,,,,,,,,,2026-08-02
"Apartamento en Venta en Santa elena, Cali",https://www.fincaraiz.com.co/apartamento-en-venta-en-santa-elena-cali/193800066,193800066,https://cdn4.fincaraiz.com.co/repo/img/th.outside384x275.6a15cfe141c43_infocdn__6dyakhobr8cb44wsyv2lcud4sdzlvijiwvbztxbtjpg.jpg,[],$ 265.000.000,3 Habs. 1 Baño 76 m²,"Apartamento en venta en santa elena, cali","Apartamento enCali, Valle del cauca",,Llamar,"¡Descubra su nuevo hogar en el vibrante barrio Santa Elena! Presentamos una excepcional propiedad horizontal en un segundo piso, ubicada estratégicamente en la Cra 32A # 14C-21. Este encantador apartamento destaca por sus amplios y luminosos espacios, diseñados para ofrecer el máximo confort y bienestar.Disfrute de tres acogedoras alcobas, perfectas para el descanso y la privacidad de toda la familia. El balcón le invita a relajarse y disfrutar del aire fresco, mientras que el baño completo satisface todas sus necesidades. La propiedad cuenta además con una práctica zona de oficios que incluye un patio, ideal para tareas del hogar.Con un estrato 3, esta vivienda representa una excelente oportunidad de inversión y calidad de vida. Su precio de $265.000.000 es negociable, lo que la convierte en una oferta aún más atractiva.No deje pasar esta inigualable oportunidad de adquirir la casa de sus sueños. ¡Llame ya y agende su cita para conocer este maravilloso inmueble!",[],3.4250419,-76.5266011,,,,,,,,,,,,,,2026-08-02
"Apartamento en Venta en Ciudad Pacífica, Cali",https://www.fincaraiz.com.co/apartamento-en-venta-en-ciudad-pacifica-cali/193978698,193978698,https://cdn4.fincaraiz.com.co/repo/img/th.outside384x275.6a62514f82e69_infocdn__12221-1-1783720280png.png,[],$ 214.000.000,2 Habs. 2 Baños 46 m²,"Apartamento en venta en ciudad pacífica, cali","Apartamento enCali, Valle del cauca",,Llamar,"¡El hogar que siempre soñaste te espera! Descubre exclusivos apartamentos con áreas desde 46,91 m² hasta 65,33 m², diseñados para ofrecer el equilibrio perfecto entre comodidad, funcionalidad y estilo.Cada apartamento cuenta con 2 cómodas habitaciones, 2 baños, sala de estar, parqueadero propio, amplia sala-comedor, cocina moderna de concepto abierto y zona de oficios, espacios que se complementan con una excelente distribución, iluminación natural en obra gris.Vive en un conjunto residencial pensado para disfrutar cada momento, con completas zonas comunes, amplias áreas verdes y espacios ideales para compartir en familia. Además, su privilegiada ubicación te permitirá estar cerca de centros comerciales, supermercados, instituciones educativas, servicios de salud y las principales vías de acceso de la ciudad.Tierralinda del Valle es una excelente oportunidad para vivir con tranquilidad, comodidad y alta proyección de valorización.",[],3.3960467137497,-76.506193613078,,,,,,,,,,,,,,2026-08-02
"Lote en Venta en Granada, Cali",https://www.fincaraiz.com.co/lote-en-venta-en-granada-cali/193633423,193633423,https://cdn4.fincaraiz.com.co/repo/img/th.outside384x275.6a344691ac9ac_infocdn__12108-1-1775521774jpg.jpg,[],$ 3.000.000.000,877 m²,"Lote en venta en granada, cali","Lote enCali, Valle del cauca",,Llamar,"En un exclusivo sector residencial se encuentra este amplio lote de terreno, con una extensión de metros cuadrados. Su ubicación privilegiada ofrece vistas panorámicas y un entorno tranquilo y seguro para construir la casa de tus sueños. Con acceso a servicios básicos y cercanía a comercios y colegios, este terreno es ideal para quienes buscan un estilo de vida de calidad. No pierdas la oportunidad de invertir en este prometedor espacio que te brindará la posibilidad de crear un hogar único y acogedor. ¡Contáctanos para más información!",[],3.4582563,-76.533132,,,,,,,,,,,,,,2026-08-02
"Apartamento en Venta en Aguacatal, Cali",https://www.fincaraiz.com.co/apartamento-en-venta-en-aguacatal-cali/193923326,193923326,https://cdn4.fincaraiz.com.co/repo/img/th.outside384x275.6a47bd069e919_infocdn__12155-1-1782494734jpg.jpg,[],$ 310.000.000,2 Habs. 2 Baños 50 m²,"Apartamento en venta en aguacatal, cali","Apartamento enCali, Valle del cauca",,Llamar,"Vive rodeado de naturaleza y con uno de los mejores climas del oeste de Cali en este moderno apartamento ubicado en el piso 12 del Conjunto Residencial Parque Central, en el tradicional barrio Aguacatal. Un proyecto reconocido por su entorno verde, tranquilidad y alto potencial de valorización.El apartamento cuenta con excelentes acabados y una distribución funcional: dos habitaciones, la principal con baño privado, un segundo baño completo y un espacio adicional ideal para estudio o para adecuar una tercera habitación. La sala-comedor se integra a una cocina abierta que aporta amplitud y modernidad, y se conecta con un balcón con vista exterior que permite disfrutar del paisaje natural del sector. Además, incluye zona de oficios independiente.El conjunto ofrece parqueadero comunal para carros y motos, piscina para adultos y niños, salón social, gimnasio al aire libre y portería con control de acceso. Un ambiente seguro y pensado para el bienestar.La ubicación es estratégica: cerca de una amplia zona comercial y de servicios, colegios, transporte público y con fácil conexión hacia el centro de la ciudad.Un hogar ideal para quienes buscan tranquilidad, naturaleza y proyección de valorización.Agenda tu visita y descubre por qué este apartamento puede ser tu próximo hogar.",[],3.457002606618,-76.559411926884,,,,,,,,,,,,,,2026-08-02
"Edificio en Venta en Valle del Lili, Cali",https://www.fincaraiz.com.co/edificio-en-venta-en-valle-del-lili-cali/193834452,193834452,https://cdn4.fincaraiz.com.co/repo/img/th.outside384x275.6a6b812205a26_infocdn__5165-1-1780492644jpg.jpg,[],$ 700.000.000,8 Habs. 6 Baños 280 m²,"Edificio en venta en valle del lili, cali","Edificio enCali, Valle del cauca",,Llamar,"Venta de Casa de 4 niveles independientes, ideal para inversión, ubicada al sur de Cali, Barrio Calicanto, distribuida de la siguiente manera; 1 nivel, apartamento que consta de sala- comedor, 1 baño, 2 habitaciones, cocina, zona de ropas este apartamento cuenta con espacio para parquear 2 vehículos. 2 nivel; apartamento que consta de sala- comedor, 1 baño, 2 habitaciones una de ellas con baño privado, cocina semiintegral, zona de oficios en la misma área de cocina. 3 nivel; apartamento que consta de sala- comedor, 1 baño, 2 habitaciones una de ellas con baño privado, cocina integral y zona de oficios en la misma área de cocina. 4 nivel; 2 aparta estudios pequeños con espacios de 1 solo ambiente con su cocina pequeña y 1 baño. Cada apartamento tiene su contador de servicios públicos. Valor Venta $700.000.000",[],3.3710790497767,-76.519056558609,,,,,,,,,,,,,,2026-08-02
"Casa en  Venta en El ingenio, Cali",https://www.fincaraiz.com.co/casa-en-venta-en-el-ingenio-cali/191549886,191549886,https://cdn4.fincaraiz.com.co/repo/img/th.outside384x275.68eeb0a227aaa_infocdn__5860-4-10737994jpg.jpg,[],$ 990.000.000,4 Habs. 5 Baños 470 m²,"Casa en  venta en el ingenio, cali","Casa enCali, Valle del cauca",,Llamar,"ABC INMOBILIARIA VENDE EXCELENTE CASA EN EL BARRIO INGENIO II: LA CASA CONSTA DE DOS PISOS DISTRIBUIDOS DE LA SIGUIENTE MANERA; EN EL PRIMER NIVEL ENCONTRAMOS GARAJE CON PUERTA ELÉCTRICA PARA DOS CARROS GRANDES Y UNO PEQUEÑO, AMPLIA SALA - COMEDOR, BAÑO SOCIAL, DEPÓSITO, COCINA MODERNA Y  ABIERTA, COMPLETAMENTE REMODELADA, ADEMÁS UNA HABITACIÓN CON BAÑO, EXTRACTOR DE OLORES Y CLOSET, PATIO CON JACUZZI Y ZONA DE ASEO; EL SEGUNDO NIVEL CON SALA DE T.V,, BAÑO SOCIAL, HABITACIÓN PRINCIPAL CON ESTUDIO, BAÑO, VESTIER Y BALCÓN, SEGUNDA HABITACIÓN CON ESTUDIO, CLOSET Y BAÑO; LA TERCERA HABITACIÓN CON ESTUDIO. CONTÁCTANOS PARA MAYOR INFORMACIÓN",[],3.381318733276,-76.529844326499,,,,,,,,,,,,,,2026-08-02
"Local en  Venta en Centro, Cali",https://www.fincaraiz.com.co/local-en-venta-en-centro-cali/191549910,191549910,https://cdn4.fincaraiz.com.co/repo/img/th.outside384x275.67dc42c0bfa05_infocdn__5825-0-7471895jpg.jpg,[],$ 450.000.000,1 Baño 50 m²,"Local en  venta en centro, cali","Local Comercial enCali, Valle del cauca",,Llamar,"ABC VENDE LOCAL COMO EXCELENTE OPORTUNIDAD PARA INVERSIÓN; SE OBTIENE UN MEJOR RETORNO DE LA INVERSIÓN, MENORES COSTOS DE MANTENIMINETO, EL INCREMENTO AL PRECIO DEL INMUEBLE CADA  AÑO. EL LOCAL SE ENCUENTRA UBICADO EN EL CENTRO DE LA CIUDAD DE CALI, LO COMPONE UN SALÓN DE 40,18 MT2, UN BAÑO Y UN MEZZANINE DE 10,08 MT2",[],3.45345130326,-76.531724340309,,,,,,,,,,,,,,2026-08-02
"Casa en  Venta en Pance, Cali",https://www.fincaraiz.com.co/casa-en-venta-en-pance-cali/191851833,191851833,https://cdn4.fincaraiz.com.co/repo/img/th.outside384x275.6a47fc39ec763_infocdn__65aefe391e884jpg.jpg,[],$ 2.400.000.000,5 Habs. 7 Baños 820 m²,"Casa en  venta en pance, cali","Casa enCali, Valle del cauca",,Llamar,"Venta casa en condominio, con hermoso diseño contemporáneo,  excelente distribución, fresca, iluminada y muy acogedora, con acabados de lujo, ubicada en uno de los mejores sectores de Pance ""La Viga"", cerca a colegios, universidades, Mall, restaurantes, son 820 m2 de construcción distribuidos: 1er piso:  6 parqueaderos cubiertos y espacio para otros parqueaderos,  jardin que es atravesado por un riachuelo, sala, comedor, cocina abierta americana, bar, cuarto de empleada generoso con baño, zona de oficios, deposito, baño social, en la parte posterior encontramos la zona húmeda con piscina, baño turco, jacuzzy, salón para reuniones, zona bbq y baño. 2do. piso: 4 habitaciones, 4 baños, todas con generosos espacios., blackup,  persianas y aires acondicionados, la principal con sala auxiliar y tina en el baño 3er piso, un gran espacio que actualmente se utiliza como oficina, esta habitación esta rodeada por una  enorme terraza, con fantástica vista, en uno de los espacios se acondiciono un gimnasio., el valor de la administración es de $1.000.000 incluye el agua, el condominio cuenta con planta eléctrica para todas las casas, existe la opción de venta con muebles., un lugar completo, cómodo y exclusivo para vivir en familia., Se aceptan permutas por inmueble de menor valor o auto.",[],3.32834,-76.63865,,,,,,,,,,,,,,2026-08-02
"Apartamento en Venta en Caney, Cali",https://www.fincaraiz.com.co/apartamento-en-venta-en-caney-cali/193865639,193865639,https://cdn4.fincaraiz.com.co/repo/img/th.outside384x275.6a2b67c79c9fe_infocdn__9191420-23-1781188007jpg.jpg,[],$ 195.000.000,2 Habs. 2 Baños 52 m²,"Apartamento en venta en caney, cali","Apartamento enCali, Valle del cauca",,Llamar,"Excelente oportunidad de vivienda en El Caney, uno de los sectores de mayor valorización del sur de Cali!Se vende acogedor apartamento ubicado en el 4° piso sin ascensor del Conjunto Residencial Cerezos del Caney, una excelente alternativa para quienes buscan comodidad, ubicación estratégica y fácil acceso a todos los servicios que necesita la familia.Su privilegiada ubicación lo sitúa frente al supermercado Mercar del Caney y a tan solo una cuadra de la ruta alimentadora del MIO, facilitando la movilidad hacia cualquier punto de la ciudad. Además, se encuentra cerca de supermercados, droguerías, parques, colegios, universidades, restaurantes y zonas comerciales.El apartamento cuenta con una distribución funcional y espacios bien iluminados:- Sala comedor con vista exterior.- Estudio o espacio para trabajar desde casa.- Cocina integral con gas natural.- Zona de oficios independiente.- Alcoba principal con clóset y baño privado.- Alcoba auxiliar con clóset.- Baño social o de alcobas.El conjunto residencial ofrece agradables zonas comunes para el disfrute de toda la familia:- Piscina para adultos y niños.- Salón social.- Cancha múltiple.- Juegos infantiles.- Parqueadero comunitario.Vivir en El Caney es disfrutar de un sector moderno, seguro y de alta valorización en el sur de Cali, con excelentes vías de acceso y cercanía a importantes centros comerciales, universidades, clínicas y zonas verdes.",[],3.382032859778,-76.517103060255,,,,,,,,,,,,,,2026-08-02
"Apartamento en Venta en Normandia, Cali",https://www.fincaraiz.com.co/apartamento-en-venta-en-normandia-cali/193326474,193326474,https://cdn4.fincaraiz.com.co/repo/img/th.outside384x275.6a3ef67464a0d_infocdn__gr-se-vende-apartamento-en-norman-1769522678-7291-7563jpeg.jpeg,[],$ 900.000.000,4 Habs. 3 Baños 192 m²,"Apartamento en venta en normandia, cali","Apartamento enCali, Valle del cauca",,Llamar,"JV VENTA ESPECTACULAR APARTAMENTO EN NORMANDÍAConsta de ciento noventa y dos metros, con una increíble vista este apartamento te ofrece todos los beneficios para una vida tranquila, excelente Ubicación, cuenta con dos parqueaderos, balcón, habitacion de servicio, hall de alcobas, sala comedor amplios, cocina.Cerca de puntos estratégicos, zonas verdes.",[],3.4536107466207,-76.542827170547,,,,,,,,,,,,,,2026-08-02
