Título,URL detalle,id_inmueble,URL imagen,Etiquetas,Precio listado,Tipología listado,Descripción breve,Ubicación listado,Publicante,Acción disponible,Porcentaje terminado,Porcentaje vendido,Ocupación,Desarrollador,Estado,Parqueaderos,Financiación,Formas de pago,Cuota inicial,Cantidad de pisos,Aplica subsidio,Fecha de Finalización,Estrato,Descripción completa,Unidades,Latitud,Longitud,fecha_recoleccion
"MALTA CIUDAD MALLORQUIN, Apartamento en Venta en Conjunto residencial villa campestre, Barranquilla",https://www.fincaraiz.com.co/proyectos-vivienda/malta-ciudad-mallorquin-apartamentos-en-venta-en-conjunto-residencial-villa-campestre-barranquilla/7969034,7969034,https://s3.amazonaws.com/imagenesprof.fincaraiz.com.co/OVFR_COL/2023/3/14/4155611_64_5.jpg,[],Desde $ 207.800.000,2 Habs. 1 Baño 56 m²,"Malta ciudad mallorquin, apartamento en venta en conjunto residencial villa campestre, barranquilla","Apartamento enBarranquilla, Atlantico",CONSTRUCTORA BOLIVAR,Llamar,¡Pregúntale!,¡Pregúntale!,¡Pregúntale!,¡Pregúntale!,Sobre planos,¡Pregúntale!,¡Pregúntale!,¡Pregúntale!,¡Pregúntale!,¡Pregúntale!,¡Pregúntale!,2026,3,"¡Nueva etapa de apartamentos con subsidio en Ciudad Mallorquín! Malta es un proyecto de apartamentos en conjunto cerrado con variedad de zonas sociales como piscina para adultos y niños, coworking, gimnasio, sala premium, terrazas BBQ y mucho más. Además encuentra excelente distribución de espacios en nuestros apartamentos, ideales para vivir o invertir..",[],11.02816963195800000000,-74.83760833740230000000,2026-08-02
"PORTOROSSO APARTAMENTOS, Apartamento en Venta en Villa Campestre, Barranquilla",https://www.fincaraiz.com.co/proyectos-vivienda/portorosso-apartamentos-apartamentos-en-venta-en-villa-campestre-barranquilla/5177821,5177821,https://d3s5pkt10pk3ga.cloudfront.net/resizedImages/384x275/site/fincaraiz_service/media/listing/74fda0cf-4220-4bcc-9929-640df6b4e985/photos/74fda0cf-4220-4bcc-9929-640df6b4e985_5_False_005d089a-1bd9-4bc5-a87f-d7027929c94d.jpg,[],Desde $ 549.000.000,3 Habs. 3 Baños 91.42 m²,"Portorosso apartamentos, apartamento en venta en villa campestre, barranquilla","Apartamento enBarranquilla, Atlantico",CONCONCRETO,Llamar,¡Pregúntale!,¡Pregúntale!,¡Pregúntale!,¡Pregúntale!,Nuevos,1,70%,30%,¡Pregúntale!,¡Pregúntale!,¡Pregúntale!,¡Pregúntale!,4,"PortoRosso apartamentos es un conjunto residencial y de gran desarrollo inmobiliario, está ubicado estratégicamente cerca a Colegios, Universidades y Centros comerciales, su vista a la Ciénaga de Mallorquín y al Mar Caribe te darán los mejores atardeceres.Contamos con áreas desde 97 mts hasta 134 mts con 3 habitaciones, balcón, cocina abierta y totalmente terminados, sólo 4 apartamentos por piso, el parqueadero es cubierto. Contamos con planta eléctrica de suplencia total, las familias podrán disfrutar de piscina para adultos y niños, parque Infantil, cancha polideportiva, BBQ, gimnasio, Solarium y mucho más.",[],11.02376070000000000000,-74.85560810000000000000,2026-08-02
"Palmanova, Apartamentos en Venta en Miramar, Barranquilla",https://www.fincaraiz.com.co/proyectos-vivienda/palmanova-apartamentos-en-venta-en-miramar-barranquilla/15017212,15017212,https://cdn4.fincaraiz.com.co/repo/img/th.outside384x275.67a4d0c72cc59_infocdn__fh9rbdgefk0vlveclqhgd0hhiwvpy3kc1uyuvcnrpng.png,[],Desde $ 226.752.000,1 Hab 1 Baño 46.7 m²,"Palmanova, apartamentos en venta en miramar, barranquilla","Apartamento enBarranquilla, Atlantico",MARVAL BARRANQUILLA,Llamar,¡Pregúntale!,¡Pregúntale!,¡Pregúntale!,¡Pregúntale!,Sobre planos,¡Pregúntale!,20%,todos los medios de pago,¡Pregúntale!,¡Pregúntale!,¡Pregúntale!,¡Pregúntale!,4,"El proyecto PALMANOVA, es un conjunto tipo VIS se encuentra ubicado en el desarrollo urbanístico Ciudad Mallorquín, en el municipio de Puerto Colombia al noroccidente del departamento del Atlántico. Este proyecto está próximo a grandes hitos urbanos como la Universidad del Norte, el Colegio Parrish y el Hotel Marriot, además de vías importantes como la Carrera 53 y la Av. Olaya Herrera. Ciudad Mallorquín está ubicado estratégicamente en una de las principales zonas de desarrollo del Municipio de Puerto Colombia. Plantea la construcción de un parque urbano que se convertirá en el pulmón verde del nuevo sector, donde su principio fundamental es la conservación del entorno natural existente. Se complementará con ciclovías y amplios andenes que promueven una movilidad sostenible.",[],11.0059467,-74.8362835,2026-08-02
"Riverblue, Apartamento en Venta en Riomar, Barranquilla",https://www.fincaraiz.com.co/proyectos-vivienda/riverblue-apartamentos-en-venta-en-riomar-barranquilla/10565926,10565926,https://d3s5pkt10pk3ga.cloudfront.net/resizedImages/384x275/site/fincaraiz_service/media/listing/4ae0487b-cc42-4235-a118-05a03d6793be/photos/4ae0487b-cc42-4235-a118-05a03d6793be_1_True_62c18f92-fd95-4409-a4e2-13c6e64841a5.jpg,[],Desde $ 261.495.000,2 Habs. 2 Baños 51.59 m²,"Riverblue, apartamento en venta en riomar, barranquilla","Apartamento enBarranquilla, Atlantico",MARVAL BARRANQUILLA,Llamar,¡Pregúntale!,¡Pregúntale!,¡Pregúntale!,¡Pregúntale!,Sobre planos,¡Pregúntale!,¡Pregúntale!,¡Pregúntale!,¡Pregúntale!,¡Pregúntale!,¡Pregúntale!,¡Pregúntale!,3,"Riverblue es un innovador proyecto de Vivienda de Interés Social ubicado en norocciente de Barranquilla que reúne un diseño vanguardista y moderno con espacios abiertos, en una de las zonas de más desarrollo en la ciudad, Riomar. Con espacios para que conectes con tu vida y te reencuentres con la naturaleza, aprovechando su ubicación que te ofrece un estilo de vida único y todas las zonas comunes que buscas para ti y tu familia. Riverblue cuenta con 9 torres de 8 pisos con 8 apartamentos por piso, para un total de apartamentos de 576 unidades. Tiene un edificio de parqueaderos de 2 pisos, con parqueaderos y zonas comunes.",[],11.02105340000000000000,-74.82122420000000000000,2026-08-02
"LAGO FORET, Apartamento en Venta en Buenavista, Barranquilla",https://www.fincaraiz.com.co/proyectos-vivienda/lago-foret-apartamentos-en-venta-en-buenavista-barranquilla/10067978,10067978,https://cdn4.fincaraiz.com.co/repo/img/th.outside384x275.6a5659cf22b69_infocdn__3z5asjqbfutoqnjd70pydc21zcb8qxxktcjruiznjpg.jpg,[],Desde $ 672.054.000,1 Hab 2 Baños 54.55 m²,"Lago foret, apartamento en venta en buenavista, barranquilla","Apartamento enBarranquilla, Atlantico",ARQUITECTURA Y CONCRETO,Llamar,¡Pregúntale!,¡Pregúntale!,¡Pregúntale!,¡Pregúntale!,Sobre planos,1,70,26,¡Pregúntale!,¡Pregúntale!,¡Pregúntale!,¡Pregúntale!,5,"Lago Foret es el nuevo proyecto de apartamentos de Arquitectura y Concreto en el norte de Barranquilla. Lago Foret es un proyecto pensado para personas que forman una vida audaz e inteligente, que buscan un proyecto de vivienda que entrelace la naturaleza y la conexión con la ciudad. Lago Foret contará con tres (3) torres de apartamentos que se desarrollarán junto a una Reserva Forestal que resguardará un lago de color verde, todo esto con una ubicación central en el sector Buenavista en Barranquilla",[],11.01952928047670000000,-74.83317271546010000000,2026-08-02
"Apartamento en Venta en Ciudad Mallorquin, Barranquilla",https://www.fincaraiz.com.co/apartamento-en-venta-en-ciudad-mallorquin-barranquilla/193793263,193793263,https://cdn4.fincaraiz.com.co/repo/img/th.outside384x275.6a680c2ee1161_infocdn__104566-1-1782165328jpg.jpg,[],$ 280.000.000,2 Habs. 2 Baños 57 m²,"Apartamento en venta en ciudad mallorquin, barranquilla","Apartamento enBarranquilla, Atlantico",Financar S.A.,Llamar,,,,,,,,,,,,,,"Edificio ubicado en un sector EXCLUSIVO del nuevo corredor universitario donde se desarrolla el municipios de puerto Colombia Es un proyecto que entrega en Septiembre del 2023. De ambiente fresco luz natural durante el día con espacios amplios dedicado para la familia. Cuenta con concina integral con mesón en granito pulido gabinetes inferiores, sala comedor, baños amplios, hall de alcoba área, de labores, balcón panorámico. El conjunto ofrece piscina, gimnasio, salón social, parque infantil, amplias zonas verdes, cancha múltiple y salón de juegos. Es cercano cc buena vista 1,2 mall plaza, plaza del parque, clínica porto azul, autopista al mar, corredor universitario y supermercado olímpica.",[],11.023914185464,-74.841573798705,2026-08-02
"POP UP LIVING: Invierte en Apartamentos para Rentas Cortas en Barranquilla, Apartamentos en Venta en Barranquilla",https://www.fincaraiz.com.co/proyectos-vivienda/pop-up-living-invierte-en-apartamentos-para-rentas-cortas-en-barranquilla-apartamentos-en-venta-en-barranquilla/15018407,15018407,https://cdn4.fincaraiz.com.co/repo/img/th.outside384x275.69d594f703d3d_infocdn__5hcfn465oifk6odgxazjxwbli8oe2q7kff6cix9ojpg.jpg,[],Desde $ 517.304.002,1 Hab 1 Baño 27 m²,"Pop up living: invierte en apartamentos para rentas cortas en barranquilla, apartamentos en venta en barranquilla","Apartamento enBarranquilla, Atlantico",TRAZOS URBANOS,Llamar,¡Pregúntale!,¡Pregúntale!,¡Pregúntale!,¡Pregúntale!,Sobre planos,¡Pregúntale!,70%,30%,¡Pregúntale!,¡Pregúntale!,¡Pregúntale!,¡Pregúntale!,6,"Pop Up Living es un edificio de 84 apartamentos diseñados para rentas cortas ubicado en la zona norte de Barranquilla. El proyecto ofrece 74 apartamentos entre 27 m² y 60 m² y 10 dúplex desde 60 m², con lobby, rooftop y zona comercial que complementan la experiencia hotelera. Diseñado para inversionistas, combina ubicación estratégica, operación profesional y diseño moderno, con suites hotelera proyectadas para generar ingresos y valorización.",[],11.0058549,-74.8116977,2026-08-02
"Apartamento en Venta en Villa Campestre, Barranquilla",https://www.fincaraiz.com.co/apartamento-en-venta-en-villa-campestre-barranquilla/193528188,193528188,https://cdn4.fincaraiz.com.co/repo/img/th.outside384x275.6a4e7c7674256_infocdn__gr190592420260317042411jpeg.jpeg,[],$ 485.000.000,3 Habs. 2 Baños 8088 m²,"Apartamento en venta en villa campestre, barranquilla","Apartamento enBarranquilla, Atlantico",VB BUSINESS S.A.S,Llamar,,,,,,,,,,,,,,"Descubre este elegante apartamento en venta ubicado en el exclusivo sector Altos de los Rosales, en el reconocido Edificio Altamar Caribe.Con 80.88 m² inteligentemente distribuidos, esta propiedad ofrece 3 cómodas habitaciones, 2 baños modernos y 1 parqueadero, ideal para quienes buscan confort, estilo y calidad de vida.El edificio cuenta con completas amenidades tipo club: piscina, gimnasio, canchas deportivas, parques y salón de eventos, perfectos para disfrutar momentos inolvidables en familia o con amigos.PRECIO DE VENTA: $485.000.000 Oportunidad unica en el sector.Contactenos para una visita presencial o virtual guiada por nosotros. Somo VB Business, El estándar de exclusividad, seguridad y efectividad que el valor de su patrimonio merece.",[],11.025361193562,-74.851924902483,2026-08-02
"Ciudad del Parque Tayrona I, Apartamento en Venta en Siete de abril, Barranquilla",https://www.fincaraiz.com.co/proyectos-vivienda/ciudad-del-parque-tayrona-i-apartamentos-en-venta-en-siete-de-abril-barranquilla/15017225,15017225,https://cdn4.fincaraiz.com.co/repo/img/th.outside384x275.67a53316beeb1_infocdn__jnli7b6bayzwwynhtaro0xe4xpzyw5bmpkcqfljpjpg.jpg,[],Desde $ 241.404.000,2 Habs. 2 Baños 58.76 m²,"Ciudad del parque tayrona i, apartamento en venta en siete de abril, barranquilla","Apartamento enBarranquilla, Atlantico",MARVAL BARRANQUILLA,Llamar,¡Pregúntale!,¡Pregúntale!,¡Pregúntale!,¡Pregúntale!,En construcción,¡Pregúntale!,¡Pregúntale!,¡Pregúntale!,¡Pregúntale!,¡Pregúntale!,¡Pregúntale!,¡Pregúntale!,4,"Se encuentra ubicado en el desarrollo urbanístico conocido como Ciudad del Parque, ubicado en el municipio de Soledad, Este es un sector de gran desarrollo urbano, con parques de cesión pública y vías de perfil amplio. Al frente del conjunto hay una importante área de cesión en la cual se desarrollará un gran parque con zonas verdes, cancha, áreas de recreación pasiva y activa y senderos peatonales. Como parte de la nueva Soledad, el sector cuenta con múltiples vías de acceso, cercano a varios espacios educativos y comerciales. Podrás disfrutar de ambientes naturales y cómodos espacios para el bienestar de tu familia",[],10.926514,-74.8208668,2026-08-02
"La Plazuela, Apartamento en Venta en Boston, Barranquilla",https://www.fincaraiz.com.co/proyectos-vivienda/la-plazuela-apartamentos-en-venta-en-boston-barranquilla/15017157,15017157,https://cdn4.fincaraiz.com.co/repo/img/th.outside384x275.67a22d5d18c7d_infocdn__qsmsj0zd3iri4upiohieyj9pbnhsliowfcrif6v6jpg.jpg,[],Desde $ 357.807.000,2 Habs. 2 Baños 62.31 m²,"La plazuela, apartamento en venta en boston, barranquilla","Apartamento enBarranquilla, Atlantico",MARVAL BARRANQUILLA,Llamar,¡Pregúntale!,¡Pregúntale!,¡Pregúntale!,¡Pregúntale!,En construcción,1,¡Pregúntale!,¡Pregúntale!,¡Pregúntale!,¡Pregúntale!,¡Pregúntale!,¡Pregúntale!,4,"Un proyecto diseñado con las ventajas de tenerlo todo alrededor. 732 apartamentos construidos con características que encierran una distribución ideal, exclusivas zonas de bienestar y una torre con 732 parqueaderos privados y 146 estacionamientos para visitantes. Vías de acceso principales que favorecen tu movilidad: Calle 53 entre carrera 44 y 45. El proyecto está diseñado con las ventajas de tenerlo todo a su alrededor, cuenta con características que encierran una distribución ideal y exclusiva en todas sus zonas y espacios que brindan confort y bienestar para toda tu familia. Su zona social cuenta con gimnasio, juegos infantiles, piscina familiar, salón de eventos, zonas verdes, entre otras amenidades que te regalarán nuevas experiencias. Su ubicación es céntrica. Sitios de interés cercanos: – Homecenter – Plaza de la Paz – C.C. Portal del Prado – Colegio María Auxiliadora – Universidad Libre – Universidad Santo Tomás – Catedral Metropolitana María Reina de Barranquilla – Estación La Catedral de Transmetro",[],10.9868682,-74.7898065,2026-08-02
"Puerta Dorada El Lago, Apartamentos en Venta en Veinte de julio, Barranquilla",https://www.fincaraiz.com.co/proyectos-vivienda/puerta-dorada-el-lago-apartamentos-en-venta-en-veinte-de-julio-barranquilla/15017210,15017210,https://cdn4.fincaraiz.com.co/repo/img/th.outside384x275.67a4ceafd21cf_infocdn__pmb2k9hyleximuka1sd5tkxpgwsraolgumcha0xcjpg.jpg,[],Desde $ 254.477.000,2 Habs. 2 Baños 68.92 m²,"Puerta dorada el lago, apartamentos en venta en veinte de julio, barranquilla","Apartamento enBarranquilla, Atlantico",MARVAL BARRANQUILLA,Llamar,¡Pregúntale!,¡Pregúntale!,¡Pregúntale!,¡Pregúntale!,Sobre planos,¡Pregúntale!,30%,¡Pregúntale!,¡Pregúntale!,¡Pregúntale!,¡Pregúntale!,¡Pregúntale!,4,"El Lago es un proyecto de Vivienda de Interés Social (VIS) que hace parte de Ciudad Puerta Dorada, la nueva Barranquilla, ubicado sobre la Avenida Circunvalar con un completo desarrollo urbanístico. El Lago te brinda la oportunidad de compartir los mejores momentos con tu familia, por eso sus espacios están pensados para acoger cómodamente y que puedas disfrutar de unas zonas sociales completas, que incluyen juegos infantiles, piscinas para toda la familia y parqueadero comunal. Sin duda este proyecto con excelente ubicación es ideal para ti.",[],10.9292114,-74.8318379,2026-08-02
"Costanera, Apartamento en Venta en Cr.la castellana, Barranquilla",https://www.fincaraiz.com.co/proyectos-vivienda/costanera-apartamentos-en-venta-en-crla-castellana-barranquilla/15016929,15016929,https://cdn4.fincaraiz.com.co/repo/img/th.outside384x275.6a035fdda3479_infocdn__za9ti9dkbucuvmfqckgizpllfcj6rdqdq6ly0zuspng.png,[],Desde $ 1.816.398.000,3 Habs. 3 Baños 148.14 m²,"Costanera, apartamento en venta en cr.la castellana, barranquilla","Apartamento enBarranquilla, Atlantico",MARVAL BARRANQUILLA,Llamar,¡Pregúntale!,¡Pregúntale!,¡Pregúntale!,¡Pregúntale!,Sobre planos,¡Pregúntale!,¡Pregúntale!,¡Pregúntale!,¡Pregúntale!,¡Pregúntale!,¡Pregúntale!,¡Pregúntale!,6,"Esta exclusiva colección de apartamentos se proyecta como uno de los últimos desarrollos del sector de La Castellana. Un lugar único que fusiona lujo, sostenibilidad y diseño vanguardista, manteniendo una perfecta armonía con su entorno. Apartamentos de gran formato, con tendencias y diseños traídos directamente del “Salone del Mobileˮ de Milán, la feria de acabados arquitectónicos más grande del mundo. Con amenidades que te ofrecen todo el confort posible, compuestas por diferentes espacios que lo convierten en el lugar ideal para aquellos que disfrutan del lujo del buen vivir.Dentro de sus zonas comunes de lujo se encuentran: Jacuzzis, sky lounge, wine cellar, cancha múltiple, cancha de pádel, zen garden, zona BBQ, zonas húmedas, gimnasio y coworking.",[],11.0132978,-74.8316292,2026-08-02
"AMATISTA, Apartamento en Venta en Alameda, Barranquilla",https://www.fincaraiz.com.co/proyectos-vivienda/amatista-apartamentos-en-venta-en-el-tabor-barranquilla/7106236,7106236,https://cdn4.fincaraiz.com.co/repo/img/th.outside384x275.679012af663e5_infocdn__00aqxqwipmx1czqf4kul439ggpxgf38sfjvvftuxpng.png,[],Desde $ 195.000.000,2 Habs. 1 Baño 51 m²,"Amatista, apartamento en venta en alameda, barranquilla","Apartamento enBarranquilla, Atlantico",AMARILO,Llamar,¡Pregúntale!,¡Pregúntale!,¡Pregúntale!,¡Pregúntale!,Nuevos,¡Pregúntale!,Financiación: 30 | Método de pago: Todas las entidades,¡Pregúntale!,¡Pregúntale!,¡Pregúntale!,¡Pregúntale!,¡Pregúntale!,3,ÚLTIMAS UNIDADESAMATISTA es un conjunto residencial de vivienda tipo Tope VIS (Vivienda de Interés Social) que se desarrolla en la Manzana 10 Residencial del Plan Parcial El Volador ubicado en la ciudad de Barranquilla.Este conjunto residencial ofrece apartamentos con múltiples comodidades y una ubicación estratégica en la ciudad.Descubre por qué Amatista es la opción ideal para estrenar vivienda y comenzar una nueva vida en la vibrante Barranquilla.,[],10.998105380084,-74.84090423584,2026-08-02
"IBIS, Apartamentos en Venta en Alameda del Rio, Barranquilla",https://www.fincaraiz.com.co/proyectos-vivienda/ibis-apartamentos-en-venta-en-alameda-del-rio-barranquilla/15016715,15016715,https://cdn4.fincaraiz.com.co/repo/img/th.outside384x275.66db3e215d56d_infocdn__zfkjcdqzx5kdo4b2st8uiugnz17ckkvu7gmpush0png.png,[],Desde $ 267.700.000,2 Habs. 1 Baño 57 m²,"Ibis, apartamentos en venta en alameda del rio, barranquilla","Apartamento enBarranquilla, Atlantico",AMARILO,Llamar,¡Pregúntale!,¡Pregúntale!,¡Pregúntale!,¡Pregúntale!,En construcción,¡Pregúntale!,¡Pregúntale!,¡Pregúntale!,¡Pregúntale!,¡Pregúntale!,¡Pregúntale!,2027,3,"IBIS es un conjunto residencial de edificios destinado a vivienda VIS, se encuentra ubicado en Alameda del Rio en la ciudad de Barranquilla, Atlántico. El conjunto residencial Ibis está conformado por  53.000 m² construidos aproximadamente, cuenta con: Dieciseis (16) torres de doce (12) pisos cada una destinadas a vivienda, Zonas comunes: Portería, salón social y gimnasio (semidotado), servicios de piscinas y BBQ. El conjunto contará con 346 parqueaderos residentes comunales,77 parqueaderos de visitantes, 15 parqueaderos para motos y 45 para bicicletas.Como dotación en los espacios comunales tendrá portería de control vehicular y peatonal, cuarto de manejo de basuras, oficina de administración, espacio disponible para administración de la copropiedad, salón social,  zonas de juegos infantiles, gimnasio semidotado, piscina de niños y de adutos, subestación électrica, planta de suplencia parcial para atención de zonas comunes, tanque de reserva de agua para atender las unidades de vivienda. Tendrá unidades de vivienda con áreas de 57m²  y 51m2 aprox, dos habitaciones + espacio para la 3ra y 1 baño + espacio para 2do baño. Los apartamentos de menor área  se entregarán con parqueadero común de uso exclusivo con asignación 1 a 1. Incluye plataforma de parqueaderos en semisótano.",[],10.9961604,-74.8404779,2026-08-02
"VIZCAINA AROMANZZA, Apartamentos en Venta en Buenavista, Barranquilla",https://www.fincaraiz.com.co/proyectos-vivienda/vizcaina-aromanzza-apartamentos-en-venta-en-buenavista-barranquilla/7351334,7351334,https://s3.amazonaws.com/imagenesprof.fincaraiz.com.co/OVFR_COL/2022/6/14/3735685_776_5.jpg,[],Desde $ 486.300.000,3 Habs. 2 Baños 85.5 m²,"Vizcaina aromanzza, apartamentos en venta en buenavista, barranquilla","Apartamento enBarranquilla, Atlantico",CONSTRUCTORA BOLIVAR,Llamar,¡Pregúntale!,¡Pregúntale!,¡Pregúntale!,¡Pregúntale!,Sobre planos,¡Pregúntale!,¡Pregúntale!,¡Pregúntale!,¡Pregúntale!,¡Pregúntale!,¡Pregúntale!,¡Pregúntale!,4,"Vizcaína de Aromanzza es un proyecto de apartamentos en conjunto cerrado ubicado en Villa Carolina en Barranquilla. Disfruta en familia de piscina para adultos y niños, zona BBQ, coworking, gimnasio, salón social, Kids house y más. Pregunta por los excelentes acabados que hemos diseñado para ti. Encuentra apartamentos de 2 a 3 alcobas con parqueadero privado. Pregunta por las modernas y versátiles opciones de acabados que hemos diseñado para ti.",[],11.02475738525390000000,-74.81781768798830000000,2026-08-02
"PARKSIDE, Apartamentos en Venta en Portal de Genovés, Barranquilla",https://www.fincaraiz.com.co/proyectos-vivienda/parkside-apartamentos-en-venta-en-portal-de-genoves-barranquilla/15017207,15017207,https://cdn4.fincaraiz.com.co/repo/img/th.outside384x275.67a4cab0db338_infocdn__gomodseehetuhnw4p8hhmblivbzevogj38qphteppng.png,[],Desde $ 721.147.000,3 Habs. 2 Baños 73.32 m²,"Parkside, apartamentos en venta en portal de genovés, barranquilla","Apartamento enBarranquilla, Atlantico",MARVAL BARRANQUILLA,Llamar,¡Pregúntale!,¡Pregúntale!,¡Pregúntale!,¡Pregúntale!,Sobre planos,¡Pregúntale!,20%,¡Pregúntale!,¡Pregúntale!,¡Pregúntale!,¡Pregúntale!,¡Pregúntale!,4,"Despierta cada mañana con una majestuosa vista al Parque Centro Internacional del Caribe, que se encuentra justo frente a tu nuevo hogar. Con acceso directo por la Vía 46, Parkside ofrece un diseño arquitectónico audaz y orgánico en el que sus fachadas curvas se integran armónicamente con el paisaje. Apartamentos con espacios colectivos ideales para compartir momentos especiales con tus seres queridos. Disfruta de dos piscinas recreativas, rodeadas de una zona húmeda con sauna, turco y elegantes vestidores, un coworking completamente equipado, y biblioteca. Relájate en su espectacular wine cellar, un espacio exclusivo diseñado por expertos, y mantente activo en el gimnasio, cancha de pádel, parque de calistenia, zona de TRX y yoga. Con pet place para tsu mascotas.",[],11.0160625,-74.8435625,2026-08-02
"Aquanova, Apartamentos en Venta en Ciudad Mallorquín, Barranquilla",https://www.fincaraiz.com.co/proyectos-vivienda/aquanova-apartamentos-en-venta-en-ciudad-mallorquin-barranquilla/7055721,7055721,https://s3.amazonaws.com/imagenesprof.fincaraiz.com.co/OVFR_COL/2022/2/16/3549776_705_1.jpg,[],Desde $ 226.752.000,2 Habs. 2 Baños 46.5 m²,"Aquanova, apartamentos en venta en ciudad mallorquín, barranquilla","Apartamento enBarranquilla, Atlantico",MARVAL BARRANQUILLA,Llamar,¡Pregúntale!,¡Pregúntale!,¡Pregúntale!,¡Pregúntale!,Sobre planos,¡Pregúntale!,Financiación: 70,¡Pregúntale!,¡Pregúntale!,¡Pregúntale!,¡Pregúntale!,¡Pregúntale!,4,"Aquanova en Ciudad Mallorquín, apartamentos VIS en un sector de gran proyección urbanística y con todas las comodidades que tu familia necesita. Aquanova hace parte del gran desarrollo Ciudad Mallorquín, ubicado estratégicamente en Puerto Colombia, una zona en crecimiento que apuesta por el bienestar y la sostenibilidad. Este proyecto está pensado para ofrecer calidad de vida a sus residentes, con un entorno que incluye un gran parque urbano, ciclovías y andenes amplios que invitan a caminar, montar bici y disfrutar al aire libre. Enmarcado por la conservación del entorno natural, Aquanova es una  propuesta de vivienda que combina naturaleza,",[],11.0204823,-74.8444181,2026-08-02
"MONTERIVERA, Apartamento en Venta en Lago Alto, Barranquilla",https://www.fincaraiz.com.co/proyectos-vivienda/monterivera-apartamentos-en-venta-en-lago-alto-barranquilla/7166006,7166006,https://cdn4.fincaraiz.com.co/repo/img/th.outside384x275.6a45279d7779c_infocdn__fvwirgogptiguquvs3t7ni898hm04ti8pgcveghspng.png,[],Desde $ 1.080.000.000,3 Habs. 5 Baños 124 m²,"Monterivera, apartamento en venta en lago alto, barranquilla","Apartamento enBarranquilla, Atlantico",AMARILO,Llamar,¡Pregúntale!,¡Pregúntale!,¡Pregúntale!,¡Pregúntale!,Nuevos,¡Pregúntale!,Financiación: 30 | Método de pago: Todas las entidades,¡Pregúntale!,¡Pregúntale!,¡Pregúntale!,¡Pregúntale!,2026,6,"Monterivera es un exclusivo conjunto residencial de 132 apartamentos, ubicado en la Calle 99 con Carrera 65 en la ciudad de Barranquilla. Hace parte del sector de La Castellana, zona de desarrollo urbanístico, residencial y comercial a dos cuadras del Centro Comercial Buenavista.En  Monterivera  encuentras  aptos  desde  141m2  hasta  203m2  diseñados  exclusivamente  para  la comodidad de sus residentes.Zonas Comunes:FogataPiscina niños no reglamentaria:Salón de juegosTerraza BBQGimnasio y zona de yogaPiscina para adultos no reglamentaria.PorteríaSalón de reunionesTurco y sauna.Parque InfantilAquí, habitarás un lugar donde todo alrededor está creado para ayudarte a tener una vida basada en experiencias y momentos inmemorables, rodeado de las personas que más quieres.¡EN MONTERIVERA VIVES LA INSPIRACIÓN POR LO ALTO!",[],10.9436826,-74.8297085,2026-08-02
"SUNSET BOULEVARD APARTAMENTOS, Apartamento en Venta en Portal de Genovés, Barranquilla",https://www.fincaraiz.com.co/proyectos-vivienda/sunset-boulevard-apartamentos-apartamentos-en-venta-en-portal-de-genoves-barranquilla/10174730,10174730,https://d3s5pkt10pk3ga.cloudfront.net/resizedImages/384x275/site/fincaraiz_service/media/listing/1c4c8d6d-af6c-48da-a4c2-9aaaba27cc0c/photos/1c4c8d6d-af6c-48da-a4c2-9aaaba27cc0c_1_True_34bf2f09-6c91-4f04-a1bf-be1df01c2519.jpg,[],Desde $ 718.493.191,2 Habs. 3 Baños 95.55 m²,"Sunset boulevard apartamentos, apartamento en venta en portal de genovés, barranquilla","Apartamento enBarranquilla, Atlantico",CONCONCRETO,Llamar,¡Pregúntale!,¡Pregúntale!,¡Pregúntale!,¡Pregúntale!,Nuevos,1,70%,pago de la cuota inicial 3 meses,¡Pregúntale!,¡Pregúntale!,¡Pregúntale!,¡Pregúntale!,5,"Sunset Boulevard es conjunto residencial al norte de Barranquilla en el sector Portal de Genovés para entrega inmediata, ubicado en zona campestre, sin tráfico y con fácil acceso a las Carrera 46 y la Carrera 51B, frente del mejor parque arborizado de Barranquilla, cercano a la Clínica Portoazul, CC Buenavista, CC Viva Barranquilla, Makro, etc.El edificio está compuesto por 2 torres, cada una con 3 ascensores, Lobby y cómodos parqueaderos.se destaca por su ubicación en una zona de alta valorización y crecimiento.",[],11.0160316,-74.8634758,2026-08-02
"Ciudad del Parque El Cocuy, Apartamento en Venta en Siete de abril, Barranquilla",https://www.fincaraiz.com.co/proyectos-vivienda/ciudad-del-parque-el-cocuy-apartamentos-en-venta-en-siete-de-abril-barranquilla/15017213,15017213,https://cdn4.fincaraiz.com.co/repo/img/th.outside384x275.67a4d29f7507e_infocdn__1trfhxbjchurstw5cdbqgufajzdwee5pytdf0o46jpg.jpg,[],Desde $ 175.425.000,1 Hab 2 Baños 38.4 m²,"Ciudad del parque el cocuy, apartamento en venta en siete de abril, barranquilla","Apartamento enBarranquilla, Atlantico",MARVAL BARRANQUILLA,Llamar,¡Pregúntale!,¡Pregúntale!,¡Pregúntale!,¡Pregúntale!,Sobre planos,¡Pregúntale!,10%,Todos los medios de pago,¡Pregúntale!,¡Pregúntale!,¡Pregúntale!,¡Pregúntale!,4,"Ciudad del Parque El Cocuy se desarrolla en una zona de gran crecimiento urbanístico donde podrás disfrutar de ambientes naturales y cómodos espacios para el bienestar de tu familia. Como parte de la Nueva Soledad, el sector presenta una gran capacidad de valorización, con múltiples vías de acceso, cercano a varios espacios educativos y comerciales.",[],10.926514,-74.8208668,2026-08-02
"Puerta Dorada Cristalina, Apartamentos en Venta en Miramar, Barranquilla",https://www.fincaraiz.com.co/proyectos-vivienda/puerta-dorada-cristalina-apartamentos-en-venta-en-miramar-barranquilla/15017217,15017217,https://cdn4.fincaraiz.com.co/repo/img/th.outside384x275.67a4d8dea4bdc_infocdn__xripfvqp3m3te3ryr6syxvra0pak9or7pu57ytmrjpg.jpg,[],Desde $ 247.058.000,2 Habs. 2 Baños 57.71 m²,"Puerta dorada cristalina, apartamentos en venta en miramar, barranquilla","Apartamento enBarranquilla, Atlantico",MARVAL BARRANQUILLA,Llamar,¡Pregúntale!,¡Pregúntale!,¡Pregúntale!,¡Pregúntale!,Sobre planos,¡Pregúntale!,20%,¡Pregúntale!,¡Pregúntale!,¡Pregúntale!,¡Pregúntale!,¡Pregúntale!,4,"El proyecto Cristalina se encuentra ubicado en el desarrollo urbanístico de Puerta Dorada. Es un conjunto de viviendas tipo VIS. Alrededor de un sector de gran desarrollo urbanístico con parques de cesión pública y vías de perfil generoso. Ideal para la comodidad, el confort y el disfrute de sus habitantes. Puerta Dorada consta de 17 torres de 11 pisos cada una y cuatro apartamentos por piso para un total de 748 apartamentos, con áreas de 57,71m² y 70,30m². Cuenta con un total de 298 estacionamientos para vehículos (191 residentes y 107 visitantes) y 125 estacionamientos para motos, localizados en un edificio de parqueaderos de cuatro pisos y otra parte en superficie. Cuenta con dos acceso peatonales y un completo equipamiento comunal.",[],11.0059467,-74.8362835,2026-08-02
"Puerta Dorada Cristalina, Apartamentos en Venta en Miramar, Barranquilla",https://www.fincaraiz.com.co/proyectos-vivienda/puerta-dorada-cristalina-apartamentos-en-venta-en-miramar-barranquilla/15017217,15017217,https://cdn4.fincaraiz.com.co/repo/img/th.outside384x275.67a4d8dea4bdc_infocdn__xripfvqp3m3te3ryr6syxvra0pak9or7pu57ytmrjpg.jpg,[],Desde $ 247.058.000,2 Habs. 2 Baños 57.71 m²,"Puerta dorada cristalina, apartamentos en venta en miramar, barranquilla","Apartamento enBarranquilla, Atlantico",MARVAL BARRANQUILLA,Llamar,¡Pregúntale!,¡Pregúntale!,¡Pregúntale!,¡Pregúntale!,Sobre planos,¡Pregúntale!,20%,¡Pregúntale!,¡Pregúntale!,¡Pregúntale!,¡Pregúntale!,¡Pregúntale!,4,"El proyecto Cristalina se encuentra ubicado en el desarrollo urbanístico de Puerta Dorada. Es un conjunto de viviendas tipo VIS. Alrededor de un sector de gran desarrollo urbanístico con parques de cesión pública y vías de perfil generoso. Ideal para la comodidad, el confort y el disfrute de sus habitantes. Puerta Dorada consta de 17 torres de 11 pisos cada una y cuatro apartamentos por piso para un total de 748 apartamentos, con áreas de 57,71m² y 70,30m². Cuenta con un total de 298 estacionamientos para vehículos (191 residentes y 107 visitantes) y 125 estacionamientos para motos, localizados en un edificio de parqueaderos de cuatro pisos y otra parte en superficie. Cuenta con dos acceso peatonales y un completo equipamiento comunal.",[],11.0059467,-74.8362835,2026-08-02
"ALTOS DE LA RESERVA, Apartamento en Venta en Buenavista, Barranquilla",https://www.fincaraiz.com.co/proyectos-vivienda/altos-de-la-reserva-apartamentos-en-venta-en-buenavista-barranquilla/15018014,15018014,https://cdn4.fincaraiz.com.co/repo/img/th.outside384x275.6a354c23b137c_infocdn__bexni56qtm2qwrkqekzhwuzvyipsgzna5yebkql4png.png,[],Desde $ 1.802.500.000,3 Habs. 5 Baños 151 m²,"Altos de la reserva, apartamento en venta en buenavista, barranquilla","Apartamento enBarranquilla, Atlantico",AMARILO,Llamar,¡Pregúntale!,¡Pregúntale!,¡Pregúntale!,¡Pregúntale!,Sobre planos,¡Pregúntale!,¡Pregúntale!,¡Pregúntale!,¡Pregúntale!,¡Pregúntale!,¡Pregúntale!,2028 - 2030,6,"Ubicado en una de las zonas más privilegiadas de la ciudad, en el reconocido sector Riomar al norte de Barranquilla, Altos de la Reserva combina una localización estratégica con diseño de alto nivel, rodeado de naturaleza, cultura y conexión con la ciudad. Aquí, cada detalle ha sido pensado para ofrecer confort, amplitud y bienestar en un entorno moderno y conectado.",[],11.0180214,-74.8280276,2026-08-02
"Silbador, Apartamento en Venta en El tabor, Barranquilla",https://www.fincaraiz.com.co/proyectos-vivienda/silbador-apartamentos-en-venta-en-alameda-del-rio-barranquilla/6317915,6317915,https://s3.amazonaws.com/imagenesprof.fincaraiz.com.co/OVFR_COL/2021/9/2/3090529_77_2.jpg,[],Desde $ 180.700.000,2 Habs. 1 Baño 56.56 m²,"Silbador, apartamento en venta en el tabor, barranquilla","Apartamento enBarranquilla, Atlantico",AMARILO,Llamar,¡Pregúntale!,¡Pregúntale!,¡Pregúntale!,¡Pregúntale!,Nuevos,¡Pregúntale!,80,¡Pregúntale!,¡Pregúntale!,¡Pregúntale!,¡Pregúntale!,¡Pregúntale!,3,"SILBADOR es un conjunto residencial de vivienda tipo VIS (Vivienda de Interés Social) que se desarrolla en Alameda del Rio ubicado al norte de la ciudad de Barranquilla. El conjunto residencial SILBADOR esta conformado por 12 torres de 12 pisos, sumando un total de 576 apartamentos. Estas viviendas, cuentan con 57 m2, e incluyen sala-comedor, cocina, zona de ropas, baño social, alcoba principal con espacio para un baño, habitación secundaria y un estudio.",[],10.99621486663820000000,-74.84032440185550000000,2026-08-02
"FLAMINGO, Apartamento en Venta en Alameda, Barranquilla",https://www.fincaraiz.com.co/proyectos-vivienda/flamingo-apartamentos-en-venta-en-alameda-barranquilla/6512701,6512701,https://s3.amazonaws.com/imagenesprof.fincaraiz.com.co/OVFR_COL/2021/12/14/3206953_626_14.jpg,[],Desde $ 293.200.000,3 Habs. 2 Baños 63 m²,"Flamingo, apartamento en venta en alameda, barranquilla","Apartamento enBarranquilla, Atlantico",AMARILO,Llamar,¡Pregúntale!,¡Pregúntale!,¡Pregúntale!,¡Pregúntale!,En construcción,¡Pregúntale!,¡Pregúntale!,¡Pregúntale!,¡Pregúntale!,¡Pregúntale!,¡Pregúntale!,¡Pregúntale!,3,"Últimas unidadesFlamingo es un conjunto residencial de edificios destinado a vivienda, se encuentra en el macroproyecto Alameda del Rio de la ciudad de Barranquilla . El conjunto residencial Flamingo está conformado por 37.438 m2 construidos aproximadamente. Cuenta con: ocho (8) torres de (12) pisos destinadas a vivienda, un (1) edificio de 2 pisos, destinados a servicios comunales y portería., contará con 408 parqueaderos privados para residentes, 51 parqueaderos para visitantes, parqueaderos para motos. Apartamentos con balcón, diseñados para la comodidad y bienestar de las familias. Disfruta de: Piscina adultos y niños, salón de juegos para niños, gimnasio semidotado y zona BBQ.",[],10.99596214294430000000,-74.84041595458980000000,2026-08-02
"ARTEK MAR, Apartamento en Venta en Villa Campestre, Barranquilla",https://www.fincaraiz.com.co/proyectos-vivienda/artek-mar-apartamentos-en-venta-en-villa-campestre-barranquilla/10134280,10134280,https://cdn4.fincaraiz.com.co/repo/img/th.outside384x275.67cf1feeb4034_infocdn__8y04trkcq9fjtdus7p7jr2ponna3dgq1wjsf8dtcjpg.jpg,[],Desde $ 471.921.000,2 Habs. 2 Baños 76.86 m²,"Artek mar, apartamento en venta en villa campestre, barranquilla","Apartamento enBarranquilla, Atlantico",angelica fajardo,Llamar,¡Pregúntale!,¡Pregúntale!,¡Pregúntale!,¡Pregúntale!,En construcción,¡Pregúntale!,70,¡Pregúntale!,¡Pregúntale!,¡Pregúntale!,¡Pregúntale!,¡Pregúntale!,4,"¡Bienvenido a la Segunda Etapa del Proyecto Artek Mar! Ubicado en la exclusiva urbanización Altos de los Rosales (calle 2D N.22-100), este conjunto residencial ofrece ahora 240 apartamentos adicionales, sumando un total de 440 unidades junto a la etapa 1.- Apartamentos de 2 y 3 alcobas con áreas construidas desde 76.86 hasta 89.65 m².- Garajes privados en sótanos cubiertos con acceso directo y estacionamientos de visitantes en el primer piso.- Club House de 2 pisos con lobby y recepción de doble altura, 2 salones sociales, gimnasio, sala de cine (teatrino), salón de juegos, espacio para administración y Business center.- Zonas verdes con 2 piscinas, solarium, zonas húmedas, spa, sauna y turco, jardines, juegos infantiles, máquinas bio-saludables, cancha múltiple y espacios para recreación pasiva.- Planta eléctrica de suplencia total para todo el proyecto.¡No pierdas la oportunidad de ser parte de esta increíble comunidad! Aprovecha nuestras facilidades de pago con 25 meses para el pago de la cuota inicial desde enero de 2026.¡Ven y descubre tu nuevo hogar en Artek Mar, donde el confort y la exclusividad se encuentran!",[],11.025174541303,-74.857125956097,2026-08-02
"ACUARELA DEL RIO, Apartamento en Venta en Bellavista, Barranquilla",https://www.fincaraiz.com.co/proyectos-vivienda/acuarela-del-rio-apartamentos-en-venta-en-bellavista-barranquilla/3344056,3344056,https://s3.amazonaws.com/imagenesprof.fincaraiz.com.co/OVFR_COL/2019/6/13/1426978_62_8.jpg,[],Desde $ 480.618.883,2 Habs. 2 Baños 69.39 m²,"Acuarela del rio, apartamento en venta en bellavista, barranquilla","Apartamento enBarranquilla, Atlantico",ARQUITECTURA Y CONCRETO,Llamar,¡Pregúntale!,¡Pregúntale!,¡Pregúntale!,¡Pregúntale!,En construcción,¡Pregúntale!,Financiación: 30-70,¡Pregúntale!,¡Pregúntale!,¡Pregúntale!,¡Pregúntale!,¡Pregúntale!,4,"Acuarela del Río es un conjunto cerrado de apartamentos en Barranquilla, ubicado en el sector residencial de Bellavista, muy cerca al gran Malecón del Río. En Acuarela del Rio, encontrarás espacios de recreación tipo club con zona de yoga, zona de mascotas, salón infantil, piscina para adultos y piscina para niños, salón de juegos y gimnasio.",[],11.0020147,-74.7903902,2026-08-02
"CARPINTERO, Apartamento en Venta en Alameda, Barranquilla",https://www.fincaraiz.com.co/proyectos-vivienda/carpintero-apartamentos-en-venta-en-alameda-barranquilla/15017572,15017572,https://cdn4.fincaraiz.com.co/repo/img/th.outside384x275.68768d72451f4_infocdn__m4ni9vedqs6fnotdmwkfhkdmlrahfct2kissh59gpng.png,[],Desde $ 199.746.000,1 Hab 1 Baño 41 m²,"Carpintero, apartamento en venta en alameda, barranquilla","Apartamento enBarranquilla, Atlantico",CONSTRUCTORA BOLIVAR,Llamar,¡Pregúntale!,¡Pregúntale!,¡Pregúntale!,¡Pregúntale!,Sobre planos,¡Pregúntale!,¡Pregúntale!,¡Pregúntale!,¡Pregúntale!,¡Pregúntale!,¡Pregúntale!,¡Pregúntale!,4,"Carpintero es el nuevo conjunto de apartamentos VIS y VIP en Alameda del Río en Barranquilla, que permite adecuar a tu gusto el espacio.El proyecto cuenta con un diseño fresco y natural, se desarrollará en 2 etapas, con un total de 20 torres de 5 a 7 pisos y zonas comunes ideales para divertirse en familia, con parqueaderos comunales para residentes y visitantes. Las unidades de vivienda cuentan con áreas construidas de 41m2 y 51 m2",[],10.9961604,-74.8404779,2026-08-02
"Riverside, Apartamentos en Venta en Riomar, Barranquilla",https://www.fincaraiz.com.co/proyectos-vivienda/riverside-apartamentos-en-venta-en-riomar-barranquilla/6640692,6640692,https://s3.amazonaws.com/imagenesprof.fincaraiz.com.co/OVFR_COL/2021/11/18/3287806_341_34.jpg,[],Desde $ 580.555.000,3 Habs. 2 Baños 80.28 m²,"Riverside, apartamentos en venta en riomar, barranquilla","Apartamento enBarranquilla, Atlantico",MARVAL BARRANQUILLA,Llamar,¡Pregúntale!,¡Pregúntale!,¡Pregúntale!,¡Pregúntale!,En construcción,¡Pregúntale!,Financiación: 80%,¡Pregúntale!,¡Pregúntale!,¡Pregúntale!,¡Pregúntale!,¡Pregúntale!,4,Riverside es un exclusivo proyecto con tranquilidad y naturaleza! Estamos en lanzamiento con beneficios por tiempo limitado. Visítanos en nuestra sala de ventas Calle 99 con 65 esquina! O llámanos para que escojas la mejor ubicación y aproveches la lista de precios exclusiva de lanzamiento..,[],11.02105340000000000000,-74.82122420000000000000,2026-08-02
"CASTELLANA 51, Apartamentos en Venta en Buenavista, Barranquilla",https://www.fincaraiz.com.co/proyectos-vivienda/castellana-51-apartamentos-en-venta-en-buenavista-barranquilla/6450550,6450550,https://s3.amazonaws.com/imagenesprof.fincaraiz.com.co/OVFR_COL/2022/11/29/3170068_566_22.jpg,[],Desde $ 683.248.500,3 Habs. 2 Baños 81 m²,"Castellana 51, apartamentos en venta en buenavista, barranquilla","Apartamento enBarranquilla, Atlantico",CONSTRUCTORA BOLIVAR,Llamar,¡Pregúntale!,¡Pregúntale!,¡Pregúntale!,¡Pregúntale!,Sobre planos,¡Pregúntale!,¡Pregúntale!,¡Pregúntale!,¡Pregúntale!,¡Pregúntale!,¡Pregúntale!,¡Pregúntale!,6,"Bienvenido a Castellana 51, donde el lujo y la comodidad se fusionan en un escenario exclusivo para vivir momentos únicos e inspiradores. Descubre un hogar diseñado con esmero, ofreciendo una experiencia de vida sin igual.Sumérgete en nuestro exclusivo y sofisticado diseño arquitectónico que redefine la elegancia. Castellana 51 es más que un lugar para vivir; es un lienzo donde puedes crear recuerdos inolvidables. Cada detalle ha sido cuidadosamente concebido para elevar tu estilo de vida.Nuestras zonas sociales son el corazón de la experiencia Castellana 51. Celebra la vida en nuestras terrazas BBQ, mantente en forma en nuestro gimnasio dotado, relájate en las piscinas y jacuzzi, trabaja en nuestro moderno espacio de coworking y disfruta de una experiencia cinematográfica única en nuestra sala premium. Además, experimenta la emoción del fútbol en nuestra cancha sin medidas reglamentarias, diseñada para la diversión sin límites.La ubicación estratégica de Castellana 51 agrega un valor incomparable a tu vida diaria. Descubre la conveniencia de estar cerca de todo lo que necesitas, desde comercios hasta opciones de entretenimiento. Y para tu tranquilidad, nuestros apartamentos ofrecen parqueadero privado, balcón y depósito, proporcionando el espacio perfecto para cada aspecto de tu vida.Haz de Castellana 51 tu hogar y vive en un espacio donde cada día es una nueva oportunidad para disfrutar de la vida al máximo.",[],11.01609897613530000000,-74.83693695068360000000,2026-08-02
"Lote en Venta en Miramar, Barranquilla",https://www.fincaraiz.com.co/lote-en-venta-en-miramar-barranquilla/193896246,193896246,https://cdn4.fincaraiz.com.co/repo/img/th.outside384x275.6a68dab66c3b5_infocdn__92454-1-1783039702-1jpg.jpg,[],$ 2.500.000.000,1400 m²,"Lote en venta en miramar, barranquilla","Lote enBarranquilla, Atlantico",Coninsa Inmobiliaria,Llamar,,,,,,,,,,,,,,"CASA/LOTE  Valor de venta negociable $2.500.000 metro cuadrado, se puede vender la mitad del lote.   Área total 1400 metros cuadrados, frente hacia la calle 2 y frente hacia el malecón primera línea.  La mitad: 700 metros cualquiera de los dos frentes.  Casa Lote área total: 1.400 metros cuadrados  Arriendo: $35 millones puedo arrendar o vender la mitad del lote, empresas corporativa con músculo financiero Tiene una casa en el centro son 100 x 14 ...1400 metros cuadrados aproximadamente   Ideal para montar negocios en esa zona",[],11.006954,-74.838438,2026-08-02
"Génova, Apartamento en Venta en Metropolitana, Barranquilla",https://www.fincaraiz.com.co/proyectos-vivienda/genova-apartamentos-en-venta-en-metropolitana-barranquilla/7883934,7883934,https://d3s5pkt10pk3ga.cloudfront.net/resizedImages/384x275/site/fincaraiz_service/media/listing/0a3b7d01-72e7-4b43-a555-34991c97b13a/photos/0a3b7d01-72e7-4b43-a555-34991c97b13a_1_True_1c46233e-2578-425d-9438-02939a509e2e.jpg,[],Desde $ 305.971.000,1 Hab 2 Baños 40.4 m²,"Génova, apartamento en venta en metropolitana, barranquilla","Apartamento enBarranquilla, Atlantico",MARVAL BARRANQUILLA,Llamar,¡Pregúntale!,¡Pregúntale!,¡Pregúntale!,¡Pregúntale!,Nuevos,¡Pregúntale!,Financiación: 80,¡Pregúntale!,¡Pregúntale!,¡Pregúntale!,¡Pregúntale!,¡Pregúntale!,4,"¡Comodidad para toda la familia! Ubicado en Miramar, un sector con ubicación estratégica que se encuentra rodeado de parques con amplias zonas verdes y la calidez que se respira en la Puerta de Oro de Colombia por su clima y su gente. Un urbanismo característico desarrollado alrededor de la zona pensando en los que quieren vivir en la nueva Barranquilla. Cuenta con importantes vías que conectan Miramar con el resto de la ciudad. ¡Atrévete a soñarlo, la decisión se toma sola!.",[],10.93641185760500000000,-74.81451416015620000000,2026-08-02
"Dimaro, Apartamentos en Venta en Metropolitana, Barranquilla",https://www.fincaraiz.com.co/proyectos-vivienda/dimaro-apartamentos-en-venta-en-metropolitana-barranquilla/7883920,7883920,https://d3s5pkt10pk3ga.cloudfront.net/resizedImages/384x275/site/fincaraiz_service/media/listing/9dd0a91f-7f90-4316-b983-6cfba9fe84a0/photos/9dd0a91f-7f90-4316-b983-6cfba9fe84a0_1_True_ad800e40-5ada-4bfa-b7c6-d582cbc5af78.jpg,[],Desde $ 473.817.000,3 Habs. 2 Baños 74 m²,"Dimaro, apartamentos en venta en metropolitana, barranquilla","Apartamento enBarranquilla, Atlantico",MARVAL BARRANQUILLA,Llamar,¡Pregúntale!,¡Pregúntale!,¡Pregúntale!,¡Pregúntale!,Sobre planos,¡Pregúntale!,Financiación: 80,¡Pregúntale!,¡Pregúntale!,¡Pregúntale!,¡Pregúntale!,¡Pregúntale!,4,"Los sueños se hacen realidad en Miramar, gracias a Dimaro, un nuevo proyecto con áreas construidas entre los 74 m2 y los 85,3 m2. El urbanismo de este sector se desarrolla pensando en los deseos de las personas y todo eso que quieren vivir una vez que tomen la decisión de vivir en esta nueva Barranquilla..",[],10.93641185760500000000,-74.81451416015620000000,2026-08-02
"RIVERA DEL RIO, Apartamento en Venta en Barranquilla",https://www.fincaraiz.com.co/proyectos-vivienda/rivera-del-rio-apartamentos-en-venta-en-barranquilla/15018024,15018024,https://cdn4.fincaraiz.com.co/repo/img/th.outside384x275.69457433b9280_infocdn__e19hhiwb9nsklc6r3kn9po7czs6hrozgkrfsvaqzjpg.jpg,[],Desde $ 750.000.000,2 Habs. 2 Baños 79 m²,"Rivera del rio, apartamento en venta en barranquilla","Apartamento enBarranquilla, Atlantico",AMARILO,Llamar,¡Pregúntale!,¡Pregúntale!,¡Pregúntale!,¡Pregúntale!,Sobre planos,¡Pregúntale!,¡Pregúntale!,¡Pregúntale!,¡Pregúntale!,¡Pregúntale!,¡Pregúntale!,2028-2030,4,"Ubicado en Riomar, al norte de Barranquilla, Rivera del Río es un proyecto residencial que combina diseño actual, distribución eficiente y espacios pensados para una vida funcional y confortable. Su arquitectura moderna y sus ambientes bien iluminados responden a las necesidades del estilo de vida urbano de hoy.",[],11.0182375,-74.8279531,2026-08-02
"Riverbay, Apartamento en Venta en Rio Alto, Barranquilla",https://www.fincaraiz.com.co/proyectos-vivienda/riverbay-apartamentos-en-venta-en-rio-alto-barranquilla/10183466,10183466,https://cdn4.fincaraiz.com.co/repo/img/th.outside384x275.6a0359f95adf9_infocdn__7e29llikqnyl6zaodgcfropkhcdqj4jbtia54gybpng.png,[],Desde $ 421.302.000,2 Habs. 2 Baños 56.79 m²,"Riverbay, apartamento en venta en rio alto, barranquilla","Apartamento enBarranquilla, Atlantico",MARVAL BARRANQUILLA,Llamar,¡Pregúntale!,¡Pregúntale!,¡Pregúntale!,¡Pregúntale!,Sobre planos,1,75%,Cuota inicial (25%),¡Pregúntale!,¡Pregúntale!,¡Pregúntale!,¡Pregúntale!,5,"Comienza una vida llena de comodidad en Riverbay, la mejor opción para aquellos que buscan un estilo de vida exclusivo, moderno y vanguardista. Ubicado en el plan zonal Ríomar, sector Río Alto, al noroccidente de la ciudad de Barranquilla, hace parte de un gran desarrollo urbano que contempla actividades comerciales, residenciales, deportivas, recreativas e institucionales.",[],11.00585557030540000000,-74.83630694003900000000,2026-08-02
"Puerta Dorada Marisma, Apartamento en Venta en Comuna 1, Barranquilla",https://www.fincaraiz.com.co/proyectos-vivienda/puerta-dorada-marisma-apartamentos-en-venta-en-comuna-1-barranquilla/15017209,15017209,https://cdn4.fincaraiz.com.co/repo/img/th.outside384x275.67a4cd6e03835_infocdn__ngdz65y5cbnuujn0d8avwp9mmn3ekhr1bgkrk2kijpg.jpg,[],Desde $ 229.716.000,1 Hab 2 Baños 40.74 m²,"Puerta dorada marisma, apartamento en venta en comuna 1, barranquilla","Apartamento enBarranquilla, Atlantico",MARVAL BARRANQUILLA,Llamar,¡Pregúntale!,¡Pregúntale!,¡Pregúntale!,¡Pregúntale!,Sobre planos,¡Pregúntale!,10%,¡Pregúntale!,¡Pregúntale!,¡Pregúntale!,¡Pregúntale!,¡Pregúntale!,4,"Puerta Dorada es la NUEVA Barranquilla. Puerta Dorada se desarrolla en el área metropolitana de Barranquilla, en uno de los sectores de mayor proyección, crecimiento y valorización del Caribe Colombiano. Este lugar cuenta con un área de 60 hectáreas cuyo desarrollo urbanístico integrará 10.000 soluciones de vivienda social construidas, 4 parques, grandes zonas verdes y recreativas.",[],10.9277395,-74.8315865,2026-08-02
"Riveraqua, Apartamento en Venta en Barranquilla",https://www.fincaraiz.com.co/proyectos-vivienda/riveraqua-apartamentos-en-venta-en-barranquilla/15017663,15017663,https://cdn4.fincaraiz.com.co/repo/img/th.outside384x275.6890f1de85ab9_infocdn__x5pzjvsaxmz1ih0nmsqsahcqgrg76mqbflkj6zycjpg.jpg,[],Desde $ 282.965.000,1 Hab 2 Baños 54.99 m²,"Riveraqua, apartamento en venta en barranquilla","Apartamento enBarranquilla, Atlantico",MARVAL BARRANQUILLA,Llamar,¡Pregúntale!,¡Pregúntale!,¡Pregúntale!,¡Pregúntale!,Sobre planos,¡Pregúntale!,Cuota Inicial = 30% Plazo Cuota Inicial : 32 Meses,¡Pregúntale!,¡Pregúntale!,¡Pregúntale!,¡Pregúntale!,¡Pregúntale!,3,"RiverAqua es un proyecto VIS en Ríoalto, con piscinas, canchas, zonas verdes, juegos infantiles y espacios de bienestar para disfrutar cada día.",[],11.0230302,-74.8181941,2026-08-02
"Puerta Dorada Natura, Apartamento en Venta en Comuna 1, Barranquilla",https://www.fincaraiz.com.co/proyectos-vivienda/puerta-dorada-natura-apartamentos-en-venta-en-comuna-1-barranquilla/10183625,10183625,https://cdn4.fincaraiz.com.co/repo/img/th.outside384x275.6890f00e448d0_infocdn__sxnxiesucq8f1reg95uaaizxrti7tutwvp1ofzykjpg.jpg,[],Desde $ 173.340.000,2 Habs. 2 Baños 38.67 m²,"Puerta dorada natura, apartamento en venta en comuna 1, barranquilla","Apartamento enBarranquilla, Atlantico",MARVAL BARRANQUILLA,Llamar,¡Pregúntale!,¡Pregúntale!,¡Pregúntale!,¡Pregúntale!,Sobre planos,1,70%,Cuota inicial (30%),¡Pregúntale!,¡Pregúntale!,¡Pregúntale!,¡Pregúntale!,3,"Puerta Dorada Natura está en una zona de alta proyección en Barranquilla, rodeado de parques, vías amplias y cerca de centros comerciales, salud y transporte para una vida práctica y conectada.",[],10.92773950000000000000,-74.83158650000000000000,2026-08-02
"ALTOS DE LA CIENAGA, Apartamento en Venta en Portal de Genovés, Barranquilla",https://www.fincaraiz.com.co/proyectos-vivienda/altos-de-la-cienaga-apartamentos-en-venta-en-portal-de-genoves-barranquilla/15018013,15018013,https://cdn4.fincaraiz.com.co/repo/img/th.outside384x275.69441609b4a0b_infocdn__oxatukleoxnr9hficubsgpqb4ip9pddz5bpdnfe4jpg.jpg,[],Desde $ 240.000.000,2 Habs. 2 Baños 56 m²,"Altos de la cienaga, apartamento en venta en portal de genovés, barranquilla","Apartamento enBarranquilla, Atlantico",AMARILO,Llamar,¡Pregúntale!,¡Pregúntale!,¡Pregúntale!,¡Pregúntale!,Sobre planos,¡Pregúntale!,¡Pregúntale!,¡Pregúntale!,¡Pregúntale!,¡Pregúntale!,¡Pregúntale!,Primer semestre 2028,4,"Altos de la Ciénaga es un proyecto que combina arquitectura contemporánea y confort, es ideal para quienes buscan elevar su estilo de vida auténtico y moderno.Su ubicación, a solo una cuadra de la Av. Circunvalar, te acerca a lo mejor del norte de Barranquilla: universidades, centros comerciales, clínicas y colegios. Una oportunidad única para vivir o invertir en un lugar que transforma tu día a día.",[],11.0193749,-74.8393902,2026-08-02
"RESERVA DE LA CIENAGA, Apartamentos en Venta en Ciudad Mallorquín, Barranquilla",https://www.fincaraiz.com.co/proyectos-vivienda/reserva-de-la-cienaga-apartamentos-en-venta-en-ciudad-mallorquin-barranquilla/10784436,10784436,https://d3s5pkt10pk3ga.cloudfront.net/resizedImages/384x275/site/fincaraiz_service/media/listing/6206e5ec-059b-489c-826c-f9e4efc38f38/photos/6206e5ec-059b-489c-826c-f9e4efc38f38_1_True_3d376163-e909-4f92-8036-3eb96b473c69.jpeg,[],Desde $ 209.500.000,2 Habs. 1 Baño 56.91 m²,"Reserva de la cienaga, apartamentos en venta en ciudad mallorquín, barranquilla","Apartamento enBarranquilla, Atlantico",AMARILO,Llamar,¡Pregúntale!,¡Pregúntale!,¡Pregúntale!,¡Pregúntale!,Nuevos,¡Pregúntale!,70%,"Credito, contado, subsidios",¡Pregúntale!,¡Pregúntale!,¡Pregúntale!,¡Pregúntale!,3,"""Reserva de la ciénaga esta conformado por 44,903 m² construidos aproximadamente, cuenta con: cuatro (4) torres de 16 pisos cada una destinadas a vivienda, una (1) edificación de 1 piso destinado a servicios comunales. El conjunto contara con 277 parqueaderos para residentes y 43 parqueaderos comunales para visitantes, incluidos 6 para minusvalidos. Como dotación en los espacios comunales tendrá con Portería, salón social, administración, gimnasio , piscina de adultos y niños, Apartamentos entre 57 m2 aproximadamente incluido área de balcón y AA. Cada torre cuenta con 2 ascensores. En cada torre se cuenta con 160 apartamentos.""",[],11.02401250000000000000,-74.83848440000000000000,2026-08-02
"Apartamento en Venta en Riomar, Barranquilla",https://www.fincaraiz.com.co/apartamento-en-venta-en-riomar-barranquilla/193901567,193901567,https://cdn4.fincaraiz.com.co/repo/img/th.outside384x275.6a395b62ed465_infocdn__xhad6tdfbywiomzi6qssmsjgz1pplupawzowzkxojpg.jpg,[],$ 680.000.000,3 Habs. 2 Baños 116 m²,"Apartamento en venta en riomar, barranquilla","Apartamento enBarranquilla, Atlantico",DIURBANA,Llamar,,,,,,,,,,,,,,"Apartamento en conjunto cerrado, cuenta con sala, comedor, balcón, cocina integral independiente, cuarto y baño de servicio, patio amplio, 3 habitaciones principal con baño privado y Walking closet,  las otras dos habitaciones comparten el baño auxiliar, dos parqueaderos, área social con piscina, parque, salón social, gym, parqueadero de visitantes, portería 24 horas, cerca a Centro comercial Buenavista.",[],11.0133099,-74.8274876,2026-08-02
Apartamento en Venta en Buenavista,https://www.fincaraiz.com.co/apartamento-en-venta-en-buenavista/194043605,194043605,https://cdn4.fincaraiz.com.co/repo/img/th.outside384x275.6a68bc70eaff3_infocdn__m8cqi8xxlpxkvlfctbiglckedqhce1ot2tixsxjejpg.jpg,[],$ 880.000.000,3 Habs. 4 Baños 134 m²,Apartamento en venta en buenavista,"Apartamento enBarranquilla, Atlantico",PASCO INMOBILIARIA S.A.S,Llamar,,,,,,,,,,,,,,"Apartamento en venta barrio la castellana , cerca al buenavista , clinicas y centros comerciales. Descubra la elegancia y funcionalidad en este impresionante apartamento de 134 metros cuadrados, diseñado para ofrecer el máximo confort y estilo de vida. Cuenta con tres amplias alcobas, cada una con su propio baño interior, garantizando privacidad y comodidad para todos sus residentes. Los espacios sociales se integran armoniosamente, presentando una sala, comedor y estudio en un diseño de concepto abierto que fomenta la convivencia y la versatilidad.Adicionalmente, la propiedad incluye un práctico baño social, ideal para visitas. La moderna cocina abierta, equipada con una conveniente zona de pantry, es perfecta para los amantes de la gastronomía y el entretenimiento. Un área de servicios independiente, junto con un cuarto y baño de servicio, añade funcionalidad y organización al hogar. Para su comodidad, dispone de dos parqueaderos en línea y un depósito, ofreciendo soluciones completas de almacenamiento y estacionamiento. Este apartamento es una oportunidad excepcional para quienes buscan un hogar sofisticado y bien distribuido.",[],11.0176587,-74.8337659,2026-08-02
"Amaretto, Apartamento en Venta en Miramar, Barranquilla",https://www.fincaraiz.com.co/proyectos-vivienda/amaretto-apartamentos-en-venta-en-miramar-barranquilla/10183539,10183539,https://d3s5pkt10pk3ga.cloudfront.net/resizedImages/384x275/site/fincaraiz_service/media/listing/b00021eb-4ef5-482c-b3c6-faa384844b42/photos/b00021eb-4ef5-482c-b3c6-faa384844b42_1_True_5b9b645b-c372-45aa-b688-67022fe1d1b0.jpg,[],Desde $ 298.268.000,2 Habs. 1 Baño 45.95 m²,"Amaretto, apartamento en venta en miramar, barranquilla","Apartamento enBarranquilla, Atlantico",MARVAL BARRANQUILLA,Llamar,¡Pregúntale!,¡Pregúntale!,¡Pregúntale!,¡Pregúntale!,En construcción,1,¡Pregúntale!,Cuota inicial (25%),¡Pregúntale!,¡Pregúntale!,¡Pregúntale!,¡Pregúntale!,4,"Con la mejor vista panorámica al parque Miramar. Este complejo residencial cuenta con espacios modernos y equipados para compartir con amigos y familiares. En Amaretto apartamentos, nos aseguramos de que disfrutes de una distribución eficiente y bien pensada para tu comodidad para que tu familia y tú puedan disfrutar al máximo de la vida.",[],11.0072953,-74.8344218,2026-08-02
"Apartamento en Venta en Portal de Genovés, Barranquilla",https://www.fincaraiz.com.co/apartamento-en-venta-en-portal-de-genoves-barranquilla/193579939,193579939,https://cdn4.fincaraiz.com.co/repo/img/th.outside384x275.69cac5f68c21f_infocdn__29472-1-1763062571jpg.jpg,[],$ 780.000.000,3 Habs. 3 Baños 117 m²,"Apartamento en venta en portal de genovés, barranquilla","Apartamento enBarranquilla, Atlantico",Issa Saieh Inmobiliaria,Llamar,,,,,,,,,,,,,,"¡Solicita ya una visita a este apartamento con nosotros y observa todo lo que tiene para ti! Se encuentra ubicado en el barrio Portal del Genovés del municipio de Puerto Colombia, cuenta con un área de 117m2, posee 3 alcobas, 3 baños, sala-comedor, 4 aires acondicionados mini-split, balcón, cocina integral, hall de alcobas y área de labores. El edificio cuenta con acceso a 2 parqueaderos lineales, 2 piscinas, 2 ascensores, zona infantil, sala de espera, depósito y portería permanente. Se escucha ofertas. ¡Pregúntanos por este inmueble y te acompañamos a visitarlo!",[],11.0181579632,-74.840182542866,2026-08-02
"PUERTA DORADA TERRANA, Apartamentos en Venta en Veinte de julio, Barranquilla",https://www.fincaraiz.com.co/proyectos-vivienda/puerta-dorada-terrana-apartamentos-en-venta-en-veinte-de-julio-barranquilla/15018565,15018565,https://cdn4.fincaraiz.com.co/repo/img/th.outside384x275.6a1f407a25208_infocdn__v5vrddmbznhs7t5ln9eotspopupnh3g8mdnji4ufjpg.jpg,[],Desde $ 187.208.000,2 Habs. 1 Baño 38.67 m²,"Puerta dorada terrana, apartamentos en venta en veinte de julio, barranquilla","Apartamento enBarranquilla, Atlantico",MARVAL BARRANQUILLA,Llamar,¡Pregúntale!,¡Pregúntale!,¡Pregúntale!,¡Pregúntale!,En construcción,¡Pregúntale!,¡Pregúntale!,Cuota Inicial = 20% - Plazo Cuota Inicial : 28 Meses,¡Pregúntale!,¡Pregúntale!,¡Pregúntale!,Octubre 2028,2,"El proyecto PUERTA DORADA TERRANA se encuentra ubicado en la Unidad de Gestión 2 del plan parcial de Puerta dorada , con un área útil de 26.859,50 m2 ubicado en la ciudad de Barranquilla, con acceso desde la Av. Circunvalar. Un sector de gran desarrollo urbano, con parques de cesión pública, vías de perfil generoso y gran potencial de valorización.",[],10.9289196,-74.8308118,2026-08-02
"DUVENTTO, Apartamento en Venta en Riomar, Barranquilla",https://www.fincaraiz.com.co/proyectos-vivienda/duventto-apartamentos-en-venta-en-riomar-barranquilla/15017218,15017218,https://cdn4.fincaraiz.com.co/repo/img/th.outside384x275.6877d3fb3ceb6_infocdn__cjbegvadhjylysbjofuzenn9seq7lyp1avgzwzksjpg.jpg,[],Desde $ 1.520.226.000,3 Habs. 4 Baños 126.69 m²,"Duventto, apartamento en venta en riomar, barranquilla","Apartamento enBarranquilla, Atlantico",ARQUITECTURA Y CONCRETO,Llamar,¡Pregúntale!,¡Pregúntale!,¡Pregúntale!,¡Pregúntale!,Sobre planos,2,70,30,¡Pregúntale!,¡Pregúntale!,¡Pregúntale!,¡Pregúntale!,6,"La vida en familia tiene muchas formas, y en Duventto las celebramos todas. Nuestros espacios están diseñados para quienes buscan tranquilidad, movimiento o la perfecta combinación de ambos",[],11.020690323665,-74.826249379901,2026-08-02
"Apartamento en Venta en Rio Alto, Barranquilla",https://www.fincaraiz.com.co/apartamento-en-venta-en-rio-alto-barranquilla/194062796,194062796,https://cdn4.fincaraiz.com.co/repo/img/th.outside384x275.6a6e29a89843e_infocdn__f4fb93c2-f087-421b-bf7b-3ea24afe9f5e.jpeg,[],$ 450.000.000,2 Habs. 2 Baños 74 m²,"Apartamento en venta en rio alto, barranquilla","Apartamento enBarranquilla, Atlantico",Tu Espacio Ya,Llamar,,,,,,,,,,,,,,"¡ESTRENE APARTAMENTO Y DISFRUTE DE LA COMODIDAD QUE SIEMPRE HA BUSCADO EN EL NORTE DE LA CIUDAD! Este acogedor apartamento cuenta con dos habitaciones la principal dispone de baño privado y closet, mientras que la habitación auxiliar también cuenta con closet. Además, ofrece baño social y una práctica área de labores independiente. Su agradable zona social integra una amplia sala-comedor, cocina abierta de diseño contemporáneo, un espacio adicional ideal como estudio o sala de estar, y un balcón con vista abierta. La propiedad incluye parqueadero asignado y acceso a completas y atractivas zonas comunes, pensadas para el bienestar, la recreación y el disfrute de toda la familia. ***",[],11.0137988,-74.8263181,2026-08-02
"Apartamento en Venta en Santa monica, Barranquilla",https://www.fincaraiz.com.co/apartamento-en-venta-en-santa-monica-barranquilla/193490167,193490167,https://cdn4.fincaraiz.com.co/repo/img/th.outside384x275.69b14ce950c8c_infocdn__mqrtztlwr3bzvwrbrqtgbqhxxben8irv1qsjmo6tjpg.jpg,[],$ 510.000.000,2 Habs. 3 Baños 90 m²,"Apartamento en venta en santa monica, barranquilla","Apartamento enBarranquilla, Atlantico",Beatriz Romero,Llamar,,,,,,,,,,,,,,"Lindo, muy bien distribuido, ubicación excepcional: entre el centro comercial viva y buenavista,  mucha luz, amplia sala y comedor con salida a balcón desde donde tiene una magnífica vista, cocina semi abierta con amplio espacio para almacenaje, espaciosa y ventilada zona de labores. Cada habitación cuenta con baño privado, cuenta con baño social y closet para ropa blanca.El edificio cuenta con gimnasio,dos ascensores, business center,  planta con suplencia parcial, salón social, cava de vino, piscina, sauna, parque infantil, un rooftop espectacular con vista 360º en el que encontrarás la zona de BBQ, mesas para picnic y un espacio para descansar y disfrutar con la familia y amigos.Al apartamento le corresponde 1 garaje y 1 depósito.Llámame para verlo!",[],11.0109836,-74.8227625,2026-08-02
"Lote en Venta en El tabor, Barranquilla",https://www.fincaraiz.com.co/lote-en-venta-en-el-tabor-barranquilla/193992929,193992929,https://cdn4.fincaraiz.com.co/repo/img/th.outside384x275.6a5fe61f8d3fd_infocdn__picture-1eeda66600484109a6907d19a4a91cd9jpeg.jpeg,[],$ 1.300.000.000,671 m²,"Lote en venta en el tabor, barranquilla","Lote enBarranquilla, Atlantico",Tu360Inmobiliario,Llamar,,,,,,,,,,,,,,"Venta de Lote urbano no construido de 670,6 m2 esquinero, rectangular, en terreno plano, cerramiento en bloque, ubicado en el barrio La Cumbre al norte de Barranquilla, con potencial para uso Residencial, institucional, comercio y/o industrial. Cerca a SAO de la 93, con acceso a rutas de buses. Estrato 4. Cuenta con los tendidos de los servicios públicos básicos para ser conectados en la construcción que se puede levantar en el terreno: Acueducto, alcantarillado, energía eléctrica y teléfono. No pierdas la oportunidad de adquirir esta propiedad en Barranquilla.",[],10.9988631,-74.829303,2026-08-02
"Apartaestudio en  Venta en Altos del prado, Barranquilla",https://www.fincaraiz.com.co/apartaestudio-en-venta-en-altos-del-prado-barranquilla/191773748,191773748,https://cdn4.fincaraiz.com.co/repo/img/th.outside384x275.6757388f86394_infocdn__105101-1-1707238648-9jpg.jpg,[],$ 180.000.000,1 Hab 1 Baño 50 m²,"Apartaestudio en  venta en altos del prado, barranquilla","Apartaestudio enBarranquilla, Atlantico",Financar S.A.,Llamar,,,,,,,,,,,,,,"Espectacular apartaestudio al norte de la ciudad, apartamento amplio con buena ventilación e iluminación natural, ubicado en un piso alto del edificio, cerca al centro comercial viva, cuenta con un área de 50m2, 1 alcoba independiente con su baño privado, cuenta con baño de servicio, sala-comedor, cocina integral, 1 parqueadero privado.",[],11.002051585573,-74.81614085953,2026-08-02
"ZAFIRO, Apartamento en Venta en Campo alegre, Barranquilla",https://www.fincaraiz.com.co/proyectos-vivienda/zafiro-apartamentos-en-venta-en-campo-alegre-barranquilla/5438273,5438273,https://s3.amazonaws.com/imagenesprof.fincaraiz.com.co/OVFR_COL/2021/7/8/2605818_799_0.jpg,[],Desde $ 276.400.000,3 Habs. 2 Baños 71 m²,"Zafiro, apartamento en venta en campo alegre, barranquilla","Apartamento enBarranquilla, Atlantico",AMARILO,Llamar,¡Pregúntale!,¡Pregúntale!,¡Pregúntale!,¡Pregúntale!,En construcción,¡Pregúntale!,¡Pregúntale!,¡Pregúntale!,¡Pregúntale!,¡Pregúntale!,¡Pregúntale!,¡Pregúntale!,4,"Zafiro es un proyecto que cuenta con una estratégica ubicación, sobre una de las mas importantes vias de la ciudad de Barranquilla, conectando el norte con el sur, y colindando con importantes desarrollos comerciales, institucionales, iglesias, clínicas, universidades, colegios, centros comerciales y almacenes de cadena de la ciudad..",[],10.98353481292720000000,-74.83543395996090000000,2026-08-02
"LIRA, Apartamento en Venta en Barranquilla",https://www.fincaraiz.com.co/proyectos-vivienda/lira-apartamentos-en-venta-en-barranquilla/10308087,10308087,https://cdn4.fincaraiz.com.co/repo/img/th.outside384x275.6a3550e401cf7_infocdn__rzs2zzeebptgr5xxrnmwq9qggc7zlbvlpfsxgsompng.png,[],Desde $ 451.000.000,3 Habs. 2 Baños 67 m²,"Lira, apartamento en venta en barranquilla","Apartamento enBarranquilla, Atlantico",AMARILO,Llamar,¡Pregúntale!,¡Pregúntale!,¡Pregúntale!,¡Pregúntale!,En construcción,¡Pregúntale!,30%,Credito,¡Pregúntale!,¡Pregúntale!,¡Pregúntale!,Segundo semestre del 2027,4,"Lira es un proyecto de viviendas NO VIS a agrupación de vivienda multifamiliar destinada a vivienda NO VIS, ubicado en el desarrollo urbanístico Alameda del Rio localizado en la ciudad de Barranquilla, Atlántico.Lira  esta conformado por ocho (8) torres, cada una con 12 pisos de altura,  edificaciones de 2 pisos destinadas a servicios comunales, portería y basuras. Adicionalmente cuenta con sótano de parqueaderos, parqueaderos a nivel y plataforma de parqueaderos.  Como dotación en los espacios comunales tendrá portería de control vehicular y peatonal, cuarto de manejo de basuras, salón comunal, salón de niños, gimnasio, BBQ  y parque infantil, servicios de piscina, piscina de adultos, piscina de niños , subestaciones eléctricas, tanque de reserva de agua para atender las unidades de vivienda, tanque de reserva contra incendios,  cancha recreativa no reglamentaria. Tendrá apartamentos con áreas de 75m², 67m² y 70 m² aprox.",[],10.92895970000000000000,-74.78556600000000000000,2026-08-02
"Amazilia, Apartamento en Venta en Campo alegre, Barranquilla",https://www.fincaraiz.com.co/proyectos-vivienda/amazilia-apartamentos-en-venta-en-alameda-del-rio-barranquilla/5438195,5438195,https://s3.amazonaws.com/imagenesprof.fincaraiz.com.co/OVFR_COL/2021/9/2/2605777_887_11.jpg,[],Desde $ 142.500.000,2 Habs. 1 Baño 57.82 m²,"Amazilia, apartamento en venta en campo alegre, barranquilla","Apartamento enBarranquilla, Atlantico",AMARILO,Llamar,¡Pregúntale!,¡Pregúntale!,¡Pregúntale!,¡Pregúntale!,¡Pregúntale!,¡Pregúntale!,¡Pregúntale!,¡Pregúntale!,¡Pregúntale!,¡Pregúntale!,¡Pregúntale!,¡Pregúntale!,3,"Amazilia es un proyecto ideal para personas y familias en crecimiento que buscan vivir cerca de su trabajo, estudio o lugar de ocupación, aprovechando las diferentes vías de acceso y cercanía a sitios de afluencia como centros comerciales, universidades, colegios, clínicas y lugares de gran interés. casafest.",[],10.98239707946780000000,-74.83560943603520000000,2026-08-02
"Barranquero, Apartamento en Venta en Campo alegre, Barranquilla",https://www.fincaraiz.com.co/proyectos-vivienda/barranquero-apartamentos-en-venta-en-campo-alegre-barranquilla/10230884,10230884,https://d3s5pkt10pk3ga.cloudfront.net/resizedImages/384x275/site/fincaraiz_service/media/listing/5deb098a-27f9-45da-b4ea-e2d73af92740/photos/5deb098a-27f9-45da-b4ea-e2d73af92740_1_True_8020515a-619c-4a3c-a782-d1691311534d.jpeg,[],Desde $ 104.400.000,2 Habs. 1 Baño 45 m²,"Barranquero, apartamento en venta en campo alegre, barranquilla","Apartamento enBarranquilla, Atlantico",AMARILO,Llamar,¡Pregúntale!,¡Pregúntale!,¡Pregúntale!,¡Pregúntale!,Nuevos,¡Pregúntale!,80,Cuota inicial inmediata,¡Pregúntale!,¡Pregúntale!,¡Pregúntale!,¡Pregúntale!,1,"Barranquero es un conjunto residencial de edificios destinado a vivienda VIP, se encuentra ubicado en Alameda del Rio, en la ciudad de Barranquilla, Atlántico. El conjunto residencial Barranquero esta conformado por 26.900 m² construidos aproximadamente, cuenta con: Veintiseis (26) torres de cinco (5) pisos cada una destinadas a vivienda, dos (2) edificios de 1 piso cada uno, destinados a portería y salón comunal. El conjunto cuenta con 104 parqueaderos comunales, 52 parqueaderos de visitantes, 15 parqueaderos para motos y 36 para bicicletas. En zonas comunes tiene: portería de control vehicular y peatonal, cuarto de manejo de basuras, oficina de administración, espacio comunal disponible para administración de la copropiedad, salón social, parque infantil, subestación électrica, tanque de reserva de agua para atender las unidades de vivienda. Tiene  unidades de vivienda con áreas de 45m2.",[],10.98897460000000000000,-74.83692290000000000000,2026-08-02
"Apartamento en Venta en Ciudad Mallorquin, Barranquilla",https://www.fincaraiz.com.co/apartamento-en-venta-en-ciudad-mallorquin-barranquilla/194062800,194062800,https://cdn4.fincaraiz.com.co/repo/img/th.outside384x275.6a6e29b5ca1d7_infocdn__a4efbe58-dc9d-405a-97b4-8e5e296f9a46.jpeg,[],$ 460.000.000,3 Habs. 2 Baños 76 m²,"Apartamento en venta en ciudad mallorquin, barranquilla","Apartamento enBarranquilla, Atlantico",Tu Espacio Ya,Llamar,,,,,,,,,,,,,,"¡EXCELENTE OPORTUNIDAD DE INVERSIÓN Y ESTILO DE VIDA! Descubra este magnífico apartamento ubicado en el vibrante sector norte de la ciudad, una zona de alta valorización y conveniencia. Con un valor comercial estimado de $530.000.000, esta joya está disponible por un precio inigualable de solo $480.000.000, ofreciéndole una ventaja financiera inmediata. El apartamento cuenta con 3 habitaciones, incluyendo una amplia habitación principal con baño privado y clóset. Las habitaciones auxiliares, también equipadas con clósets Dispone de moderna cocina abierta, elegante sala-comedor, baño auxiliar, área de labores independiente y parqueadero privado. Un espacio cómodo, funcional y perfecto para vivir o invertir. ¡Se reciben ofertas! ***",[],11.0219736,-74.8473761,2026-08-02
"Casa en Venta en El silencio, Barranquilla",https://www.fincaraiz.com.co/casa-en-venta-en-el-silencio-barranquilla/193839065,193839065,https://cdn4.fincaraiz.com.co/gen-ai/th.outside384x275.enhanced_image_20260604135511.png,[],$ 320.000.000,4 Habs. 2 Baños 123 m²,"Casa en venta en el silencio, barranquilla","Casa enBarranquilla, Atlantico",,Llamar,,,,,,,,,,,,,,"Descubra esta espaciosa casa de dos pisos en venta, ubicada en el apacible barrio El Silencio, un sector que combina tranquilidad con una excelente conectividad. Esta propiedad destaca por su generoso patio, ideal para el esparcimiento familiar o la creación de un jardín personalizado, complementado por la presencia de árboles que aportan frescura y un ambiente natural.En su interior, la distribución inteligente ofrece una sala luminosa y un comedor independiente, perfectos para reuniones y celebraciones. La cocina, funcional y con espacio para almacenamiento, se integra armoniosamente con el diseño de la casa.La comodidad se extiende a sus cuatro amplias alcobas, proporcionando privacidad y confort para cada miembro de la familia. Además, cuenta con dos baños completos, diseñados para satisfacer las necesidades diarias.Uno de los grandes atractivos de esta propiedad es su doble garaje, que garantiza seguridad y espacio suficiente para dos vehículos. La terraza ofrece un espacio adicional para disfrutar del aire libre y las vistas del entorno.La ubicación es inmejorable, con fácil acceso a servicios esenciales y puntos de interés. A pocos minutos encontrará la Olímpica, facilitando sus compras diarias. La cercanía al CAI de policía asegura un entorno seguro, y la disponibilidad de rutas de buses en las inmediaciones garantiza una excelente movilidad por toda la ciudad. Esta casa es una oportunidad excepcional para quienes buscan amplitud, comodidad y una ubicación estratégica.",[],10.976989,-74.8145508,2026-08-02
"Casa en Venta en Villa Campestre, Barranquilla",https://www.fincaraiz.com.co/casa-en-venta-en-villa-campestre-barranquilla/193315229,193315229,https://cdn4.fincaraiz.com.co/repo/img/th.outside384x275.6982a8482493a_infocdn__106168-1-1770149991-1jpg.jpg,[],$ 850.000.000,3 Habs. 4 Baños 180 m²,"Casa en venta en villa campestre, barranquilla","Casa enBarranquilla, Atlantico",,Llamar,,,,,,,,,,,,,,"Casa en conjunto en excelente estado, amplia, fresca, cuarto y baño de servicio, patio, terraza, estrato 6. Cerca a parques, colegios, universidades, centros comerciales, transporte publico y comodas vias de acceso.",[],11.025967611599,-74.860288649797,2026-08-02
"Apartamento en Venta en El oasis, Barranquilla",https://www.fincaraiz.com.co/apartamento-en-venta-en-el-oasis-barranquilla/193935016,193935016,https://cdn4.fincaraiz.com.co/repo/img/th.outside384x275.6a4422aa7f4f1_infocdn__32269-1-1782849543jpg.jpg,[],$ 1.200.000.000,3 Habs. 2 Baños 100 m²,"Apartamento en venta en el oasis, barranquilla","Apartamento enBarranquilla, Atlantico",,Llamar,,,,,,,,,,,,,,"Descubre este elegante apartamento de 3 habitaciones, 2 baños, baño social, una vista exterior que te cautivará. Su cocina integral, estudio y área de labores te brindarán comodidad y funcionalidad. Disfruta de su amplia sala-comedor para momentos de relax. Además, cuenta con sauna, deposito, spa de mascotas, sala coworking, sala de yoga, piscina, jacuzzi, zona infantil, gimnasio y planta eléctrica. Ubicado en una zona residencial sobre vía principal, cerca de supermercados, Con 4 ascensores y cómodas vías de acceso, este lugar es ideal para quienes valoran la calidad de vida y la conveniencia. ¡Bienvenido a tu nuevo hogar!",[],11.024591979116,-74.800048533268,2026-08-02
"Apartamento en Venta en Las delicias, Barranquilla",https://www.fincaraiz.com.co/apartamento-en-venta-en-las-delicias-barranquilla/193811039,193811039,https://cdn4.fincaraiz.com.co/repo/img/th.outside384x275.6a58f9132d136_infocdn__32190-1-1779985107jpg.jpg,[],$ 250.000.000,3 Habs. 2 Baños 95 m²,"Apartamento en venta en las delicias, barranquilla","Apartamento enBarranquilla, Atlantico",,Llamar,,,,,,,,,,,,,,"Descubre este apartamento con 95 metros cuadrados distribuidos en 3 habitaciones, 2 baños, sala-comedor, cocina semi-integral, baño social, estudio, área de labores, balcón y parqueadero, este inmueble ofrece comodidad. No pierdas la oportunidad de vivir en este espacio único. ¡Contáctanos ahora para más información y agenda una visita!",[],10.984471999567,-74.805741941,2026-08-02
"Apartamento en Venta en Ciudad Mallorquin, Barranquilla",https://www.fincaraiz.com.co/apartamento-en-venta-en-ciudad-mallorquin-barranquilla/193981080,193981080,https://cdn4.fincaraiz.com.co/repo/img/th.outside384x275.6a527a2918f28_infocdn__6eb41033-ff33-4581-98fe-17615d0d2c66.jpeg,[],$ 440.000.000,2 Habs. 2 Baños 68 m²,"Apartamento en venta en ciudad mallorquin, barranquilla","Apartamento enBarranquilla, Atlantico",,Llamar,,,,,,,,,,,,,,"DESCUBRA EL CONFORT Y LA MODERNIDAD EN ESTE ESPECTACULAR APARTAMENTO PARA ESTRENAR CON VISTA A LA CIENAGA. Diseñado para brindar amplitud y funcionalidad, cuenta con 2 cómodas habitaciones la principal con clóset y baño privado, y habitación auxiliar con clóset. Su moderna cocina abierta se integra perfectamente con la sala-comedor, creando un ambiente amplio, fresco y lleno de luz natural. Además, dispone de espacio para estudio, ideal para home office o zona de lectura, baño auxiliar con excelentes acabados y área de labores independiente. Incluye parqueadero asignado para mayor comodidad y tranquilidad. ***",[],11.0244565,-74.8481511,2026-08-02
"Apartaestudio en Venta en Villa del este, Barranquilla",https://www.fincaraiz.com.co/apartaestudio-en-venta-en-villa-del-este-barranquilla/192437193,192437193,https://cdn4.fincaraiz.com.co/repo/img/th.outside384x275.682f62a73075a_infocdn__d9swu3yp9rpblbwf5pl8dcnglyyl8whij6mehyorjpg.jpg,[],$ 230.000.000,1 Hab 2 Baños 43 m²,"Apartaestudio en venta en villa del este, barranquilla","Apartaestudio enBarranquilla, Atlantico",,Llamar,,,,,,,,,,,,,,"Descubre este encantador apartaestudio, perfectamente ubicado cerca del Parque de la Electrificadora. Con una excelente iluminación y una distribución funcional, este espacio es ideal para quienes buscan espacios versátiles y cómodos.La cocina abierta con pantry se integra armoniosamente con la sala comedor, creando un ambiente acogedor y perfecto para compartir momentos para recordar. El baño social añade practicidad, mientras que la amplia habitación cuenta con baño privado y un espectacular walk-in closet que hará que tu organización sea un placer.Este apartaestudio es una excelente oportunidad para inversionistas, ya que actualmente se encuentra rentado y se puede hacer cesión de contrato, asegurando un retorno inmediato sobre tu inversión.El edificio ofrece una variedad de comodidades que elevarán la calidad de vida de sus residentes: disfruta de la piscina en días soleados, organiza reuniones en el salón social o aprovecha la zona de BBQ para esos asados con amigos. Además, contarás con vigilancia 24 horas, garantizando tu seguridad y tranquilidad.No dejes pasar la oportunidad de adquirir este maravilloso apartaestudio que combina ubicación, confort y excelentes amenidades. ¡Contáctanos hoy mismo para agendar tu visita!",[],11.0129397,-74.8106157,2026-08-02
"Apartamento en Venta en Miramar, Barranquilla",https://www.fincaraiz.com.co/apartamento-en-venta-en-miramar-barranquilla/193607121,193607121,https://cdn4.fincaraiz.com.co/repo/img/th.outside384x275.69f120602adb4_infocdn__gr106639620251113082858jpeg.jpeg,[],$ 350.000.000,3 Habs. 2 Baños 90 m²,"Apartamento en venta en miramar, barranquilla","Apartamento enBarranquilla, Atlantico",,Llamar,,,,,,,,,,,,,,"✨ Tu nuevo Hogar te espera en el Barrio MIRAMAR✨Apartamento en VENTA Conjunto Torres de Montreal? - Apto 6 PisoLADO SOMBRAEstrato  4Mts2   90Disfruta de:✨ Sala comedor amplia✨  Balcón con excelente vista✨ Cocina Integral✨  3 acogedoras alcobas, la Principal con baño? Estudio✨ 2 baños?  Parqueadero Privado↕️ AscensoresAmenidades del conjunto:??‍♂️ Piscinas? Salón Social⛹?‍♀️ Cancha Múltiple? Zonas VerdesValor Venta ?$350.000.000 Negociables✔️ Cerca de: a 5 minutos del C.C. Buenavista,Supermercados Universidades Parques, Colegios Cerca de Vias Principales carrera 46 y Circunvalar. Cerca de todo",[],11.014255825594,-74.827097654343,2026-08-02
"Apartamento en Venta en Rio Alto, Barranquilla",https://www.fincaraiz.com.co/apartamento-en-venta-en-rio-alto-barranquilla/193584851,193584851,https://cdn4.fincaraiz.com.co/repo/img/th.outside384x275.69cc2dbca046b_infocdn__gr106639120260331031348jpeg.jpeg,[],$ 720.000.000,3 Habs. 2 Baños 94 m²,"Apartamento en venta en rio alto, barranquilla","Apartamento enBarranquilla, Atlantico",,Llamar,,,,,,,,,,,,,,"✨ *Tu nuevo Hogar te espera en el Barrio RIO ALTO conjunto RIVERSIDE*✨HERMOSO !!! y AMPLIO !!! APARTAMENTO !!! en  VENTAPiso 1294 mts2Estrato  5Disfruta de la comodidad de:✨  Sala✨ Comedor amplio✨  Balcón con excelente vista al Mar y al Rio✨ Amplia Cocina Integral tipo Américana con Pantry✨ Zona Labores Cerrada✨ Habitacion Principal con Baño, Walkin Closet✨ Total son 3 Habitaciones con Closets?  Parqueadero Privado Cubierto↕️ AscensoresAmenidades del conjunto:? Coworking??‍♂️ Piscinas? Salón Social?? GYM⛹?‍♀️ Cancha Múltiple?  SaunaJacuzzi? Parque Infantil? Zonas VerdesEnfrente del conjunto un Boulevard con muchos árboles ??? y un Parque con todos los elementos y mucha naturaleza ?????Valor Venta ?$720.000.000✔️ Cerca de:C.C. Buenavista, Mall Plaza, Home Center Universidades,  Parques, Colegios Cerca de Vias Principales carrera 53  Circunvalar y Via 40 Cerca de todo",[],11.021564392809,-74.821239709854,2026-08-02
"Apartamento en Venta en Altos del prado, Barranquilla",https://www.fincaraiz.com.co/apartamento-en-venta-en-altos-del-prado-barranquilla/192588254,192588254,https://cdn4.fincaraiz.com.co/repo/img/th.outside384x275.693ac6b532411_infocdn__ok6gvcrozpqvya7dpvritae2yl7piphvj7pllq04jpg.jpg,[],$ 295.000.000,3 Habs. 2 Baños 94 m²,"Apartamento en venta en altos del prado, barranquilla","Apartamento enBarranquilla, Atlantico",,Llamar,,,,,,,,,,,,,,"Descubra la exclusividad y el confort en el edificio MARFIL, un complejo residencial que se eleva en dos majestuosas torres, albergando un total de 16 unidades diseñadas para el estilo de vida moderno. Este distinguido edificio garantiza su tranquilidad y seguridad con servicios de portería 24 horas, citófono para una comunicación fluida, un eficiente tanque de agua que asegura el suministro constante y un avanzado circuito cerrado de televisión. Además, cuenta con un semisótano que optimiza el espacio.Cada residencia ha sido cuidadosamente diseñada para ofrecer una distribución inteligente y funcional. Disfrute de amplios espacios que incluyen una luminosa sala y un comedor independiente, una cocina moderna, y la conveniencia de un cuarto y baño de servicio, junto a una práctica zona de labores. La privacidad está asegurada con una espaciosa habitación principal que cuenta con su propio baño privado, complementada por dos habitaciones adicionales, cada una con su baño privado, sumando un total de tres habitaciones y dos baños completos.Para su comodidad, la propiedad incluye un espacio privado y cubierto en el semisótano, ideal para el parqueo de un vehículo, sin marcación específica, ofreciendo flexibilidad y facilidad de acceso. ESTRATO 4, LADO SOMBRA",[],11.0037711,-74.8194565,2026-08-02
"Apartamento en Venta en Miramar, Barranquilla",https://www.fincaraiz.com.co/apartamento-en-venta-en-miramar-barranquilla/193981085,193981085,https://cdn4.fincaraiz.com.co/repo/img/th.outside384x275.6a527a3d8b079_infocdn__969c4cdd-dc70-4fc6-b294-eebe66cb7b8f.jpeg,[],$ 550.000.000,3 Habs. 2 Baños 105 m²,"Apartamento en venta en miramar, barranquilla","Apartamento enBarranquilla, Atlantico",,Llamar,,,,,,,,,,,,,,"ESTE EXCEPCIONAL APARTAMENTO, ESTRATÉGICAMENTE UBICADO, OFRECE UN ESTILO DE VIDA CÓMODO Y SOFISTICADO. Dispone de tres amplias habitaciones, destacando la principal con baño privado y un generoso walking closet. Las habitaciones auxiliares cuentan con closets empotrados y comparten un baño adicional, garantizando privacidad y funcionalidad para todos los residentes. Además, incluye un cuarto y baño de servicio, la sala-comedor se integra armoniosamente con un encantador balcón. El edificio eleva la experiencia residencial con una impresionante gama de amenidades dos piscinas, jacuzzi, sauna, turco y un elegante salón social, diseñados para el disfrute y esparcimiento de sus residentes. Ubicado en un estrato 4, este inmueble incluye un parqueadero. ***",[],11.0082671,-74.8366145,2026-08-02
"Oficina en Venta en San francisco, Barranquilla",https://www.fincaraiz.com.co/oficina-en-venta-en-san-francisco-barranquilla/193243032,193243032,https://cdn4.fincaraiz.com.co/repo/img/th.outside384x275.6958657c22792_infocdn__anheaeyle5uevihxhvbg0nsrgtfo013qzuyutrtmjpg.jpg,[],$ 623.000.000,2 Ambientes 1 Baño 85.78 m²,"Oficina en venta en san francisco, barranquilla","Oficina enBarranquilla, Atlantico",,Llamar,,,,,,,,,,,,,,"Oficina en venta ubicada sobre la Vía 40 en el sector San Francisco. Cuenta con un área de 85,78 m², distribuida en dos oficinas conectadas, con pisos en porcelanato y puertas de vidrio que brindan un ambiente moderno y profesional. Dispone de baño privado y un parqueadero exclusivo. El edificio tiene menos de cinco años de construido y ofrece un entorno corporativo de alto nivel en una de las zonas empresariales más estratégicas de Barranquilla. Ideal para empresas, consultorios o inversión. Se escuchan ofertas.",[],11.0061412,-74.789914,2026-08-02
"Apartamento en Venta en Villa santos, Barranquilla",https://www.fincaraiz.com.co/apartamento-en-venta-en-villa-santos-barranquilla/193987290,193987290,https://cdn4.fincaraiz.com.co/repo/img/th.outside384x275.6a5656acaa921_infocdn__ogbjlupsfh9oehrefdzvcnih1xe1nt3ovjtqkjmfjpg.jpg,[],$ 720.000.000,3 Habs. 3 Baños 124 m²,"Apartamento en venta en villa santos, barranquilla","Apartamento enBarranquilla, Atlantico",,Llamar,,,,,,,,,,,,,,"Descubre este impresionante apartamento en acera sombra, diseñado para ofrecerte el máximo confort y estilo. Con una distribución excepcional, disfrutarás de zonas de día y de noche perfectamente separadas, ideales para el descanso y la convivencia.La cocina en forma de ""L"" es perfecta para los amantes de la gastronomía, y el baño social añade comodidad para tus visitas. Relájate en la acogedora zona de TV o disfruta de las 3 habitaciones, cada una con su baño privado, asegurando privacidad para toda la familia. Además, cuenta con una habitación y baño de servicio, brindando funcionalidad adicional.El amplio balcón es el lugar perfecto para disfrutar del aire fresco y las vistas. Este apartamento está impecable, bien mantenido y listo para que lo conviertas en tu hogar.Incluye 2 garajes y 1 depósito, lo que te ofrece un espacio extra para tus pertenencias. El edificio cuenta con increíbles amenidades: piscina, baño turco, salón de juegos(tenis de mesa y mesa de billar) gimnasio, parque infantil, salón social y business center, cuenta además con planta electrica con suplencia total, 2 ascensores ¡Todo lo que necesitas al alcance de tu mano!No pierdas la oportunidad de vivir en este maravilloso apartamento que combina comodidad, elegancia y una ubicación inmejorable. ¡Contáctanos hoy mismo para agendar tu visita",[],11.0092059,-74.8306558,2026-08-02
"Apartamento en Venta en Betania, Barranquilla",https://www.fincaraiz.com.co/apartamento-en-venta-en-betania-barranquilla/192257112,192257112,https://cdn4.fincaraiz.com.co/repo/img/th.outside384x275.6a5a5c862ed6c_infocdn__97733-0-35689912jpeg.jpeg,[],$ 450.000.000,3 Habs. 2 Baños 100 m²,"Apartamento en venta en betania, barranquilla","Apartamento enBarranquilla, Atlantico",,Llamar,,,,,,,,,,,,,,"se vende apto en exclusivo sector de la ciudad ubicado en el barrio Betania consta de 3 amplias habitaciones con closet, 2 baño, cocina integral equipada, sala-comedor, área de labores, además el conjunto cuenta con todas las áreas sociales que buscas tales como piscina, salón social, parque infantil, parqueadero privado, seguridad 24/7 con acceso a transporte publico cercano, centro comerciales, parques, y vías principales ven y conócelo",[],10.991946610531,-74.810703949684,2026-08-02
"Apartamento en Venta en Rio Alto, Barranquilla",https://www.fincaraiz.com.co/apartamento-en-venta-en-rio-alto-barranquilla/193584851,193584851,https://cdn4.fincaraiz.com.co/repo/img/th.outside384x275.69cc2dbca046b_infocdn__gr106639120260331031348jpeg.jpeg,[],$ 720.000.000,3 Habs. 2 Baños 94 m²,"Apartamento en venta en rio alto, barranquilla","Apartamento enBarranquilla, Atlantico",,Llamar,,,,,,,,,,,,,,"✨ *Tu nuevo Hogar te espera en el Barrio RIO ALTO conjunto RIVERSIDE*✨HERMOSO !!! y AMPLIO !!! APARTAMENTO !!! en  VENTAPiso 1294 mts2Estrato  5Disfruta de la comodidad de:✨  Sala✨ Comedor amplio✨  Balcón con excelente vista al Mar y al Rio✨ Amplia Cocina Integral tipo Américana con Pantry✨ Zona Labores Cerrada✨ Habitacion Principal con Baño, Walkin Closet✨ Total son 3 Habitaciones con Closets?  Parqueadero Privado Cubierto↕️ AscensoresAmenidades del conjunto:? Coworking??‍♂️ Piscinas? Salón Social?? GYM⛹?‍♀️ Cancha Múltiple?  SaunaJacuzzi? Parque Infantil? Zonas VerdesEnfrente del conjunto un Boulevard con muchos árboles ??? y un Parque con todos los elementos y mucha naturaleza ?????Valor Venta ?$720.000.000✔️ Cerca de:C.C. Buenavista, Mall Plaza, Home Center Universidades,  Parques, Colegios Cerca de Vias Principales carrera 53  Circunvalar y Via 40 Cerca de todo",[],11.021564392809,-74.821239709854,2026-08-02
"Apartamento en Venta en Rio Alto, Barranquilla",https://www.fincaraiz.com.co/apartamento-en-venta-en-rio-alto-barranquilla/194003033,194003033,https://cdn4.fincaraiz.com.co/repo/img/th.outside384x275.6a5a60f54ba11_infocdn__32312-1-1784307659jpg.jpg,[],$ 670.000.000,3 Habs. 3 Baños 111 m²,"Apartamento en venta en rio alto, barranquilla","Apartamento enBarranquilla, Atlantico",,Llamar,,,,,,,,,,,,,,"Descubre este apartamento de 111 metros cuadrados distribuidos en 3 habitaciones, 3 baños, sala-comedor, cocina integral, baño de servicio, estudio, área de labores, balcón, cuenta con salón social, ascensor, piscina, zona infantil, planta electrica, gimnasio, zona BBQ y 2 parqueaderos para tu comodidad, este inmueble es ideal para tu familia. No pierdas la oportunidad de vivir en este lugar. ¡Contáctanos ahora para más información y agenda una visita!",[],11.004630023547,-74.831218695604,2026-08-02
Apartamento en  Venta en Cali,https://www.fincaraiz.com.co/apartamento-en-venta-en-cali/191801683,191801683,https://cdn4.fincaraiz.com.co/repo/img/th.outside384x275.6a3ef28b13883_infocdn__gr-venta-apartamento-en-vivero-1734381673-7521-719jpeg.jpeg,[],$ 225.000.000,2 Habs. 2 Baños 57 m²,Apartamento en  venta en cali,"Apartamento enBarranquilla, Atlantico",,Llamar,,,,,,,,,,,,,,"Este hermoso apartamento se encuentra ubicado en una de las zonas más exclusivas del país, con un área terreno, construida y privada de cincuenta y siete metros cuadrados. Con dos cómodas alcobas y dos baños, este inmueble es perfecto para aquellos que buscan un lugar amplio y funcional para vivir.En su interior, encontrarás una serie de características que lo hacen ideal para una familia o una pareja que busque un espacio acogedor y lleno de comodidades. No solo admite mascotas, sino que además cuenta con armarios empotrados en cada habitación, un balcón con una hermosa vista panorámica, un baño auxiliar y uno en la habitación principal, una moderna barra estilo americano en la cocina y una biblioteca/estudio para aquellos que trabajen desde casa.Este apartamento también viene con una serie de características externas que lo hacen aún más atractivo. Ubicado en una zona de acceso pavimentado, se encuentra rodeado de hermosos árboles frutales y bosques nativos, creando un ambiente natural y tranquilo. Además, cuenta con una amplia área social, cancha de fútbol, gimnasio y parques cercanos, lo que permite disfrutar de una variedad de actividades al aire libre sin salir del conjunto residencial.La ubicación de este apartamento también es un factor clave, ya que se encuentra a poca distancia de centros comerciales, colegios y universidades de renombre. Además, cuenta con vigilancia en la portería y zonas deportivas, lo que brinda seguridad y tranqui",[],10.958090723835,-74.8191981844,2026-08-02
"Casa en Venta en El porvenir, Barranquilla",https://www.fincaraiz.com.co/casa-en-venta-en-el-porvenir-barranquilla/194021032,194021032,https://cdn4.fincaraiz.com.co/repo/img/th.outside384x275.6a63acda412eb_infocdn__picture-33d2300c0d554c0399feca97dfba43a2jpeg.jpeg,[],$ 750.000.000,8 Habs. 7 Baños 270 m²,"Casa en venta en el porvenir, barranquilla","Casa enBarranquilla, Atlantico",,Llamar,,,,,,,,,,,,,,"En venta Casa en la ciudad de Barranquilla, en el barrio El Porvenir. cuenta con 8 habitaciones, 7 baños, sala - comedor, patio, terraza, zona de ropa, caja de aire y parqueadero con espacio para 2 vehículos. Con una superficie total de 270 m². Ubicada en una zona de fácil acceso y cercana a colegios y comercio, es ideal para familias con mascotas. No pierdas la oportunidad de adquirir esta propiedad espaciosa y funcional.",[],10.9956948,-74.8089563,2026-08-02
"Apartamento en Venta en Rio Alto, Barranquilla",https://www.fincaraiz.com.co/apartamento-en-venta-en-rio-alto-barranquilla/193179117,193179117,https://cdn4.fincaraiz.com.co/repo/img/th.outside384x275.69357dfd3dbaf_infocdn__47qrmdaeawu8axkudkktzdpcyf4o9zi4btt8lbsejpg.jpg,[],$ 500.000.000,2 Habs. 2 Baños 66.34 m²,"Apartamento en venta en rio alto, barranquilla","Apartamento enBarranquilla, Atlantico",,Llamar,,,,,,,,,,,,,,"Descubra la vida de sus sueños en este apartamento a estrenar, estratégicamente ubicado en el apacible sector residencial de Río Alto, Barranquilla. A solo cinco minutos del prestigioso Centro Comercial Buenavista, esta joya inmobiliaria le ofrece un estilo de vida moderno y sin igual. Disfrute de la frescura de la acera sombra y la comodidad de un primer piso con vistas privilegiadas a las exuberantes zonas comunes.El corazón de este hogar es su luminosa sala comedor, que se extiende hacia un balcón privado, creando el escenario perfecto para compartir momentos inolvidables con familiares y amigos. La cocina integral, está completamente dotada con estufa, horno, campana y elegante mesón de mármol. Además, un generoso patio trasero de 9,85 m² ofrece un oasis versátil, ideal para sus mascotas, un jardín personal o espacio de almacenamiento adicional.El Edificio River Side trasciende el concepto de vivienda, ofreciendo un estilo de vida excepcional con amenidades de lujo: un imponente lobby de doble altura, ascensores de alta velocidad con acceso controlado, y un exclusivo Club House que incluye área de coworking, salas VIP y salones sociales. Las zonas recreativas son un paraíso: cancha multideporte, zona BBQ, game zone y una refrescante piscina recreativa para adultos y niños. Para el máximo relax, el Sky Lounge le espera con jacuzzi, turco y sauna. Su tranquilidad está garantizada con vigilancia 24 horas. No deje pasar la oportunidad de vivir en un lugar donde cada día se siente como unas vacaciones. Contáctenos para más información o para agendar una visita y comience a vivir la vida que siempre ha soñado.",[],11.0214278,-74.8211969,2026-08-02
"Apartamento en  Venta en El prado, Barranquilla",https://www.fincaraiz.com.co/apartamento-en-venta-en-el-prado-barranquilla/191299438,191299438,https://cdn4.fincaraiz.com.co/repo/img/th.outside384x275.67eea2357926e_infocdn__jgkedn7ifyzyxszipiyumffvdos9eaianeeuldjdjpg.jpg,[],$ 250.000.000,3 Habs. 2 Baños 92 m²,"Apartamento en  venta en el prado, barranquilla","Apartamento enBarranquilla, Atlantico",,Llamar,,,,,,,,,,,,,,"Acogedor apartamento con excelente ubicación en uno de los mejores sectores de la ciudad, consta de 3 habitaciones, mas cuarto de servicio con su baño, la habitación principal cuenta con su baño interno y otro baño que comparten las otras dos habitaciones, cuenta con área de labores, cocina integral. Es espacioso y ventilado.",[],10.9984319,-74.7966079,2026-08-02
"Apartamento en Venta en Ciudad jardin, Barranquilla",https://www.fincaraiz.com.co/apartamento-en-venta-en-ciudad-jardin-barranquilla/193981090,193981090,https://cdn4.fincaraiz.com.co/repo/img/th.outside384x275.6a527a47cf531_infocdn__3363f071-01e2-45c7-8097-055dc60bfb97.jpeg,[],$ 300.000.000,3 Habs. 2 Baños 97 m²,"Apartamento en venta en ciudad jardin, barranquilla","Apartamento enBarranquilla, Atlantico",,Llamar,,,,,,,,,,,,,,"UNA OPORTUNIDAD EXCEPCIONAL PARA QUIENES BUSCAN CALIDAD DE VIDA EN UN EXCELENTE SECTOR DE LA CIUDAD. Este inmueble ofrece un diseño funcional que incluye un luminoso salón comedor, tres confortables habitaciones y dos baños completos. La cocina integral cerrada, el área de labores y una habitación de servicio añaden practicidad y comodidad a la vida diaria. El apartamento cuenta con un parqueadero propio escriturado, garantizando seguridad y conveniencia. El edificio ofrece portería permanente para su tranquilidad, un elegante salón social ideal para eventos y reuniones, y una encantadora plazoleta para el disfrute de sus residentes.  ***",[],10.9935772,-74.8171508,2026-08-02
"Apartamento en Venta en Alameda del Rio, Barranquilla",https://www.fincaraiz.com.co/apartamento-en-venta-en-alameda-del-rio-barranquilla/193981091,193981091,https://cdn4.fincaraiz.com.co/repo/img/th.outside384x275.6a527a4d87ce1_infocdn__2b26c7ad-1ea6-4b4d-a8a3-1dfa17bdb016.jpeg,[],$ 285.000.000,3 Habs. 2 Baños 64 m²,"Apartamento en venta en alameda del rio, barranquilla","Apartamento enBarranquilla, Atlantico",,Llamar,,,,,,,,,,,,,,"DESCUBRA ESTE ESPECTACULAR APARTAMENTO, UN OASIS DE CONFORT Y ESTILO. Cuenta con tres amplias habitaciones, la principal con baño privado y un generoso walking closet, y dos habitaciones auxiliares que comparten un baño completo. Disfrute de un diseño de concepto abierto que integra sala y comedor, una cocina moderna y un balcón perfecto para relajarse. El área de labores añade funcionalidad, y un parqueadero cubierto garantiza comodidad. Las amenidades del conjunto son inigualables una refrescante piscina, un emocionante parque acuático, un elegante salón social, zona de BBQ para reuniones, cancha múltiple para los amantes del deporte y un parque infantil para los más pequeños.  ***",[],10.9953766,-74.8436265,2026-08-02
Apartamento en venta en Puerto colombia,https://www.fincaraiz.com.co/apartamento-en-venta-en-puerto-colombia/10607385,10607385,https://cdn4.fincaraiz.com.co/repo/img/th.outside384x275.6a18552630db7_infocdn__gr-venta-de-apartamento-villa-cam-1659304888-932-3273jpg.jpg,[],$ 800.000.000,3 Habs. 4 Baños 220 m²,Apartamento en venta en puerto colombia,"Apartamento enBarranquilla, Atlantico",,Llamar,,,,,,,,,,,,,,"Amplio apartamento en segundo piso.3 habitaciones, 2 con baño ?Star de alcobasEstudioBaño socialCocina cerradaCuarto de servicio con baño2 Aires central2 paraueaderos individuales donde pueden parquear hasta 4 vehículos.Condominio con: Cancha de tenis ? Cancha de baloncesto ? Cancha de squash ? Piscina ?‍♂️GimnasioSalón socialZona bbq ? ?Porteria 24 horasExcelente sector residencial.",[],11.020698231264,-74.857110133598,2026-08-02
"Apartamento en Venta en Miramar, Barranquilla",https://www.fincaraiz.com.co/apartamento-en-venta-en-miramar-barranquilla/194022162,194022162,https://cdn4.fincaraiz.com.co/repo/img/th.outside384x275.6a6165f51d45c_infocdn__qjuohpkxpyim2i0yhkrd1jpp7hyewcy1xe0mkfggjpg.jpg,[],$ 275.000.000,2 Habs. 2 Baños 55 m²,"Apartamento en venta en miramar, barranquilla","Apartamento enBarranquilla, Atlantico",,Llamar,,,,,,,,,,,,,,"Apto 55 m² Lado Sombra en Miramar: Piso 10 con Vista Panorámica¿Buscas tu primer apartamento o una inversión segura en el norte de Barranquilla? Este inmueble estrato 4 en el Conjunto Florencia (Miramar) te entrega 55 m² con la codiciada orientación ""Lado Sombra"", garantizando frescura total y ahorro de energía todo el año.Ubicado en un piso 10, cuenta con 2 alcobas (la principal con baño privado), un baño auxiliar completo, sala-comedor con vista panorámica y cocina integral con zona de labores. Todas las áreas tienen conexión lista para aire acondicionado. Incluye 1 parqueadero propio.El conjunto cerrado ofrece piscina, gimnasio, canchas deportivas, parque infantil, ascensores y vigilancia 24/7.Precio: $ ***COPAdministración: $ 260.000 COPLas propiedades en este sector son altamente líquidas y se venden rápido. ¡Haz clic en WhatsApp y agenda tu visita con Nova Inmobiliaria hoy mismo!",[],11.009133,-74.8381285,2026-08-02
"Apartamento en Venta en Altos de riomar, Barranquilla",https://www.fincaraiz.com.co/apartamento-en-venta-en-altos-de-riomar-barranquilla/193730590,193730590,https://cdn4.fincaraiz.com.co/repo/img/th.outside384x275.6a6dda7ce4241_infocdn__f5xbjjcaaqysxtkvuuga40wo9gbnjj8vuqqzquq4png.png,[],$ 514.000.000,2 Habs. 3 Baños 111 m²,"Apartamento en venta en altos de riomar, barranquilla","Apartamento enBarranquilla, Atlantico",,Llamar,,,,,,,,,,,,,,"Exclusivo apartamento con ascensor directo, 111 m², sala-comedor con balcón, 2 habitaciones con baño privado, estudio con opción de 3.ª habitación, cocina cerrada, habitación y baño de servicio. Edificio moderno y baño social (2014).? Carrera 57 #94, sector residencial de alta valorización. Cerca de Mallplaza Buenavista, C.C. Buenavista, C.C. Viva, Iglesia Espíritu Santo, restaurantes, hoteles y principales vías como la Carrera 57 y Calle 94.✅ Piso 8✅ 100% sombra✅ Excelente ventilación✅ Alta privacidad✅ Ubicación estratégicaSomos brokers inmobiliarios y te acompañamos durante todo el proceso. Gestionamos tu crédito hipotecario si estás en Colombia o eres colombiano en el exterior.¡Agenda tu visita y conoce tu próximo hogar en Altos de Riomar!",[],11.0152431,-74.8219713,2026-08-02
"Apartamento en Venta en Rosario, Barranquilla",https://www.fincaraiz.com.co/apartamento-en-venta-en-rosario-barranquilla/193595976,193595976,https://cdn4.fincaraiz.com.co/repo/img/th.outside384x275.69d3fc393530e_infocdn__32070-1-1775499409jpg.jpg,[],$ 280.000.000,3 Habs. 2 Baños 67 m²,"Apartamento en venta en rosario, barranquilla","Apartamento enBarranquilla, Atlantico",,Llamar,,,,,,,,,,,,,,"Apartamento de 3 habitaciones y 2 baños, Con una cocina integral, área de labores y sala-comedor, cada espacio ha sido diseñado para brindar comodidad y funcionalidad. Disfruta de las amenidades que ofrece el edificio, como ascensor, zona infantil, piscina y portería/vigilancia las 24 horas. Además, cuenta con un salón comunal para eventos especiales. Con cómodas vías de acceso y parques cercanos, este lugar es ideal para quienes valoran la calidad de vida y la seguridad. Vive la experiencia de un hogar perfecto.",[],10.986135011067,-74.786375888989,2026-08-02
"Casa en  Venta en Las mercedes, Barranquilla",https://www.fincaraiz.com.co/casa-en-venta-en-las-mercedes-barranquilla/191928576,191928576,https://cdn4.fincaraiz.com.co/repo/img/th.outside384x275.679801f14aad1_infocdn__31123-1-1738014767jpg.jpg,[],$ 470.000.000,3 Habs. 2 Baños 124 m²,"Casa en  venta en las mercedes, barranquilla","Casa enBarranquilla, Atlantico",,Llamar,,,,,,,,,,,,,,"Descubre esta casa con 124 metros cuadrados distribuidos en 3 habitaciones, 2 baños, sala, comedor, cocina tradicional, area de labores, jardin interior, patio, terraza y 2 parqueaderos, este inmueble ofrece un espacio amplio y cómodo para tu familia. No pierdas la oportunidad de vivir en este lugar. ¡Contáctanos ahora para más información y agenda una visita!",[],10.985253989224,-74.818443960891,2026-08-02
"Apartamento en venta en Rio Alto, Barranquilla",https://www.fincaraiz.com.co/apartamento-en-venta-en-rio-alto-barranquilla/7334021,7334021,https://s3.amazonaws.com/imagenesprof.fincaraiz.com.co/OVFR_COL/2022/6/8/3724343_697_18.jpg,[],$ 555.000.000,3 Habs. 2 Baños 111 m²,"Apartamento en venta en rio alto, barranquilla","Apartamento enBarranquilla, Atlantico",,Llamar,,,,,,,,,,,,,,"Hermoso apto, con excelentes acabados, el edificio cuenta con excelentes zonas sociales, GYM, BBQ, piscina.",[],11.0212993621826,-74.819091796875,2026-08-02
"Apartamento en Venta en Portal de Genovés, Barranquilla",https://www.fincaraiz.com.co/apartamento-en-venta-en-portal-de-genoves-barranquilla/193978456,193978456,https://cdn4.fincaraiz.com.co/repo/img/th.outside384x275.6a516b74af0bd_infocdn__dcf079b8-5393-491b-bb73-815eb9c93d75.jpeg,[],$ 780.000.000,3 Habs. 3 Baños 130 m²,"Apartamento en venta en portal de genovés, barranquilla","Apartamento enBarranquilla, Atlantico",,Llamar,,,,,,,,,,,,,,"ESPECTACULAR APARTAMENTO CON IMPRESIONANTE VISTA PANORÁMICA. El inmueble cuenta con tres 3 amplias habitaciones, cada una con baño privado. La habitación principal dispone de walking closet, mientras que las habitaciones auxiliares cuentan con clósets de excelente capacidad. Además, ofrece una moderna cocina abierta de gran tamaño, amplia área de labores, cuarto y baño de servicio, y un espacio adicional ideal para estudio, sala de televisión o estar familiar. Complementan esta excelente propiedad dos 2 parqueaderos privados y un depósito. El edificio ofrece completas y exclusivas zonas comunes, entre las que se destacan Piscinas para adultos y niños, salón social para eventos, terraza BBQ, zona exclusiva para mascotas, espacios diseñados para el disfrute y la recreación de toda la familia. ***",[],11.020353,-74.8408909,2026-08-02
"Bodega en Venta en Cordialidad, Barranquilla",https://www.fincaraiz.com.co/bodega-en-venta-en-cordialidad-barranquilla/193802533,193802533,https://cdn4.fincaraiz.com.co/repo/img/th.outside384x275.6a58e9d448a5a_infocdn__622b9e4d-7062-469e-8568-9244afd16b37.jpeg,[],$ 9.580.000.000,3 Baños 4000 m²,"Bodega en venta en cordialidad, barranquilla","Bodega enBarranquilla, Atlantico",,Llamar,,,,,,,,,,,,,,"Bodega parque Logístico Área lote de 4.000 metros 80 frente x 50 fondo, Area de Construida de 2.900 Metros, Área libre de Bodega 1.900 Metros Altura Triple, la cubierta cuenta aislamiento termico, con aire en toda la bodega, cuenta con 4 entredas de caminones, Area de oficinas de dos niveles de 1.000 Metros, las oficinas cuentan aire acondicionado tipo chiller, Mas área de parqueo Privado de 1.600 Metros, Capasidad d energia de 450 Kwa, Con planta electrica marca caterpillar de 340 kwa, con transferencia automatica, Tanque de reserva de agua, deal para almacenamiento Industria, excelente ubicación cerca a todo,   ***",[],10.948431246456,-74.835598106191,2026-08-02
Apartamento en Venta en Barranquilla,https://www.fincaraiz.com.co/apartamento-en-venta-en-barranquilla/192668270,192668270,https://cdn4.fincaraiz.com.co/repo/img/th.outside384x275.6946bb7e5ca78_infocdn__gr1066391220240326110652jpeg.jpeg,[],$ 270.000.000,2 Habs. 1 Baño 120 m²,Apartamento en venta en barranquilla,"Apartamento enBarranquilla, Atlantico",,Llamar,,,,,,,,,,,,,,"Confortable y Fresco Apartamento VENTABarrio Buena Esperanza?mide  155 mts2Estrato  2? Terraza? 2 Habitaciones?? 1 baño?   Sala Amplia? Comedor? Cocina Semi Integral, Amplia?Zona de labores? Patio Grande? Parqueadero en la Terraza.Terraza Enrejada?$ ***NegociablesZona ResidencialCerca de  Supermercados , vías principales, tiendas Parques, Colegios , Iglesias, Restaurantes, y otros",[],10.9629034,-74.8065967,2026-08-02
"Apartamento en Venta en Buenavista, Barranquilla",https://www.fincaraiz.com.co/apartamento-en-venta-en-buenavista-barranquilla/193979055,193979055,https://cdn4.fincaraiz.com.co/repo/img/th.outside384x275.6a518a31c580f_infocdn__picture-a498eb5d239c4a4eb419a24c13e8a42fjpg.JPG,[],$ 720.000.000,3 Habs. 2 Baños 94 m²,"Apartamento en venta en buenavista, barranquilla","Apartamento enBarranquilla, Atlantico",,Llamar,,,,,,,,,,,,,,"En venta conjunto residencial riverside en Riomar, Barranquilla. Piso 11, apartamento 5. Con 3 habitaciones, 2 baños y 1 parqueadero. Superficie total de 94m². Año de construcción 2025, en excelente estado. Cuenta con piscina, área de relax, zona recreativa, zona de BBQ, sala de negocios, cancha de fútbol, balcón y baño de servicio. Accesibilidad para adultos mayores y personas con discapacidad. Ubicado en Cra 71 #98-55, con cercanía a servicios de agua potable. Aprovecha esta oportunidad en un ambiente tranquilo y cómodo.",[],11.0214278,-74.8211969,2026-08-02
"Apartamento en  Venta en Altos de riomar, Barranquilla",https://www.fincaraiz.com.co/apartamento-en-venta-en-altos-de-riomar-barranquilla/191776290,191776290,https://cdn4.fincaraiz.com.co/repo/img/th.outside384x275.67576be6e329e_infocdn__12530-0-49872036jpg.jpg,[],$ 550.000.000,5 Habs. 4 Baños 268 m²,"Apartamento en  venta en altos de riomar, barranquilla","Apartamento enBarranquilla, Atlantico",,Llamar,,,,,,,,,,,,,,"CÓMODO APARTAMENTO, AMPLIO, FRESCO, BIEN ILUMINADO, CON 5 HABITACIONES, 4 BAÑOS, BALCÓN, UBICADA EN ZONA RESIDENCIAL, TRANSITADO, SEGURO, CERCA A CENTRO COMERCIAL BUENAVISTA, SUPERMERCADOS Y ALMACENES.",[],11.016908,-74.8198073,2026-08-02
"Apartamento en Venta en Andalucia, Barranquilla",https://www.fincaraiz.com.co/apartamento-en-venta-en-andalucia-barranquilla/193653120,193653120,https://cdn4.fincaraiz.com.co/gen-ai/th.outside384x275.enhanced_image_20260420160202.png,[],$ 185.000.000,2 Habs. 2 Baños 48 m²,"Apartamento en venta en andalucia, barranquilla","Apartamento enBarranquilla, Atlantico",,Llamar,,,,,,,,,,,,,,"Magnífica oportunidad de adquirir un apartamento en el codiciado barrio Villa del Este, estratégicamente ubicado cerca del vibrante Parque La Electrificadora. Este acogedor hogar, situado en un tercer piso sin ascensor, ofrece una distribución inteligente con dos cómodas alcobas, dos baños completos, una luminosa sala comedor, cocina funcional y una práctica zona de labores. Disfrute de la tranquilidad y seguridad que brinda la vigilancia tres días a la semana, complementada por la cercanía a un parque ideal para el esparcimiento. Una propiedad que combina ubicación, comodidad y un precio inmejorable. ¡No deje pasar esta excepcional oportunidad!.  3 PISO SIN ASCENSOR.",[],11.0138268,-74.8114884,2026-08-02
"Apartamento en Venta en Rio Alto, Barranquilla",https://www.fincaraiz.com.co/apartamento-en-venta-en-rio-alto-barranquilla/193844581,193844581,https://cdn4.fincaraiz.com.co/repo/img/th.outside384x275.6a3d88c72d149_infocdn__gr896981720240412114907jpeg.jpeg,[],$ 770.000.000,3 Habs. 3 Baños 117 m²,"Apartamento en venta en rio alto, barranquilla","Apartamento enBarranquilla, Atlantico",,Llamar,,,,,,,,,,,,,,"Apartamento nuevo, moderno, pensado para el confort familiar, con dos habitaciones con baño privado y un baño en hall de alcobas mas el baño social. balcón amplio invitando a descansar y disfrutar de una hermosa vista orientado lado sombra. Se entrega con 4 aires acondicionados nuevos.Edificio con todas las amenidades, ubicado en el sector más exclusivo de la ciudad, parques, Centros Comerciales y vias de acceso se destacan por sobre todas las cosas.",[],11.0207852,-74.8205782,2026-08-02
"Casa en Venta en Villa santos, Barranquilla",https://www.fincaraiz.com.co/casa-en-venta-en-villa-santos-barranquilla/193973756,193973756,https://cdn4.fincaraiz.com.co/repo/img/th.outside384x275.6a500956b0dca_infocdn__5xycjza0d8krupuytexsrb9ohe0tr76emdgyulocjpg.jpg,[],$ 1.100.000.000,3 Habs. 6 Baños 370 m²,"Casa en venta en villa santos, barranquilla","Casa enBarranquilla, Atlantico",,Llamar,,,,,,,,,,,,,,"Desde su elegante fachada de estilo elegante, esta casa transmite carácter, calidez y distinción.Al cruzar la puerta principal, una imponente escalera curva, los pisos en mármol y la amplitud de sus espacios.✅Con 350 m² construidos distribuidos en dos niveles, esta propiedad fue diseñada para quienes valoran la comodidad, la privacidad y los momentos en familia.✅La zona social ofrece espacios generosos e iluminados, ideales para recibir invitados o disfrutar del día a día con total confort.✅En el exterior, un patio privado aporta ventilación natural y se convierte en el lugar perfecto para compartir reuniones, crear un jardín o simplemente disfrutar de un momento de tranquilidad.✅En el segundo nivel, cada integrante de la familia encuentra su propio espacio gracias a sus tres amplias habitaciones, todas con baño privado, brindando independencia y comodidad.Características principales:✔ 2 niveles✔ 3 amplias habitaciones, todas con baño privado.✔ 2 baños con tina y Vestier✔ Sala y comedor de generosas dimensiones✔ Pisos en mármol✔ Escalera de diseño con barandas en hierro forjado✔ Patio privado✔ Cuarto y baño de servicio✔ Cuarto útil✔ Garaje amplio con baño✔ Ubicada en Villa Santos, uno de los sectores residenciales más exclusivos y valorizados de Barranquilla.Una propiedad con espacios que se disfrutan, acabados que perduran y una ubicación que siempre será una excelente inversión. Agenda tu visita y descubre todo lo que esta casa tiene para ofrecer.",[],11.0075313,-74.8313203,2026-08-02
"Apartamento en Venta en Alameda del Rio, Barranquilla",https://www.fincaraiz.com.co/apartamento-en-venta-en-alameda-del-rio-barranquilla/193957779,193957779,https://cdn4.fincaraiz.com.co/repo/img/th.outside384x275.6a4bd1950b218_infocdn__thnrzvinpqfwlfxjcfzirnj2vvplgmrby9r1kyqejpg.jpg,[],$ 255.000.000,2 Habs. 2 Baños 52 m²,"Apartamento en venta en alameda del rio, barranquilla","Apartamento enBarranquilla, Atlantico",,Llamar,,,,,,,,,,,,,,"SE VENDE APARTAMENTO CON PARQUEADERO PRIVADO EN ALAMEDA DEL RÍO- Área 52m- 2 habitaciones- 2 baños- 1 estudio- Sala / Cocina / Comedor- parqueadero privado- estrato 4- piso 7* Se entrega con centro de entretenimiento, cuadros, lámparas, división de vidrio templado en los baños, puntos para aire acondicionado.Conjunto cuenta con:- Vigilancia 24h- Parqueadero visitantes- Cancha sintética de fútbol- Parque infantil- Gimnasio- Piscina- Bbq* Cerca a la circunvalar, cerca a supermercado D1, Ara, Isimo, Dollar City, Droguería Cruz verde, Carnicería, centro comerciales y próximamente colegio Innova School.Precio de venta ***Admin 280.000",[],10.9969258,-74.8440427,2026-08-02
"Apartamento en  Venta en Riomar, Barranquilla",https://www.fincaraiz.com.co/apartamento-en-venta-en-riomar-barranquilla/191782249,191782249,https://cdn4.fincaraiz.com.co/repo/img/th.outside384x275.6758b6c8e6ab5_infocdn__y20bhrcthmupe6myex0m44vdpxynitxvkd4pp86kjpg.jpg,[],$ 410.000.000,3 Habs. 4 Baños 167 m²,"Apartamento en  venta en riomar, barranquilla","Apartamento enBarranquilla, Atlantico",,Llamar,,,,,,,,,,,,,,"Se arrienda apartamento de tercer piso estrato 6 con una área aproximada de 167,59 MTS (2) ubicado en la localidad Riomar de la ciudad de Barranquilla. Esta propiedad cuenta con cercanía a restaurantes, tiendas y otros comercios. Este inmueble cuenta con las siguientes características: Tres (3) habitaciones, Cuatro (4) Baños, Sala-comedor, Cocina integral, alcoba de servicio, estudio zona de labores y parqueadero asignado. Por otra parte, el conjunto cuenta con servicio de celaduría. No esperes a que tomen esta oportunidad. ¡Agenda tu visita! Código inmobiliario: PR-998",[],11.0163259,-74.8192108,2026-08-02
"Apartamento en Venta en Los andes, Barranquilla",https://www.fincaraiz.com.co/apartamento-en-venta-en-los-andes-barranquilla/193673669,193673669,https://cdn4.fincaraiz.com.co/repo/img/th.outside384x275.6a2d7d6fdf9b9_infocdn__gr106639520260424035449jpeg.jpeg,[],$ 290.000.000,3 Habs. 2 Baños 87 m²,"Apartamento en venta en los andes, barranquilla","Apartamento enBarranquilla, Atlantico",,Llamar,,,,,,,,,,,,,,"✨ ¡OPORTUNIDAD DE INVERSIÓN EN LOS ANDES! ??? Ubicado en el sector Los Andes, en un entorno residencial tranquilo y de fácil acceso.? Propiedad con 2 unidades en una sola inversión: apartamento + apartaestudio? Área total: 87 m²? Valor: $290.000.000? Distribución:? Primer piso (Apartaestudio):? 1 habitación? Sala? Cocina? 1 baño? Patio? Segundo piso (Apartamento):? 2 habitaciones? Sala? Cocina? Comedor? Ubicado en conjunto de solo 4 casas? Cerca de colegios, iglesias y supermercados? Estrato 3? Ideal para generar ingresos: vive en uno y arrienda el otro o renta ambos.? ¡Contáctanos y conoce esta excelente oportunidad de inversión!",[],10.9684611,-74.8041817,2026-08-02
"Apartamento en Venta en Las delicias, Barranquilla",https://www.fincaraiz.com.co/apartamento-en-venta-en-las-delicias-barranquilla/193458604,193458604,https://cdn4.fincaraiz.com.co/repo/img/th.outside384x275.69a7459e1e9b7_infocdn__31871-1-1766517649jpg.jpg,[],$ 290.000.000,3 Habs. 2 Baños 109 m²,"Apartamento en venta en las delicias, barranquilla","Apartamento enBarranquilla, Atlantico",,Llamar,,,,,,,,,,,,,,"Descubre este apartamento de 109 metros cuadrados distribuidos en sala-comedor amplia con iluminación natural, cocina integral, 3 habitaciones, 2 baños, area de labores. No pierdas la oportunidad de vivir en este espacio cómodo y funcional. ¡Contáctanos para agendar una visita y hacer de este lugar tu nuevo hogar!",[],10.988876019134,-74.804689928333,2026-08-02
"Apartamento en Venta en Altos del prado, Barranquilla",https://www.fincaraiz.com.co/apartamento-en-venta-en-altos-del-prado-barranquilla/193914054,193914054,https://cdn4.fincaraiz.com.co/repo/img/th.outside384x275.6a6d0826eb1a6_infocdn__picture-96a09a92e9854a6db83467db600a1781jpg.jpg,[],$ 869.000.000,3 Habs. 4 Baños 224 m²,"Apartamento en venta en altos del prado, barranquilla","Apartamento enBarranquilla, Atlantico",,Llamar,,,,,,,,,,,,,,"cod Tu360.Apartamento en venta en El Golf, Barranquilla, ideal para quienes buscan amplitud, exclusividad y una ubicación privilegiada. Con 224 m2, está ubicado a pocos pasos del Parque Rosado, sobre acera sombra, en uno de los sectores de mayor valorización de la ciudad. El edificio ofrece un apartamento por piso y ascensor con acceso directo, garantizando privacidad. Cuenta con sala comedor, estudio, hall de alcobas, tres habitaciones con baño privado, principal con walking closet, baño social, cocina integral, cuarto y baño de servicio, zona de labores y pisos en mármol y madera. Incluye dos parqueaderos independientes.El edificio dispone de vigilancia y planta eléctrica. Una excelente opción para vivir en un apartamento amplio en El Golf, cerca de parques, restaurantes, comercio y vías principales.Agenda tu visita.",[],11.0061184,-74.8083571,2026-08-02
"Apartamento en Venta en Buenavista, Barranquilla",https://www.fincaraiz.com.co/apartamento-en-venta-en-buenavista-barranquilla/193974331,193974331,https://cdn4.fincaraiz.com.co/repo/img/th.outside384x275.6a5023b322e22_infocdn__picture-92b1127240934a7697373ca909735257-1782185733880jpeg.jpeg,[],$ 750.000.000,3 Habs. 3 Baños 120 m²,"Apartamento en venta en buenavista, barranquilla","Apartamento enBarranquilla, Atlantico",,Llamar,,,,,,,,,,,,,,"Venta de apartamento en Puerto Colombia, Atlántico. Ubicado en el exclusivo sector de Portal de Genovés, este inmueble cuenta con 3 habitaciones, 3 baños y 1 puesto de estacionamiento. Con una superficie total y techada de 120 m², este apartamento de año de construcción 2018 se encuentra en excelente estado. Entre sus servicios, destacan la piscina, área recreativa, sala de negocios y balcón. Con gastos comunes de $776,000 COP, esta propiedad es ideal para quienes buscan comodidad y exclusividad en una de las zonas más cotizadas de la región. No pierdas la oportunidad de adquirir este inmueble único en su tipo.",[],11.0178943,-74.8260492,2026-08-02
"Casa en Venta en El silencio, Barranquilla",https://www.fincaraiz.com.co/casa-en-venta-en-el-silencio-barranquilla/192928753,192928753,https://cdn4.fincaraiz.com.co/repo/img/th.outside384x275.6a054ea2e6f00_infocdn__107106-1-1778685050-1jpg.jpg,[],$ 290.000.000,3 Habs. 2 Baños 96 m²,"Casa en venta en el silencio, barranquilla","Casa enBarranquilla, Atlantico",,Llamar,,,,,,,,,,,,,,"En Financar Inmobiliaria le presentamos esta excelente casa en venta, perfecta para quienes buscan comodidad, amplitud y un ambiente acogedor para vivir. La propiedad cuenta con tres alcobas bien distribuidas, ideales para el descanso y la privacidad de toda la familia. Dispone de dos baños que ofrecen funcionalidad y confort, una cocina que se convierte en el corazón del hogar, y un amplio patio que brinda ventilación e iluminación natural. Además, la terraza es el espacio ideal para disfrutar al aire libre o compartir en familia. Gracias al respaldo y servicio profesional de Financar Inmobiliaria, es muy fácil que esta casa se convierta en su próximo hogar. Lo acompañamos en cada paso para que su proceso de compra sea seguro, ágil y satisfactorio.",[],10.9878,-74.7889,2026-08-02
"Casa Lote en venta en La pradera, Barranquilla",https://www.fincaraiz.com.co/casa-lote-en-venta-en-la-pradera-barranquilla/6497121,6497121,https://s3.amazonaws.com/imagenesprof.fincaraiz.com.co/OVFR_COL/2021/7/13/3197519_320_0.jpg,[],$ 630.000.000,9 Habs. 6 Baños 454 m²,"Casa lote en venta en la pradera, barranquilla","Casa enBarranquilla, Atlantico",,Llamar,,,,,,,,,,,,,,"¡Atención Inversionistas!Multifamiliar en Venta – Barrio PraderaInmobiliaria Chavez JG te presenta esta excelente oportunidad de inversión en el sector Pradera. Predio multifamiliar estrato 2, con destinación comercial y ubicación privilegiada sobre vía principal, ideal para generar rentas múltiples.Compuesta por 4 unidades independientes:2 apartamentos de 3 habitaciones con clóset y 2 baños cada uno1 apartaestudio funcional1 apartamento de 2 habitaciones con clóset y 1 bañoParqueadero disponibleEntradas y servicios públicos totalmente independientesCercana a rutas de buses, tiendas y supermercados¡Se escuchan ofertas!Una propiedad versátil, perfecta para renta o desarrollo comercial.",[],10.9807958602905,-74.8383560180664,2026-08-02
"Casa en Venta en Buenavista, Barranquilla",https://www.fincaraiz.com.co/casa-en-venta-en-buenavista-barranquilla/193617531,193617531,https://cdn4.fincaraiz.com.co/repo/img/th.outside384x275.69d9bac54849f_infocdn__kuidqn52cfc5czuhuhohtbhmtldnvdmpknudrhg2jpg.jpg,[],$ 2.500.000.000,4 Habs. 6 Baños 400 m²,"Casa en venta en buenavista, barranquilla","Casa enBarranquilla, Atlantico",,Llamar,,,,,,,,,,,,,,"Ubicada en el exclusivo sector de Buenavista, esta casa en conjunto cerrado combina lujo,comodidad y seguridad en un entorno sereno. Con una atmósfera que inspira paz yrelajación, es el hogar perfecto para familias o personas que valoran el espacio y latranquilidad.",[],11.0133099,-74.8274876,2026-08-02
"Apartamento en Venta en Bellavista, Barranquilla",https://www.fincaraiz.com.co/apartamento-en-venta-en-bellavista-barranquilla/193630238,193630238,https://cdn4.fincaraiz.com.co/repo/img/th.outside384x275.69de67b201580_infocdn__bqbeyv1psuyozn54xrwz6hkflnuxathk7v4rwzgrjpg.jpg,[],$ 445.000.000,2 Habs. 2 Baños 68 m²,"Apartamento en venta en bellavista, barranquilla","Apartamento enBarranquilla, Atlantico",,Llamar,,,,,,,,,,,,,,"Apartamento en muy buen estado, piso alto lado sombra, cuenta con sala, comedor, cocina integral abierta, área de labores, balcón, 2 cuartos y 2 baños, 1 parqueadero, ascensor, piscina, parque, salón social, gym, vigilancia 24 horas, zona tranquila y residencial.",[],11.0014651,-74.795511,2026-08-02
"Apartamento en Venta en Altos de riomar, Barranquilla",https://www.fincaraiz.com.co/apartamento-en-venta-en-altos-de-riomar-barranquilla/193217261,193217261,https://cdn4.fincaraiz.com.co/repo/img/th.outside384x275.695ecf3ce4b00_infocdn__1009-1-1766086802jpg.jpg,[],$ 670.000.000,3 Habs. 2 Baños 131 m²,"Apartamento en venta en altos de riomar, barranquilla","Apartamento enBarranquilla, Atlantico",,Llamar,,,,,,,,,,,,,,"Descubre este exclusivo apartamento de 131 metros cuadrados con 3 habitaciones y 2 baños en una ubicación privilegiada. Al entrar, te recibirá un amplio balcón con vista panorámica, perfecto para disfrutar de momentos de relax. La cocina integral equipada con electrodomésticos de alta gama y zona de ropas independiente te brindarán comodidad en cada detalle. Las divisiones internas permiten una distribución armoniosa, mientras que el cuarto de servicio añade practicidad. La sala-comedor con piso en baldosa ofrece un ambiente acogedor y luminoso. Además, el edificio cuenta con ascensor, piscina, zona infantil y vigilancia privada las 24 horas. Su ubicación sobre vía principal te conecta con colegios, supermercados, centros comerciales y transporte público. ¡Vive en un espacio que combina lujo, comodidad y seguridad en un entorno residencial y comercial de alto prestigio!",[],11.015666006606,-74.823347877163,2026-08-02
"Apartamento en Venta en Lucero, Barranquilla",https://www.fincaraiz.com.co/apartamento-en-venta-en-lucero-barranquilla/193606509,193606509,https://cdn4.fincaraiz.com.co/repo/img/th.outside384x275.69d6b8ab686c0_infocdn__98488-2-1753198041jpg.jpg,[],$ 130.000.000,2 Habs. 1 Baño 40 m²,"Apartamento en venta en lucero, barranquilla","Apartamento enBarranquilla, Atlantico",,Llamar,,,,,,,,,,,,,,"Descubre este apartamento de 2 habitaciones y 1 baño. Con sus 40 metros cuadrados, cada rincón ha sido diseñado para brindar confort y funcionalidad. Su ubicación privilegiada ofrece fácil acceso a servicios y transporte público. Este hogar es ideal para quienes buscan un espacio acogedor y bien ubicado. ¡Ven y haz de este lugar tu nuevo refugio en la ciudad!",[],10.978239006818,-74.796777914649,2026-08-02
"Apartamento en Venta en Altos del prado, Barranquilla",https://www.fincaraiz.com.co/apartamento-en-venta-en-altos-del-prado-barranquilla/193798671,193798671,https://cdn4.fincaraiz.com.co/repo/img/th.outside384x275.6a219a00054b0_infocdn__98786-1-1779464826jpg.jpg,[],$ 590.000.000,4 Habs. 5 Baños 278 m²,"Apartamento en venta en altos del prado, barranquilla","Apartamento enBarranquilla, Atlantico",,Llamar,,,,,,,,,,,,,,"En el corazón de Barranquilla, en la prestigiosa zona Norte del Centro Histórico, se encuentra un apartamento que combina elegancia y funcionalidad. Situado en el exclusivo barrio Alto Prado, este inmueble de estrato 6, construido en 2013, ofrece un entorno ideal para quienes buscan establecer un negocio en un área de alto flujo y visibilidad. Su ubicación estratégica no solo garantiza un fácil acceso a las principales vías de la ciudad, sino que también lo sitúa cerca de importantes centros comerciales, restaurantes y servicios, lo que lo convierte en un punto de atracción para clientes potenciales. El diseño moderno y las condiciones del apartamento permiten una adaptación versátil para diversos usos comerciales, brindando la oportunidad de aprovechar al máximo su espacio. Este inmueble no solo representa una inversión en una ubicación privilegiada, sino también una plataforma para el crecimiento y el desarrollo de su negocio. La posibilidad de establecerse en un área de alta demanda y valorización es un aspecto que no se puede pasar por alto. Este apartamento es un paso hacia el éxito empresarial en Barranquilla.",[],11.006589998029,-74.814796911001,2026-08-02
"Apartamento en Venta en Caribe Verde, Barranquilla",https://www.fincaraiz.com.co/apartamento-en-venta-en-caribe-verde-barranquilla/193231282,193231282,https://cdn4.fincaraiz.com.co/repo/img/th.outside384x275.6998657553f87_infocdn__gr106639720251226083731jpeg.jpeg,[],$ 125.000.000,3 Habs. 2 Baños 50 m²,"Apartamento en venta en caribe verde, barranquilla","Apartamento enBarranquilla, Atlantico",,Llamar,,,,,,,,,,,,,,"?✨ ¡Oportunidad para estrenar y personalizar a tu gusto! ✨?Apartamento de 50 m², con 3 alcobas, 2 baños, cocina, zona de labores y en obra gris, ideal para que lo remodeles con los materiales y el diseño que siempre soñaste.? Precio: $125.000.000? Entrega inmediata",[],10.958003281592,-74.852299690247,2026-08-02
"Casa en Venta en Boston, Barranquilla",https://www.fincaraiz.com.co/casa-en-venta-en-boston-barranquilla/192563158,192563158,https://cdn4.fincaraiz.com.co/repo/img/th.outside384x275.6861e2d045dc7_infocdn__31489-1-1750784409jpg.jpg,[],$ 450.000.000,4 Habs. 2 Baños 256 m²,"Casa en venta en boston, barranquilla","Casa enBarranquilla, Atlantico",,Llamar,,,,,,,,,,,,,,"Descubre esta casa con un total de 256 metros cuadrados distribuidos en  4 habitaciones, 2 baños, sala, comedor, cocina, are de labores, terraza, patio y 1 parqueadero, este inmueble ofrece un amplio espacio para tu familia, te brinda comodidad. No pierdas la oportunidad de vivir en este hogar. ¡Contáctanos ahora para más información y agenda una visita!",[],10.989626995749,-74.798751936666,2026-08-02
"Casa en Venta en Cr.la castellana, Barranquilla",https://www.fincaraiz.com.co/casa-en-venta-en-crla-castellana-barranquilla/193881450,193881450,https://cdn4.fincaraiz.com.co/repo/img/th.outside384x275.6a31b5d096f9b_infocdn__32065-12-1775068387jpg.jpg,[],$ 2.100.000.000,3 Habs. 3 Baños 250 m²,"Casa en venta en cr.la castellana, barranquilla","Casa enBarranquilla, Atlantico",,Llamar,,,,,,,,,,,,,,"Descubre esta elegante casa en conjunto de 250m2 amoblada, con acabados de lujo, ubicada en una zona residencial exclusiva. Cuenta con 3 habitaciones cada una con baño interno, ofrece un ambiente amplio y luminoso. Disfruta de los espacios de relajación de este inmueble con piscina y área BBQ privada, con electrodomésticos de última tecnología y luces inteligentes. Adicional tiene estudio, área de labores, habitación de servicio con baño. Además, brinda comodidades como baño social, vigilancia privada 24/7 y 2 parqueaderos. Con cómodas vías de acceso y parques cercanos, esta propiedad es ideal para quienes buscan confort y seguridad. ¡Imagina tu vida en este hogar lleno de detalles exquisitos!",[],11.015068418819,-74.831696001269,2026-08-02
"Apartamento en Venta en Buenavista, Barranquilla",https://www.fincaraiz.com.co/apartamento-en-venta-en-buenavista-barranquilla/193955502,193955502,https://cdn4.fincaraiz.com.co/repo/img/th.outside384x275.6a550d5e2b5af_infocdn__picture-472da689b4bb498c8734c8acc39e4389jpeg.jpeg,[],$ 730.000.000,3 Habs. 3 Baños 93 m²,"Apartamento en venta en buenavista, barranquilla","Apartamento enBarranquilla, Atlantico",,Llamar,,,,,,,,,,,,,,"Apartamento nuevo para estrenar, Riverside Rio Alto cerca al centro comercial Buenavista, vive en uno de los conjuntos mas modernos y completos de la ciudad, Lobby tipo Hotel de lujo. Este espectacular apartamento de 93 mtr2, se encuentra en piso 12, LADO Sombra y na hermosa vista panoramica exterior al rio y mar. Cuenta con 3 habitaciones (Ppal con baño y Walking closet, 2 baños mas y sala comedor, balcon amplio con BBQ, cocina tipo americano, zona labores y  parqueadero.",[],11.0214278,-74.8211969,2026-08-02
"Apartamento en Venta en Nuevo horizonte, Barranquilla",https://www.fincaraiz.com.co/apartamento-en-venta-en-nuevo-horizonte-barranquilla/193586363,193586363,https://cdn4.fincaraiz.com.co/repo/img/th.outside384x275.69cd00f0bc76a_infocdn__ij1soitxznk2yjbea6cw99igq5qlyt1uacala8lxjpg.jpg,[],$ 430.000.000,3 Habs. 2 Baños 103 m²,"Apartamento en venta en nuevo horizonte, barranquilla","Apartamento enBarranquilla, Atlantico",,Llamar,,,,,,,,,,,,,,"Descubra este excepcional apartamento, estratégicamente ubicado en acera con sombra, garantizando una óptima luz y ventilación natural en cada rincón. Su excelente distribución se complementa con una amplia sala comedor que se abre a un balcón, ofreciendo una vista espectacular hacia el río. Cocina cerrada.Las habitaciones, son todas de muy buen tamaño. La principal, cuenta con un baño privado, mientras que las otras dos comparten un baño completo. Un estudio independiente ofrece la versatilidad de un espacio para TV o una oficina en casa, adaptándose a sus necesidades. Además, dispone de habitación de servicio.El edificio no solo destaca por su ubicación inmejorable en una zona residencial con acceso a todo el comercio circundante, sino también por sus amenidades. Disfrute de una planta de suplencia parcial,  salón social, un teatrino para sus proyecciones privadas y un jacuzzi para relajarse después de un largo día. Este apartamento representa una oportunidad única para vivir con estilo y confort. Llámame para verlo",[],10.9976332,-74.8208387,2026-08-02
"Apartamento en Venta en Riomar, Barranquilla",https://www.fincaraiz.com.co/apartamento-en-venta-en-riomar-barranquilla/193944459,193944459,https://cdn4.fincaraiz.com.co/repo/img/th.outside384x275.6a4be7b31d2bf_infocdn__gr15711720260702083424jpeg.jpeg,[],$ 310.000.000,3 Habs. 2 Baños 64 m²,"Apartamento en venta en riomar, barranquilla","Apartamento enBarranquilla, Atlantico",,Llamar,,,,,,,,,,,,,,"Descubra este encantador apartamento en venta, ubicado en el prestigioso barrio Miramar de Barranquilla. Situado en un quinto piso con acceso directo por ascensor, este hogar ofrece una distribución inteligente y espacios luminosos. Disfrute de una amplia sala comedor que se extiende hacia un balcón con vistas exteriores, ideal para relajarse o entretener. La moderna cocina integral y una práctica zona de lavandería complementan el área social.El apartamento cuenta con dos cómodas alcobas auxiliares, cada una equipada con su propio clóset, y un baño auxiliar completo. La alcoba principal es un verdadero santuario, con un espacioso clóset y un baño privado. Además, incluye un garaje propio cubierto para su conveniencia.El conjunto residencial eleva su calidad de vida con una impresionante variedad de amenidades: una refrescante piscina, parques infantiles para los más pequeños, una zona de BBQ para reuniones al aire libre, un gimnasio completamente equipado y un elegante salón social. Este apartamento no solo es un hogar, sino un estilo de vida.",[],11.0080989,-74.8371578,2026-08-02
"Apartamento en Venta en La concepcion, Barranquilla",https://www.fincaraiz.com.co/apartamento-en-venta-en-la-concepcion-barranquilla/193690791,193690791,https://cdn4.fincaraiz.com.co/repo/img/th.outside384x275.6a10ba768f468_infocdn__gr1066391920260310113836jpeg.jpeg,[],$ 280.000.000,3 Habs. 3 Baños 82 m²,"Apartamento en venta en la concepcion, barranquilla","Apartamento enBarranquilla, Atlantico",,Llamar,,,,,,,,,,,,,,"? Este Hermoso y Cómodo Apartamento en VENTA.  !! Será tu Nuevo Hogar !!! Oportunidad !!?82 m²??  3 Habitaciones (principal con baño).? baño auxiliar?️  Cocina Integral? Zona de Labores?️ cuarto y ?baño de servicio.? Garaje Privado.? Salón Social.✨ Amplio, fresco, iluminado y con remodelaciones en closets y puertas? Ubicación estratégica, cerca de: Centros Comerciales, Via 40,  Supermercados, Iglesias vías principales. A 7 minutos del C.C Buenavista? 4 Piso. SIN Ascensor?Estrato 4?Adm: $240.000✅ Listo para habitar✅ Libre para traspaso? $280.000.000 negociables",[],11.0066739,-74.7979562,2026-08-02
"Apartamento en Venta en Ciudadela veinte de julio, Barranquilla",https://www.fincaraiz.com.co/apartamento-en-venta-en-ciudadela-veinte-de-julio-barranquilla/193578760,193578760,https://cdn4.fincaraiz.com.co/repo/img/th.outside384x275.69e8595c71500_infocdn__public.jpeg,[],$ 140.000.000,3 Habs. 1 Baño 63 m²,"Apartamento en venta en ciudadela veinte de julio, barranquilla","Apartamento enBarranquilla, Atlantico",,Llamar,,,,,,,,,,,,,,"Se vende apartamento en el conjunto residencial Metrocentro, ubicado en un entorno tranquilo con excelente conexión vial cerca al estadio Metropolitano, la Avenida Murillo y la Circunvalar, facilitando el acceso a toda la ciudad.  C-62773",[],11.003548,-74.812988,2026-08-02
"Apartamento en Venta en Altos de riomar, Barranquilla",https://www.fincaraiz.com.co/apartamento-en-venta-en-altos-de-riomar-barranquilla/193922310,193922310,https://cdn4.fincaraiz.com.co/repo/img/th.outside384x275.6a3ed3475dff7_infocdn__32259-1-1782499121jpg.jpg,[],$ 1.211.000.000,3 Habs. 3 Baños 173 m²,"Apartamento en venta en altos de riomar, barranquilla","Apartamento enBarranquilla, Atlantico",,Llamar,,,,,,,,,,,,,,"Descubre este elegante apartamento de 3 habitaciones, 3 baños, cuarto de servicio y un baño social, con una vista exterior que te cautivará. Su cocina integral, estudio y área de labores te brindarán comodidad y funcionalidad. Disfruta de su amplia sala-comedor y balcón para momentos de relax. Además, cuenta con sauna, zona de BBQ, 2 piscinas, teatrino, jacuzzi, zona infantil, gimnasio y planta eléctrica. Ubicado en una zona residencial sobre vía principal, cerca de supermercados, colegios y parques. Con 2 ascensores y cómodas vías de acceso, este lugar es ideal para quienes valoran la calidad de vida y la conveniencia. ¡Bienvenido a tu nuevo hogar!",[],11.017740318094,-74.826755036985,2026-08-02
"Apartamento en Venta en Ciudad Mallorquin, Barranquilla",https://www.fincaraiz.com.co/apartamento-en-venta-en-ciudad-mallorquin-barranquilla/193046329,193046329,https://cdn4.fincaraiz.com.co/repo/img/th.outside384x275.690394036223b_infocdn__inxof8mao4ojpw687d1wjxbtfswmupo0wk8eshjpjpg.jpg,[],$ 273.000.000,2 Habs. 2 Baños 58 m²,"Apartamento en venta en ciudad mallorquin, barranquilla","Apartamento enBarranquilla, Atlantico",,Llamar,,,,,,,,,,,,,,"APARTAMENTO PARA ESTRENAR EN VENTA - CIUDAD MALLORQUINDescubra la vida de lujo en este espectacular apartamento a estrenar, ubicado en el exclusivo conjunto Aquanova de Ciudad Mallorquín.Este moderno hogar ofrece dos amplias alcobas y dos baños completos, complementados por un versátil estudio perfecto para teletrabajo o como espacio adicional, esta ubicando en el piso 11, el edificio cuenta con ascensor y es estrato 3 de Puerto ColombiaDisfrute de la comodidad de una zona de labores independiente y acceda a un sinfín de amenidades premium: un elegante salón social, refrescante piscina, gimnasio, un sofisticado lobby, canchas deportivas, una zona BBQ ideal para reuniones y un salón de niños para el entretenimiento de los más pequeños.Además, cuenta con parqueadero.Una oportunidad única para vivir el estilo de vida que siempre ha soñado",[],11.021255,-74.8441357,2026-08-02
"Casa en Venta en Villa Campestre, Barranquilla",https://www.fincaraiz.com.co/casa-en-venta-en-villa-campestre-barranquilla/193699937,193699937,https://cdn4.fincaraiz.com.co/repo/img/th.outside384x275.69f5fc5b22028_infocdn__tovqigosqw5xtjhsvqj2yoetkkuq2zmougedxgoqjpg.jpg,[],$ 1.100.000.000,5 Habs. 6 Baños 360.82 m²,"Casa en venta en villa campestre, barranquilla","Casa enBarranquilla, Atlantico",,Llamar,,,,,,,,,,,,,,"Imponente casa en venta de tres niveles en el exclusivo sector de Villa Campestre. Excelente ubicación en una zona de alta valorización y tranquilidad, cerca de los mejores colegios, universidades y centros comerciales del norte de Barranquilla. La propiedad destaca por su amplitud inigualable de 360.82 m², diseñada para garantizar confort y privacidad. En el primer nivel, ofrece sala y comedor independientes, estar de televisión y una cocina cerrada integral equipada; este espacio se conecta con una espectacular terraza social techada contigua a la piscina del conjunto, ideal para el entretenimiento familiar. El segundo nivel dispone de cuatro alcobas; la principal es muy amplia, con baño interno y walk-in closet; la segunda alcoba tiene baño privado; la tercera y cuarta alcoba comparten baño. Tiene un hall de alcobas. El tercer nivel sorprende con una alcoba tipo suite de lujo, que incluye sala independiente, vestier, baño privado y dos balcones para disfrutar la vista. Cuenta además con baño social, zona de labores y cuarto de servicio con baño. La propiedad se entrega con tres parqueaderos. El conjunto residencial ofrece vigilancia 24/7 y acceso controlado, brindando un entorno seguro y exclusivo tipo club privado.",[],11.0236747,-74.8609472,2026-08-02
"Apartamento en Venta en Villa santos, Barranquilla",https://www.fincaraiz.com.co/apartamento-en-venta-en-villa-santos-barranquilla/193607418,193607418,https://cdn4.fincaraiz.com.co/repo/img/th.outside384x275.69d6d454affc4_infocdn__zeeliinzutfp7u9lircqxmee6zmfyxypqayuyooqjpg.jpg,[],$ 750.000.000,2 Habs. 3 Baños 118 m²,"Apartamento en venta en villa santos, barranquilla","Apartamento enBarranquilla, Atlantico",,Llamar,,,,,,,,,,,,,,"Descubra la exclusividad y el confort en Villa Santos, con este impresionante apartamento dúplex en venta en el prestigioso Edificio Biobanus de Barranquilla. Con un precio de venta de $750.000.000 y una administración de $990.000, esta propiedad de 118m² y estrato 5 ofrece un estilo de vida sofisticado.El apartamento cuenta con dos amplias alcobas, destacando la habitación principal con un elegante vestier y baño privado. Adicionalmente, dispone de dos baños familiares completos y un baño social, garantizando comodidad para residentes e invitados. La sala y el comedor se integran armoniosamente, complementados por una moderna cocina integral completamente equipada. La zona de labores es práctica y funcional, mientras que la terraza, que funciona como un patio interno, amplía visualmente la sala, creando un espacio luminoso y versátil. Incluye dos parqueaderos para su conveniencia.El Edificio Biobanus, una exclusiva torre de apartamentos, redefine el concepto de amenidades. Sus residentes disfrutan de servicios de lavandería, salones de coworking ideales para profesionales, una sala de cine privado para entretenimiento exclusivo y un elegante salón social. En el último piso, la experiencia se eleva con una espectacular piscina estilo infinito, sauna y un gimnasio de última generación, ofreciendo vistas inigualables y un ambiente de bienestar total.",[],11.0099424,-74.8365952,2026-08-02
"Casa en Venta en Villa del este, Barranquilla",https://www.fincaraiz.com.co/casa-en-venta-en-villa-del-este-barranquilla/193481642,193481642,https://cdn4.fincaraiz.com.co/repo/img/th.outside384x275.69af35d2b9459_infocdn__hhck1a8el1opbv3lifoquwacgwng5n6ltualpazbjpg.jpg,[],$ 1.300.000.000,4 Habs. 5 Baños 340 m²,"Casa en venta en villa del este, barranquilla","Casa enBarranquilla, Atlantico",,Llamar,,,,,,,,,,,,,,"Casa independiente enrejada, con la opción de arrendarse o venderse, ideal para construir edificio en zona residencial, cuenta con sala, comedor, cocina independiente, comedor auxiliar, 4 habitaciones, cuarto y baño de servicio, estudio, cada habitación con baño, baño social, patio amplio, garaje con capacidad para dos carros techados y uno en la terraza, cajas de aire, bbq.",[],11.0132686,-74.8115983,2026-08-02
"Apartamento en Venta en Los andes, Barranquilla",https://www.fincaraiz.com.co/apartamento-en-venta-en-los-andes-barranquilla/192934667,192934667,https://cdn4.fincaraiz.com.co/repo/img/th.outside384x275.68dcba69c4db2_infocdn__8epaxk679cuhv3fmfnhqatlyt96yqlvlmurodhgfjpg.jpg,[],$ 179.900.000,3 Habs. 1 Baño 95 m²,"Apartamento en venta en los andes, barranquilla","Apartamento enBarranquilla, Atlantico",,Llamar,,,,,,,,,,,,,,"EN VENTA APARTAMENTO CON BUENOS ACABADOS Y EN EXCELENTE UBICACION EN EL BARRIO LOS ANDES. CUENTA CON 95M2. PISO 1SECTOR RESIDENCIAL Y MUY TRANQUILO PARA VIVIRSALA COMEDOR AMPLIACOCINA INTEGRAL3 HABITACIONES CON CLOSET1 BAÑOS COMPLETOPATIO CON AREA DE LABORESAREA TOTAL 90M2. LA ZONA ES ESTRATO 4. EL APTO ES ESTRATO 3CON EXCELENTE UBICACION ESTRATEGICA, A DOS CUADRA DEL PARQUE LOS ANDES, CERCA DE SUPERMERCADOS, COLEGIOS, RUTAS DE TRANSPORTE Y CENTROS COMERCIAL",[],10.9712751,-74.802458,2026-08-02
Apartamento en venta en Barranquilla,https://www.fincaraiz.com.co/apartamento-en-venta-en-barranquilla/11108805,11108805,https://cdn4.fincaraiz.com.co/repo/img/th.outside384x275.696a61f1d4a21_infocdn__gr1066391220240813101029jpeg.jpeg,[],$ 225.000.000,2 Habs. 1 Baño 95 m²,Apartamento en venta en barranquilla,"Apartamento enBarranquilla, Atlantico",,Llamar,,,,,,,,,,,,,,"Fresco y Amplio apartamento en VENTA ubicado en La UNION?mide 95 mts2Piso  2Estrato  3Lado SombraBuena Vista? 2 Habitaciones,??  1 baño? Sala? Comedor? Cocina Semi Integral?Zona de labores? Patio Pequeño? $ ***Zona ResidencialCerca de : Calle 30 y de la Carrera 14Supermercados, vías principales, tiendas ARA , D1, Parques, Colegios , Iglesias, Restaurantes ...etc",[],10.9535748,-74.7897513,2026-08-02
"Casa en Venta en Urbanizacion los corales, Barranquilla",https://www.fincaraiz.com.co/casa-en-venta-en-urbanizacion-los-corales-barranquilla/193562707,193562707,https://cdn4.fincaraiz.com.co/repo/img/th.outside384x275.69f9fa5b6d322_infocdn__public.jpeg,[],$ 580.000.000,4 Habs. 2 Baños 236 m²,"Casa en venta en urbanizacion los corales, barranquilla","Casa enBarranquilla, Atlantico",,Llamar,,,,,,,,,,,,,,"Casa de tres niveles ubicada en puerto Colombia, en un sector residencial con alta valorización ya que se encuentra cerca a la carrera 51b, la cual conecta directamente con la circunvalar de la prosperidad, cerca a centros comerciales, droguerías, tiendas, universidades. C-62760",[],11.021709686917,-74.871518220752,2026-08-02
"Apartamento en Venta en Altos del prado, Barranquilla",https://www.fincaraiz.com.co/apartamento-en-venta-en-altos-del-prado-barranquilla/193609700,193609700,https://cdn4.fincaraiz.com.co/repo/img/th.outside384x275.69d7c2c866cde_infocdn__2635-1-1775745957-1jpg.jpg,[],$ 500.000.000,3 Habs. 3 Baños 201 m²,"Apartamento en venta en altos del prado, barranquilla","Apartamento enBarranquilla, Atlantico",,Llamar,,,,,,,,,,,,,,"En una tranquila zona residencial, se encuentra este amplio apartamento de 201 metros cuadrados con una distribución perfecta. Al entrar, te recibirá un elegante piso en baldosa que conecta con la luminosa sala-comedor. La cocina integral es ideal para preparar deliciosas comidas. Cuenta con 3 habitaciones, 3 baños y cuarto de servicio con baño propio. La vigilancia 7x12 brinda tranquilidad y las zonas verdes son perfectas para relajarse. Con 2 parqueaderos, transporte público cercano y colegios, universidades, parques, supermercados y bombas de gasolina a pocos minutos, este lugar es ideal para disfrutar en familia. ¡Ven a conocer tu nuevo hogar!",[],11.006455007478,-74.810655915556,2026-08-02
Apartamento en Venta en Barranquilla,https://www.fincaraiz.com.co/apartamento-en-venta-en-barranquilla/193962674,193962674,https://cdn4.fincaraiz.com.co/repo/img/th.outside384x275.6a4d0b75ab8d4_infocdn__rdj7h8yml8on5os9bukzfdt8dvg5jfflfwgfzs3zjpg.jpg,[],$ 242.000.000,3 Habs. 1 Baño 91 m²,Apartamento en venta en barranquilla,"Apartamento enBarranquilla, Atlantico",,Llamar,,,,,,,,,,,,,,"Apartamento en Venta en Paraiso en BarranquillUbicado en una zona estratégica de la ciudad en el Barrio Paraiso, cerca de todo lo que necesitas, este apartamento ofrece comodidad y practicidad en un entorno tranquilo.Cuenta con 3 amplias habitaciones, dos baños y habitación con baño de servicio. La cocina es integral y está acompañada de una amplia zona de labores contigua.Disfruta de su excelente iluminación natural y frescura, además de la seguridad de vigilancia 24 horas y parqueadero privado en sótano.",[],11.0148775,-74.8091779,2026-08-02
"Apartamento en Venta en Betania, Barranquilla",https://www.fincaraiz.com.co/apartamento-en-venta-en-betania-barranquilla/193037194,193037194,https://cdn4.fincaraiz.com.co/repo/img/th.outside384x275.69012588145f1_infocdn__31757-1-1761682230jpg.jpg,[],$ 220.000.000,2 Habs. 1 Baño 75 m²,"Apartamento en venta en betania, barranquilla","Apartamento enBarranquilla, Atlantico",,Llamar,,,,,,,,,,,,,,"Descubre este apartamento de 75.20 metros cuadrados distribuidos en sala-comedor, cocina tradicional, 2 habitaciones, 1 baño, area de labores, terraza y 1 parqueadero , este inmueble ofrece comodidad. No pierdas la oportunidad de vivir en este espacio. ¡Contáctanos ahora para más información!",[],10.986520997708,-74.813782868354,2026-08-02
"Apartamento en  Venta en Portal de Genovés, Barranquilla",https://www.fincaraiz.com.co/apartamento-en-venta-en-portal-de-genoves-barranquilla/191643385,191643385,https://cdn4.fincaraiz.com.co/repo/img/th.outside384x275.6726ff2507218_infocdn__6mwxmsywsw8ucpu7w3pzrupveaeqzk64yyl4gr8ljpg.jpg,[],$ 800.000.000,3 Habs. 3 Baños 150 m²,"Apartamento en  venta en portal de genovés, barranquilla","Apartamento enBarranquilla, Atlantico",,Llamar,,,,,,,,,,,,,,"Hermoso apartamento con una ubicación privilegiada en un piso intermedio, este apartamento de 150 mts2 ofrece una vista impresionante a la ciudad y una posición que garantiza sombra durante el día.Disfruta de la comodidad y el lujo en cada rincón de este hogar: 3 habitaciones, la principal con Vestier y baño privado, baño compartido para las habitaciones auxiliares, estudio, balcón en sala y habitaciones, amplia sala-comedor, cocina abierta, zona de labores, cuarto y baño de servicio, 2 parqueaderos lineales y depósito.No pierdas la oportunidad de vivir en un edificio con todas las comodidades que puedas imaginar: vigilancia 24h, planta eléctrica total, piscina, sauna, turco, jacuzzi, gimnasio, pista de bolos, salón social, centro de negocios y mucho más.",[],11.0201591,-74.8407525,2026-08-02
"Apartamento en Venta en Villa carolina, Barranquilla",https://www.fincaraiz.com.co/apartamento-en-venta-en-villa-carolina-barranquilla/193981094,193981094,https://cdn4.fincaraiz.com.co/repo/img/th.outside384x275.6a527b4582e02_infocdn__50232939-0152-4526-a351-d83751ae38f9.jpeg,[],$ 490.000.000,3 Habs. 4 Baños 112 m²,"Apartamento en venta en villa carolina, barranquilla","Apartamento enBarranquilla, Atlantico",,Llamar,,,,,,,,,,,,,,"APARTAMENTO DÚPLEX, UN OASIS URBANO DISEÑADO PARA EL CONFORT Y EL ESTILO DE VIDA MODERNO. Con tres amplias habitaciones. La habitación principal y una habitación auxiliar cuentan con closet y baño privado, mientras que la tercera habitación, también con closet, es ideal para huéspedes o como oficina. Disfrute de un espacioso ambiente de televisión, una elegante sala y un comedor perfecto para el entretenimiento. La cocina cerrada, funcional y bien equipada, complementa el diseño interior. Uno de los mayores atractivos de esta propiedad es su impresionante terraza, que ofrece una excelente vista panorámica de la ciudad, ideal para relajarse o celebrar reuniones. Además, cuenta con un baño social y un área de labores totalmente cerrada, añadiendo practicidad a este exclusivo apartamento.  ***",[],11.022107,-74.8163639,2026-08-02
"Apartamento en Venta en Riomar, Barranquilla",https://www.fincaraiz.com.co/apartamento-en-venta-en-riomar-barranquilla/193777673,193777673,https://cdn4.fincaraiz.com.co/gen-ai/th.outside384x275.enhanced_image_20260521162305.png,[],$ 490.000.000,3 Habs. 2 Baños 135 m²,"Apartamento en venta en riomar, barranquilla","Apartamento enBarranquilla, Atlantico",,Llamar,,,,,,,,,,,,,,"Este encantador apartamento, ubicado en el prestigioso barrio Rio Mar, ofrece una oportunidad excepcional para quienes buscan comodidad y estilo en una de las zonas más valoradas de la ciudad. Su estratégica cercanía al reconocido Centro Comercial Buenavista garantiza acceso inmediato a una amplia gama de servicios, tiendas de lujo, restaurantes gourmet y opciones de entretenimiento, facilitando un estilo de vida dinámico y conveniente.El apartamento ha sido completamente modernizado, presentando acabados de alta calidad y un diseño interior contemporáneo que maximiza el espacio y la luminosidad. Cuenta con tres amplias alcobas, ideales para el descanso y la privacidad de todos los miembros de la familia, y dos baños completos elegantemente renovados. Uno de los mayores atractivos es su balcón privado, un espacio perfecto para disfrutar de las vistas urbanas, relajarse al aire libre o compartir momentos agradables.Además, la propiedad incluye un cuarto de servicio con su propio baño, un valor añadido que ofrece flexibilidad y comodidad, ya sea para personal de apoyo o como espacio adicional de almacenamiento. Ubicado en un cuarto piso, este apartamento en estrato 6 ofrece la tranquilidad y exclusividad que usted merece en una de las zonas más cotizadas de la ciudad. CUARTO PISO SIN ASCENSOR",[],11.0178586,-74.8186539,2026-08-02
"Apartamento en Venta en El golf, Barranquilla",https://www.fincaraiz.com.co/apartamento-en-venta-en-el-golf-barranquilla/192855536,192855536,https://cdn4.fincaraiz.com.co/repo/img/th.outside384x275.6a17286f5da40_infocdn__3e3zbdcgq8vktqre4wuqygpobhvtiww59z3spv4zjpg.jpg,[],$ 2.150.000.000,3 Habs. 4 Baños 200 m²,"Apartamento en venta en el golf, barranquilla","Apartamento enBarranquilla, Atlantico",,Llamar,,,,,,,,,,,,,,"Código 224 Vive el Estilo Riomar  Lujo. Confort y Comodidad.                                                                          Imagina despertar en un apartamento de 200 m² con pisos de mármol, ubicado en el prestigioso sector de Riomar. Este apartamento en venta ofrece 3 habitaciones con baño privado. para la máxima privacidad. Un estudio para tus proyectos o trabajo. Amplios espacios sociales para compartir con tus seres queridos. Una cocina semi abierta y funcional. Cuarto y baño de servicio.                                                                                                                                    Disfruta de un estilo de vida completo con las mejores amenidades: piscinas, gimnasio, turco, sauna, salón social, terraza BBQ, juegos para niños y zonas verdes. Incluye 2 parqueaderos y depósito.                 ¡Contáctanos para más información y agendar una visita!",[],11.011894,-74.812119,2026-08-02
"Apartamento en Venta en Villa santos, Barranquilla",https://www.fincaraiz.com.co/apartamento-en-venta-en-villa-santos-barranquilla/193961116,193961116,https://cdn4.fincaraiz.com.co/repo/img/th.outside384x275.6a4c6bd697d39_infocdn__gr-apartamento-en-arriendo-villa-1627953507-9827-4455jpg.jpg,[],$ 330.000.000,2 Habs. 2 Baños 66 m²,"Apartamento en venta en villa santos, barranquilla","Apartamento enBarranquilla, Atlantico",,Llamar,,,,,,,,,,,,,,"Este moderno apartamento está ubicado en una de las ciudades más vibrantes y enérgicas de Colombia, Barranquilla, en el departamento de Atlántico, este inmueble es una excelente opción para aquellos que buscan un lugar céntrico y bien conectado.El apartamento cuenta con una  área privada de 66 M2, distribuida en 2 acogedoras alcobas y 2 baños completos. Una de las características más llamativas de este apartamento es su amplio y luminoso balcón, perfecto para relajarse al aire libre y disfrutar de la vista de los alrededores.En cuanto a sus características internas,  la cocina está equipada con una moderna barra estilo americano, perfecta para disfrutar de tus comidas en un ambiente más informal. También incluye clósets en todas las alcobas, ofreciendo un amplio espacio de almacenamiento.Entre sus características externas, el apartamento ofrece un ascensor para mayor comodidad, un garaje privado y parqueadero para visitante externa.  Además, se encuentra rodeado de hermosos parques y áreas verdes, perfectos para dar un paseo o hacer ejercicio al aire libre.La seguridad también es una prioridad en este apartamento, ya que cuenta con una portería y recepción las 24 horas, vigilancia y transporte público cercano. Todo esto, en el marco de una tranquila y apacible zona residencial, ideal para aquellos que buscan un hogar alejado del bullicio de la ciudad.No pierdas la oportunidad de convertir este apartamento en tu nuevo hogar en Barranquilla. Con",[],11.011012878734,-74.834673064988,2026-08-02
"Casa en Venta en Villa santos, Barranquilla",https://www.fincaraiz.com.co/casa-en-venta-en-villa-santos-barranquilla/193464334,193464334,https://cdn4.fincaraiz.com.co/repo/img/th.outside384x275.69a8a6da1ad25_infocdn__31989-1-1772658458jpg.jpg,[],$ 630.000.000,4 Habs. 2 Baños 145 m²,"Casa en venta en villa santos, barranquilla","Casa enBarranquilla, Atlantico",,Llamar,,,,,,,,,,,,,,"Descubre esta casa en una zona residencial tranquila. Con 4 habitaciones, 2 baños y 145 metros cuadrados, ofrece un estudio, área de labores, sala, comedor y balcón con iluminación natural. Además, cuenta con baño social, portería/vigilancia, patio y salón social. Disfruta de la piscina, zona infantil y jardín. Con supermercados, centros comerciales y parques cercanos, y cómodas vías de acceso. Vive la experiencia de confort y comodidad en este hogar excepcional.",[],11.011749813804,-74.837444478105,2026-08-02
"Apartamento en Venta en Las delicias, Barranquilla",https://www.fincaraiz.com.co/apartamento-en-venta-en-las-delicias-barranquilla/192440370,192440370,https://cdn4.fincaraiz.com.co/repo/img/th.outside384x275.689217d5a73a1_infocdn__-venta-de-apartamento-las-delic-1748142478-203-154jpeg.jpeg,[],$ 465.000.000,3 Habs. 2 Baños 116 m²,"Apartamento en venta en las delicias, barranquilla","Apartamento enBarranquilla, Atlantico",,Llamar,,,,,,,,,,,,,,"?✨ ¡Descubre tu nuevo hogar en el corazón del tradicional Barrio Las Delicias! Presentamos un espectacular apartamento en el emblemático Edificio Boracay, donde la historia de la icónica discoteca Saraos se encuentra con la modernidad. ?? Características que te encantarán:- 3 amplias habitaciones: La principal con baño privado, vestier y un encantador balcón para disfrutar de las vistas. ?️- 2 balcones ideales para tus momentos de relajación. ?- **Cocina integral tipo americano** que hará de tus comidas una experiencia única. ?️- Sala-comedor amplia perfecta para compartir con familia y amigos. ?- Cuarto de servicio con baño, baño social y baño auxiliar para mayor comodidad. ??‍♂️ ¡Y eso no es todo! El edificio cuenta con:- 3 ascensores para tu comodidad. ?- Parqueadero de visitantes. ?- Piscina en la azotea con una vista imponente a la ciudad. ??️- Zona BBQ para esos deliciosos asados. ??- Vigilancia privada 24 horas para tu tranquilidad. ??¡No te pierdas esta oportunidad única de vivir en uno de los barrios más vibrantes de la ciudad! ? Contáctanos hoy mismo a AS Gestiones Inmobiliarias SAS al celular ? ***y ¡haz de este apartamento tu nuevo hogar! ?❤️ #TuHogarTeEspera #BarrioLasDelicias #Barranquilla",[],10.989052419137,-74.809037157196,2026-08-02
"Apartamento en  Venta en Altos de riomar, Barranquilla",https://www.fincaraiz.com.co/apartamento-en-venta-en-altos-de-riomar-barranquilla/191864379,191864379,https://cdn4.fincaraiz.com.co/repo/img/th.outside384x275.695fbcb3930b1_infocdn__gr-venta-de-apartamento-alto-prad-1736561096-8235-2257jpeg.jpeg,[],$ 599.990.000,3 Habs. 2 Baños 212 m²,"Apartamento en  venta en altos de riomar, barranquilla","Apartamento enBarranquilla, Atlantico",,Llamar,,,,,,,,,,,,,,"✨ Vive en Alto Prado: amplitud, privacidad y estilo en un solo lugarEste apartamento es de esos que impresionan desde la entrada. Ubicado en uno de los sectores más exclusivos de Barranquilla, combina espacios generosos, acabados de calidad y una distribución pensada para la vida moderna.? Detalles que marcan la diferenciaHall de alcobas con puerta, ideal para mayor privacidad y confort.3 habitaciones amplias, la principal con baño.Cuarto de servicio con baño, perfecto para apoyo doméstico o almacenamiento.Cocina cerrada + área de labores + entrada del servicio independiente.Baño social, sala, comedor y área de estudio integrada a la zona social.Puertas en madera de roble, elegantes y duraderas.Pisos en porcelanato, modernos y fáciles de mantener.Edificio con portería 24 horas, a pasos del Centro Comercial Villa Country.Un hogar amplio, seguro y con una ubicación privilegiada, ideal para quienes buscan comodidad sin renunciar al estilo.? Un espacio para vivir bien, recibir con orgullo y disfrutar cada día.? Agenda tu visita y enamórate de Alto Prado.#AltoPrado #ApartamentoEnVenta #BarranquillaExclusiva #VivirEnAltoPrado #InmueblesDeLujo #HogarSoñado #VentaDeApartamentos #InversiónSegura #ASGestionesInmobiliarias #BarranquillaRealEstate #EspaciosAmplios #Portería24Horas #CercaAVillaCountry #TuNuevoHogar",[],11.003340622013,-74.80920928108,2026-08-02
"Casa en  Venta en El tabor, Barranquilla",https://www.fincaraiz.com.co/casa-en-venta-en-el-tabor-barranquilla/191057074,191057074,https://cdn4.fincaraiz.com.co/gen-ai/th.outside384x275.enhanced_image_20250826233202.png,[],$ 570.000.000,4 Habs. 3 Baños 150 m²,"Casa en  venta en el tabor, barranquilla","Casa enBarranquilla, Atlantico",,Llamar,,,,,,,,,,,,,,"Descubra el hogar de sus sueños en este encantador conjunto residencial de dos plantas, estratégicamente ubicado en el prestigioso barrio El Poblado, en el vibrante norte de la ciudad. Esta propiedad ha sido diseñada pensando en su confort y estilo de vida, ofreciendo espacios amplios y luminosos. Disfrute de una generosa sala de estar, un comedor independiente ideal para reuniones familiares y un estudio versátil perfecto para trabajar desde casa o como rincón de lectura. La casa cuenta con tres baños completos, cada uno con ducha, una moderna cocina integral que invita a la creatividad culinaria, y un área de labores funcional. Relájese y disfrute del aire libre en su terraza privada. Con tres acogedoras habitaciones, todas equipadas con clósets empotrados, el espacio y la organización están garantizados. Además, incluye un práctico parqueadero. Su ubicación privilegiada le sitúa a pocos pasos de diversas zonas comerciales y cuenta con múltiples rutas de acceso, facilitando su movilidad y conectividad. ¡Esta es la oportunidad perfecta para conformar el hogar que siempre ha deseado!",[],11.0037725,-74.8302487,2026-08-02
"Apartamento en  Venta en Buenavista, Barranquilla",https://www.fincaraiz.com.co/apartamento-en-venta-en-buenavista-barranquilla/191293348,191293348,https://cdn4.fincaraiz.com.co/repo/img/th.outside384x275.66d3eb1fe382e_infocdn__p3xowlvlxxag3no3k4rfcuvrtqpgsskekfmsvfdvjpg.jpg,[],$ 1.250.000.000,3 Habs. 4 Baños 147.27 m²,"Apartamento en  venta en buenavista, barranquilla","Apartamento enBarranquilla, Atlantico",,Llamar,,,,,,,,,,,,,,"Apartamento de lujo cuenta con 3 habitaciones (cada habitación con su baño) y la principal con walking closet, Baño social, Sala comedor, Cocina integral abierta, Cuarto y baño de servicio, Balcón con zona bbq, Area de labores, Aire central para la zona social, 2 parqueaderos lineales, 1 Deposito, Amenidades del Edificio, Parque infantil al aire libre, Zona de juegos infantiles, Zona, de juegos para adultos, Cancha de futbol, Piscina (para niños y para adultos) 3 jacuzzi, 2 salas de coworking, Gym, Sala de cine, 2 salones sociales, Sauna - Turco, Planta de suplencia total.",[],11.0211945,-74.8255084,2026-08-02
"Apartamento en venta en Riomar, Barranquilla",https://www.fincaraiz.com.co/apartamento-en-venta-en-riomar-barranquilla/10567665,10567665,https://cdn4.fincaraiz.com.co/repo/img/th.outside384x275.6a024a7f670c9_infocdn__gr117413020220510102547jpeg.jpeg,[],$ 270.000.000,3 Habs. 2 Baños 131 m²,"Apartamento en venta en riomar, barranquilla","Apartamento enBarranquilla, Atlantico",,Llamar,,,,,,,,,,,,,,"Se Vende  Apartamento De Oportunidad en ALTO PRADO, BarranquillaCaracterísticas del Apartamento:Área 131  MtsHabitaciones (3)Habitacion de servicio con bañoBaños (2)Zona de laboresPatioSala - comedorCocinaPiso 2ParqueaderoEstrato 5Cerca de  rutas de buses, tiendas de mercar, centros comerciales, universidades y clinicasVenta: $270.000.000 Negociables",[],11.00233425746,-74.809952974319,2026-08-02
"Casa en Venta en Villa Campestre, Barranquilla",https://www.fincaraiz.com.co/casa-en-venta-en-villa-campestre-barranquilla/192952681,192952681,https://cdn4.fincaraiz.com.co/repo/img/th.outside384x275.68e6ee22bd465_infocdn__gr460763320251006105651jpg.jpg,[],$ 1.200.000.000,3 Habs. 2 Baños 300 m²,"Casa en venta en villa campestre, barranquilla","Casa enBarranquilla, Atlantico",,Llamar,,,,,,,,,,,,,,"? ¡Casa en venta en La Herradura – Barranquilla!Vive en una de las zonas más exclusivas de la ciudad. Esta propiedad de 300 m² construidos combina elegancia, seguridad y potencial de valorización.✨ Pisos de mármol en zona social, puerta de seguridad, terraza con acceso directo a cocina, y acabados en PVC en el segundo piso.?️ 3 habitaciones (con posibilidad de ampliar a 4 desde el cuarto principal con doble vestier), baño social, y cuarto de servicio.? 1 garaje interno + 2 externos? Conjunto cerrado de solo 15 casas, estrato 6, administración de $1 MM, predial $9 MM.? Precio: $1.200 MM negociables? Leasing activo con Colpatria por $300 MM? Seguridad, espacio, ubicación y estilo… ¡todo en un solo lugar!? Escríbenos para agendar tu visita. ¡Hazla tuya antes que se venda!? #CasaEnVentaBarranquilla #LaHerraduraBarranquilla #InmobiliariaColombia #OportunidadInmobiliaria #CasaEstrato6 #ViviendaExclusiva #CompraYA #BarranquillaRealEstate #LeasingColpatria #InversiónSegura #TuNuevoHogar #HazlaTuya #VentaDeCasa #PropiedadDeLujo",[],11.024994756722,-74.858860834194,2026-08-02
"Apartamento en Venta en Buenavista, Barranquilla",https://www.fincaraiz.com.co/apartamento-en-venta-en-buenavista-barranquilla/193507614,193507614,https://cdn4.fincaraiz.com.co/repo/img/th.outside384x275.6a47be22029e4_infocdn__gr13200320260313111042jpeg.jpeg,[],$ 1.200.000.000,3 Habs. 3 Baños 159 m²,"Apartamento en venta en buenavista, barranquilla","Apartamento enBarranquilla, Atlantico",,Llamar,,,,,,,,,,,,,,"Apartamento en venta – 159 m²Amplio y moderno apartamento de 159 m², con excelente distribución y acabados de calidad. Cuenta con pisos en mármolEl inmueble dispone de , sala, comedor, cocina abierta, área de labores y habitación de servicio con baño, balcón amplio con asador, ideal para reuniones y disfrutar al aire libre.En la zona privada encontrarás hall de alcobas y clóset de lino, además de 3 habitaciones, cada una con excelente espacio: dos habitaciones auxiliares con baño privado y clósets,habitación principal con baño privado y walking closet,incluye dos parqueaderos linealesEl apartamento se entrega con 4 aires acondicionados minisplit y aire central en la sala, cortinas en sala y comedor, blackouts en las habitaciones, persiana en el estudio y abanicos marca Hunter en cada habitación.Una excelente opción para quienes buscan amplitud, confort y acabados de alta calidad.",[],11.0172755,-74.8264871,2026-08-02
"Bodega en Venta en Cordialidad, Barranquilla",https://www.fincaraiz.com.co/bodega-en-venta-en-cordialidad-barranquilla/192793792,192793792,https://cdn4.fincaraiz.com.co/repo/img/th.outside384x275.6a4fb1e212ac0_infocdn__2eb57f7d-7c4b-42fb-bb80-6d33aaff9a8b.jpeg,[],$ 3.628.800.000,4 Baños 1134 m²,"Bodega en venta en cordialidad, barranquilla","Bodega enBarranquilla, Atlantico",,Llamar,,,,,,,,,,,,,,"Bodega en parque Industrial área total 1.134 metros cuadrados, área libre a triple altura de bodega 1.054 metros cuadrados,  área de oficinas de 80 metros cuadrados, más área de maniobra de 324 metros de zonas de parqueo , Bodega en Triple Altura, con 1  muelles de cargue y descargue, 1 puertas a Nivel,  Capacidad de energía de 45 kwa.  se vende Rentando Excelente cliente ***",[],10.940437832587,-74.84548053291,2026-08-02
"Casa en Venta en Pumarejo, Barranquilla",https://www.fincaraiz.com.co/casa-en-venta-en-pumarejo-barranquilla/193515794,193515794,https://cdn4.fincaraiz.com.co/repo/img/th.outside384x275.6a05ef3eb91dc_infocdn__gr106639420260316104556jpeg.jpeg,[],$ 215.000.000,3 Habs. 2 Baños 122 m²,"Casa en venta en pumarejo, barranquilla","Casa enBarranquilla, Atlantico",,Llamar,,,,,,,,,,,,,,"EXCELENTE INVERSIÓN. Amplia  Casa en VENTA.*RemodeladaBarrio Pumarejo.Espacio Aereo LibreEn Via PeatonalDistribución:? Terraza? 3 Habitaciones,?? 2 baños? Sala Amplia?   Comedor? Cocina Semi Integral Grande?Zona de labores? Patio GrandeÁrea 122 Mts2? $2150.000.000Estrato 2. Servicios EconómicosEn Zona ResidencialCerca de :Via Principal la Carrera 21 Supermercados, Tiendas ARA, D1, ISIMO,  Restaurantes Farmacias, Parques, Colegios, Miscelaneas, Iglesias y otros",[],10.9654188,-74.8025636,2026-08-02
"Apartamento en venta en Altos de riomar, Barranquilla",https://www.fincaraiz.com.co/apartamento-en-venta-en-altos-de-riomar-barranquilla/10224543,10224543,https://d3s5pkt10pk3ga.cloudfront.net/resizedImages/384x275/site/fincaraiz_service/media/listing/28461329-6d4f-4780-9da0-66ffb6d7627f/photos/28461329-6d4f-4780-9da0-66ffb6d7627f_1_True_7b0d80ae-6db1-4bbd-abfa-ba22e7213c03.jpg,[],$ 600.000.000,3 Habs. 3 Baños 180 m²,"Apartamento en venta en altos de riomar, barranquilla","Apartamento enBarranquilla, Atlantico",,Llamar,,,,,,,,,,,,,,"Amplio, Luminoso, ventilado, el apartamento está completamente remodelado, ubicado en la acera de la sombra, cuenta con grandes espacios, estudio independiente con salida a balcón, baño social, closet para ropa blanca, depósito en el apartamento, amplia despensa,  y un garaje en el que caben 2 carros o bien una camioneta y un carro pequeño , piso de granito fundido, amplia zona de lavandería con sol, vigilancia 24 horas.Edificio ubicado estratégicamente entre el centro comercial Viva y Buenavista, a pocos pasos del parque bosques del norte,  colegios de calendario A y B, transporte público.Llámame para agendar una cita y que conozcas esta propiedad!",[],11.0146241511332,-74.8189540585937,2026-08-02
"Local en  Venta en El recreo, Barranquilla",https://www.fincaraiz.com.co/local-en-venta-en-el-recreo-barranquilla/192029869,192029869,https://cdn4.fincaraiz.com.co/repo/img/th.outside384x275.690dfdd759d9b_infocdn__gr-local-en-venta-en-olaya-barran-1739741582-4133-3460jpeg.jpeg,[],$ 120.000.000,24 m²,"Local en  venta en el recreo, barranquilla","Local Comercial enBarranquilla, Atlantico",,Llamar,,,,,,,,,,,,,,"Local esquinero en excelente estado y ubicación, sobre vias de movido trafico vehicular y peatonal. Ideal para negocio de peluquería, floristería, miscelanea, cafetería, etc.",[],10.980554793805,-74.809292529186,2026-08-02
Apartamento en Venta en Puerto colombia,https://www.fincaraiz.com.co/apartamento-en-venta-en-puerto-colombia/193157380,193157380,https://cdn4.fincaraiz.com.co/repo/img/th.outside384x275.6a4e741401ba5_infocdn__gr190592820251110110815jpeg.jpeg,[],$ 760.000.000,3 Habs. 3 Baños 120 m²,Apartamento en venta en puerto colombia,"Apartamento enBarranquilla, Atlantico",,Llamar,,,,,,,,,,,,,,"Este sofisticado apartamento de 120 m², situado en uno de los sectores más exclusivos y de alta valorización al norte de Barranquilla, ofrece una experiencia residencial del más alto nivel en el departamento del Atlántico. Su diseño arquitectónico de vanguardia destaca por una distribución impecable que prioriza la amplitud y el confort, albergando tres confortables alcobas y tres salas de baño de corte moderno, donde la suite principal se convierte en un oasis privado gracias a la incorporación de un exclusivo jacuzzi de diseño. El formato interior se complementa con un estudio o biblioteca independiente ideal para el trabajo residencial, baño auxiliar, una cocina de concepto abierto y dos plazas de garaje privadas. El complejo residencial eleva el estilo de vida con seguridad integral y amenidades premium tipo club que incluyen piscina, sauna, zonas deportivas, salón comunal para eventos y un área recreativa infantil segura. Su ubicación estratégica ofrece una conectividad privilegiada, situándose a solo minutos de los más prestigiosos centros comerciales y de la más selecta oferta de servicios de la región.VB Business | Inversiones Inteligentes | Bienes RaícesExcelencia en gestión inmobiliaria para asegurar resultados de alto impacto. Contáctenos para agendar su visita privada.Síguenos en Instagram: https://www.instagram.com/vbbusiness_bienesraices?igsh=YzQyZDdmY285NzFn",[],11.024071669266,-74.856841907359,2026-08-02
"Apartamento en Venta en Betania, Barranquilla",https://www.fincaraiz.com.co/apartamento-en-venta-en-betania-barranquilla/193547409,193547409,https://cdn4.fincaraiz.com.co/repo/img/th.outside384x275.6a512898f3431_infocdn__5111-1-1774034814jpg.jpg,[],$ 320.000.000,3 Habs. 2 Baños 78 m²,"Apartamento en venta en betania, barranquilla","Apartamento enBarranquilla, Atlantico",,Llamar,,,,,,,,,,,,,,"Piso 14. 78.5mt2, 3 habitaciones, 2 baños, estudio, cocina abierta con buenos acabados, sala comedor, balcon con vista a la piscina y campana extractora y parqueadero cubierto propio. Areas comunes: pisicona, gimnasio, area social, zona de juego infantil",[],10.99119897978,-74.812039935408,2026-08-02
"Apartamento en venta en El prado, Barranquilla",https://www.fincaraiz.com.co/apartamento-en-venta-en-el-prado-barranquilla/10606596,10606596,https://cdn4.fincaraiz.com.co/repo/img/th.outside384x275.6972265f5bf4d_infocdn__gr-venta-de-apartamento-en-el-pra-1648172026-6048-7148jpg.jpg,[],$ 380.000.000,3 Habs. 3 Baños 90 m²,"Apartamento en venta en el prado, barranquilla","Apartamento enBarranquilla, Atlantico",,Llamar,,,,,,,,,,,,,,"Apartamento de 3 habitaciones, 2 baños familiares y 1 social. Cocina cerrada. Parqueadero del apartamento. Paredes estucadas. Excelente sector residencial en el barrio El Prado.",[],10.994613333755,-74.8000653252,2026-08-02
"Apartamento en Venta en Altos de riomar, Barranquilla",https://www.fincaraiz.com.co/apartamento-en-venta-en-altos-de-riomar-barranquilla/193860169,193860169,https://cdn4.fincaraiz.com.co/gen-ai/th.outside384x275.enhanced_image_20260610135608.png,[],$ 960.000.000,4 Habs. 3 Baños 214 m²,"Apartamento en venta en altos de riomar, barranquilla","Apartamento enBarranquilla, Atlantico",,Llamar,,,,,,,,,,,,,,"Apartamento en venta barrio altos de riomar : Este impresionante apartamento de 214 m² ofrece un estilo de vida de lujo y confort, diseñado para satisfacer las más altas expectativas. Desde su doble entrada, se accede a una espaciosa sala que se abre a un balcón privado, ideal para disfrutar de momentos de relajación, y un comedor independiente, perfecto para reuniones familiares y sociales. Un elegante baño social complementa las áreas comunes.La propiedad cuenta con tres amplias habitaciones, cada una diseñada para ofrecer privacidad y comodidad. Dos de ellas disponen de vestier y baño en suite, mientras que la tercera incluye un baño privado y un espacioso clóset. La alcoba principal es un verdadero santuario, con su propio balcón privado y un lujoso baño equipado con jacuzzi, creando un oasis personal de bienestar.Además, el apartamento dispone de un estudio amplio y versátil, ideal para trabajar desde casa o como espacio de entretenimiento. La cocina integral, moderna y funcional, está lista para inspirar a cualquier chef. Para mayor conveniencia, cuenta con cuarto y baño de servicio, así como un área de labores independiente.Los acabados de alta calidad son evidentes en cada rincón, con pisos de mármol que aportan elegancia y durabilidad a todo el apartamento. La climatización está garantizada con cuatro aires acondicionados minisplit y un calentador de agua, asegurando un ambiente confortable en cualquier estación.La propiedad incluye dos parqueaderos lineales cubiertos, ofreciendo seguridad y protección para sus vehículos. El edificio, con solo dos apartamentos por piso y un total de 12 pisos, garantiza exclusividad y tranquilidad. Disfrute de la seguridad 24 horas con portería, ascensor y shut de basura. Las amenidades comunitarias son excepcionales e incluyen una refrescante piscina, un elegante salón social con dos baños, un parque infantil para los más pequeños y un salón de escoltas, proporcionando un entorno completo para el ocio y la seguridad.",[],11.0167895,-74.8221962,2026-08-02
Apartamento en Venta en Puerto colombia,https://www.fincaraiz.com.co/apartamento-en-venta-en-puerto-colombia/194048705,194048705,https://cdn4.fincaraiz.com.co/repo/img/th.outside384x275.6a6a1f686113f_infocdn__gr190592120260729095541jpeg.jpeg,[],$ 650.000.000,2 Habs. 3 Baños 89 m²,Apartamento en venta en puerto colombia,"Apartamento enBarranquilla, Atlantico",,Llamar,,,,,,,,,,,,,,"APARTAMENTO EN VENTAPortal de Genovés | Sunset Boulevard? Características:• 89 m²• 2 habitaciones• 3 baños• 2 parqueaderos• Estrato 4? Valor de venta: $650.000.000? Administración: $515.000Vive en una propiedad que combina espacios funcionales, comodidad y una ubicación privilegiada en uno de los sectores con mayor valorización de Barranquilla.? Agenda tu visita y conoce este apartamento de primera mano.",[],11.013913561153,-74.841887354851,2026-08-02
"Casa en Venta en Riomar, Barranquilla",https://www.fincaraiz.com.co/casa-en-venta-en-riomar-barranquilla/192439188,192439188,https://cdn4.fincaraiz.com.co/repo/img/th.outside384x275.697ab9f951d99_infocdn__kdauqgru2y8nthawwxvi8fdhaxjv6u6lhxzbzfofjpg.jpg,[],$ 1.900.000.000,6 Habs. 7 Baños 617 m²,"Casa en venta en riomar, barranquilla","Casa enBarranquilla, Atlantico",,Llamar,,,,,,,,,,,,,,"Excepcional residencia de una sola planta, estratégicamente ubicada en acera sombra para ofrecerle el máximo bienestar. Cada detalle ha sido meticulosamente concebido para brindar una experiencia de vida sin igual, el escenario perfecto para forjar recuerdos inolvidables con sus seres queridos.La privacidad y el confort se lo brindan las habitaciónes ya que cada una cuenta con su propio baño.Los espacios de entretenimiento son simplemente sublimes: una elegante sala y antesala  y una espaciosa cocina cerrada en forma de L, diseñada para la funcionalidad con acceso directo al comedor.La terraza y el patio, refugios idílicos para la relajación o para celebrar encuentros al aire libre.La luminosidad es protagonista gracias a sus dos cajas de aire que bañan los interiores con luz natural y garantizan una buena ventilación. Pensando en cada necesidad, la propiedad incorpora una habitación y baño dedicados para escolta y personal de servicio.Cerca eléctrica perimetral, cerramiento en aluminio.Lámame para verla!",[],11.0102385,-74.8226415,2026-08-02
"Apartaestudio en  Venta en Andalucia, Barranquilla",https://www.fincaraiz.com.co/apartaestudio-en-venta-en-andalucia-barranquilla/191583635,191583635,https://cdn4.fincaraiz.com.co/repo/img/th.outside384x275.6989fb158c5a6_infocdn__3stuncny52zaaplgie6mqgajvf7nytheboiui5nsjpg.jpg,[],$ 250.000.000,1 Hab 1 Baño 46 m²,"Apartaestudio en  venta en andalucia, barranquilla","Apartaestudio enBarranquilla, Atlantico",,Llamar,,,,,,,,,,,,,,"¡Vive con estilo en tu nuevo apartaestudio!Inmobiliaria Chávez JG te trae esta joya inmobiliaria en venta, ubicada en un sector exclusivo de la ciudad.Piso 2 – Espacios modernos y funcionalesIdeal para ejecutivos o parejasDistribución:▫️ 1 habitación con clóset y baño privado▫️ Sala – comedor acogedora▫️ Cocina integral equipada▫️ Baño social▫️ Alacena▫️ Área de laboresAmenidades del edificio:Piscina para relajarteSalón socialVigilancia 24/7Planta eléctricaParqueadero asignado y de visitantes¡Precio negociable!",[],11.0155113,-74.8151607,2026-08-02
"Casa en Venta en Villa santos, Barranquilla",https://www.fincaraiz.com.co/casa-en-venta-en-villa-santos-barranquilla/10879267,10879267,https://d3s5pkt10pk3ga.cloudfront.net/resizedImages/384x275/site/fincaraiz_service/media/listing/84795b8a-9c32-42ed-9d26-000213bb0ad0/photos/84795b8a-9c32-42ed-9d26-000213bb0ad0_1_True_321f3254-84e0-4767-9290-2798eeb4a52e.jpg,[],$ 1.300.000.000,3 Habs. 4 Baños 215 m²,"Casa en venta en villa santos, barranquilla","Casa enBarranquilla, Atlantico",,Llamar,,,,,,,,,,,,,,"Exclusiva casa en venta en el prestigioso barrio Villa Santos, Barranquilla. Esta espaciosa propiedad de 267 m² se de dos pisos y ofrece un estilo de vida de confort y amplitud. Dispone de tres cómodas alcobas, cuatro baños completos y un cuarto de servicio con baño propio, ideal para la vida familiar.La distribución interior incluye doble sala, un elegante comedor y una moderna cocina integral, perfecta para los amantes de la gastronomía. Además, cuenta con un estudio independiente, ideal para trabajo remoto o como espacio de lectura.En el exterior, la propiedad destaca por su doble garaje, un amplio patio que invita al esparcimiento y un callejón con parrilla BBQ, perfecto para reuniones sociales. Disfrute también de un balcón y una zona de labores.Su ubicación estratégica en estrato 5 garantiza fácil acceso a importantes vías, rutas de transporte público, supermercados, iglesias, colegios y centros comerciales, situándola muy cerca de todos los lugares de interés en Barranquilla. Una oportunidad única para vivir con calidad y comodidad.",[],11.0092005,-74.8306667,2026-08-02
"Apartamento en Venta en La campiña, Barranquilla",https://www.fincaraiz.com.co/apartamento-en-venta-en-la-campiña-barranquilla/192840762,192840762,https://cdn4.fincaraiz.com.co/repo/img/th.outside384x275.6a2ae08c5f5ef_infocdn__5901-1-1757084678jpg.jpg,[],$ 550.000.000,3 Habs. 3 Baños 111 m²,"Apartamento en venta en la campiña, barranquilla","Apartamento enBarranquilla, Atlantico",,Llamar,,,,,,,,,,,,,,"Apartamento iluminado y ventilado con un area de 111.27 m2, consta de sala, comedor, balcon con vista externa, cocina integral, zona de labores, cuarto y baño de servicio, tres alcobas, principal con baño y vestier, baño auxiliar, pisos en porcelanato, un garaje cubierto. Edificio cuenta con porteria, ascensor, citofono, gimnasio, piscina, parqueadero para visitantes, shut de basura, planta electrica para areas comunes, buena ubicación cerca de parque, supermercados, transporte público cercano, barrio La Campiña estrato 5.",[],11.002802006436,-74.826056908269,2026-08-02
"Apartamento en Venta en El prado, Barranquilla",https://www.fincaraiz.com.co/apartamento-en-venta-en-el-prado-barranquilla/193709823,193709823,https://cdn4.fincaraiz.com.co/repo/img/th.outside384x275.69fa1a3e0b42b_infocdn__gr1066392120260505112232jpeg.jpeg,[],$ 325.000.000,3 Habs. 2 Baños 126 m²,"Apartamento en venta en el prado, barranquilla","Apartamento enBarranquilla, Atlantico",,Llamar,,,,,,,,,,,,,,"✨ *Tu nuevo Hogar te espera en el Barrio El PRADO *✨✨✨HERMOSO !!! y AMPLIO !!! APARTAMENTO !!! en  VENTAPiso 5130 mts2Estrato  4.5Hermosa VISTA EXTERNA hacia el RioDisfruta de la comodidad de:✨  Sala✨ Comedor amplio✨  Balcón✨ Amplia Cocina Integral✨ Zona Labores Cerrada✨ 3 Habitaciones con Closets✨ 2 baños?  Parqueadero Privado Cubierto↕️ Ascensor? Zonas VerdesValor Venta ?$325.000.000 Negociables✔️ Cerca de:Universidad Simón Bolivar, CUC, Teatro Amira de la Rosa, a 5 minutos del Malecón, Portal del Prado, Parques, Colegios Cerca de Vias Principales carrera 53, Via 40 Cerca de todo",[],10.9944141,-74.7938149,2026-08-02
"Casa en Venta en El prado, Barranquilla",https://www.fincaraiz.com.co/casa-en-venta-en-el-prado-barranquilla/193868525,193868525,https://cdn4.fincaraiz.com.co/repo/img/th.outside384x275.6a2b3121c9b45_infocdn__picture-211f78f7e22f4715b6b7a76cf7e11423-1780973070970jpeg.jpeg,[],$ 745.000.000,4 Habs. 2 Baños 328 m²,"Casa en venta en el prado, barranquilla","Casa enBarranquilla, Atlantico",,Llamar,,,,,,,,,,,,,,"Casa en venta en Barrio Bellavista, con excelente ubicación y una superficie total de 328 m², de los cuales 170 m² están construidos. Esta propiedad de estrato 5 es un bien de interés cultural de ámbito nacional, construida en el año 1954. Cuenta con 4 habitaciones, una de ellas con altillo, balcón pequeño, cocina semi abierta sin muebles, 2 baños completos y 1 medio baño. Además, posee 1 garaje, un amplio patio y dos cajas de aire. Ubicada en una zona tranquila y residencial, esta casa es ideal para familias que buscan comodidad y espacio. ¡No pierdas la oportunidad de conocer esta propiedad única en el corazón de Bellavista!",[],11.0014651,-74.795511,2026-08-02
"Apartamento en venta en Riomar, Barranquilla",https://www.fincaraiz.com.co/apartamento-en-venta-en-riomar-barranquilla/10824528,10824528,https://cdn4.fincaraiz.com.co/repo/img/th.outside384x275.695fb866dc259_infocdn__gr-venta-de-apartamento-barranqui-1714169148-0877-311jpeg.jpeg,[],$ 399.990.000,3 Habs. 2 Baños 156 m²,"Apartamento en venta en riomar, barranquilla","Apartamento enBarranquilla, Atlantico",,Llamar,,,,,,,,,,,,,,"✨ ¡Tu próximo hogar te espera en este tercer piso lleno de luz y amplitud!Vive en un edificio de construcción tradicional, sólido y silencioso, donde cada espacio está pensado para tu comodidad.Este apartamento combina amplitud, privacidad y funcionalidad, perfecto para familias que buscan comodidad sin renunciar a una excelente distribución.? Características que enamoran3 habitaciones amplias, la principal con baño privado.Estudio con baño social, ideal para home office o sala de TV.Cocina cerrada, práctica y ventilada.Cuarto de servicio con baño, perfecto para apoyo doméstico o almacenamiento.Entrada del servicio independiente, mayor orden y privacidad.Pisos en granito pulido, duraderos y fáciles de mantener.Portería diurna hasta las 4:00 p.m., de lunes a domingo.Un hogar con espacios generosos, distribución inteligente y ese toque clásico que nunca pasa de moda.? Hazlo tuyo y vive con comodidad, estilo y privacidad.? Agenda tu visita hoy mismo.#ApartamentoEnVenta #OportunidadInmobiliaria #HogarSoñado #VivirBien #BarranquillaInmuebles #TuNuevoHogar #EspaciosAmplios #ConstrucciónTradicional #GranitoPulido #Inmobiliaria #ViveConEstilo #InversiónSegura #Apartamento3Piso #VentaDeApartamentos #ASGestionesInmobiliarias",[],11.000887036869,-74.810995062002,2026-08-02
"Apartamento en Venta en San vicente, Barranquilla",https://www.fincaraiz.com.co/apartamento-en-venta-en-san-vicente-barranquilla/193108512,193108512,,[],$ 425.000.000,3 Habs. 2 Baños 90 m²,"Apartamento en venta en san vicente, barranquilla","Apartamento enBarranquilla, Atlantico",,Llamar,,,,,,,,,,,,,,"Apartamento en venta ubicado en San Vicente, totalmente remodelado, décimo piso, cuenta con un area de 90m2, dos alcobas, la tercera alcoba convertida en estudio, dos baños, cuarto con baño del servicio, piso alto con excelente vista, el edifcio cuenta con piscina, planta electrica para zonas comunes, vigilancia las 24h, excelente ubicacion residencial, vive cerca de todo como  el Cc viva, Buenavista, Colegio Liceo cervantes, Buen consejo, La enseñanza, Hotel Hampton, Hotel ibis., Iglesia la torcoroma, facicilidad de transportes publicos . cero hipotecas y deudas .",[],11.004822519406,-74.816759764225,2026-08-02
"Apartamento en Venta en Los rosales, Barranquilla",https://www.fincaraiz.com.co/apartamento-en-venta-en-los-rosales-barranquilla/193981081,193981081,https://cdn4.fincaraiz.com.co/repo/img/th.outside384x275.6a527a2d50cd9_infocdn__d977c1fc-e310-4fbd-ad63-5bdda0d9b516.jpeg,[],$ 745.509.064,3 Habs. 4 Baños 107 m²,"Apartamento en venta en los rosales, barranquilla","Apartamento enBarranquilla, Atlantico",,Llamar,,,,,,,,,,,,,,"DESCUBRA ESTE INCREIBLE APARTAMENTO, ESTRATÉGICAMENTE UBICADO EN UNA ZONA PRIVILEGIADA. Este inmueble ofrece un diseño excepcional con tres habitaciones, cada una con su propio baño privado, garantizando máxima privacidad y confort. Las habitaciones auxiliares están equipadas con amplios clósets, mientras que la habitación principal se distingue por su walking closet . Además, cuenta con un baño social, una espaciosa sala comedor que se integra armoniosamente con una moderna cocina abierta, realzada por acabados de alta calidad. El área de labores es amplia y funcional, complementada por un extenso balcón que invita a disfrutar del entorno. El conjunto residencial eleva la experiencia de vida con una gama de amenidades de primer nivel, incluyendo una refrescante piscina, un gimnasio completamente equipado y un elegante salón social. Para su tranquilidad y comodidad, el conjunto dispone de una planta de suplencia total de energía.  ***",[],11.024576227913,-74.856956005096,2026-08-02
"Apartamento en Venta en Villa Campestre, Barranquilla",https://www.fincaraiz.com.co/apartamento-en-venta-en-villa-campestre-barranquilla/193989220,193989220,https://cdn4.fincaraiz.com.co/repo/img/th.outside384x275.6a57fcccde596_infocdn__65uptlkuni8phttddeuyuvdjfgxtsilr3zxud93vjpg.jpg,[],$ 880.000.000,3 Habs. 4 Baños 122 m²,"Apartamento en venta en villa campestre, barranquilla","Apartamento enBarranquilla, Atlantico",,Llamar,,,,,,,,,,,,,,"Exclusivo apartamento en venta en el piso 11 del Conjunto Porto Rosso ($880.000.000 COP). Con 122 m² de diseño inteligente, ofrece una cocina abierta de estatus que se integra con un balcón de vista panorámica ininterrumpida. Disfrute de absoluta privacidad en sus 3 habitaciones (principal con walk-in closet y baño interno), cada habitación con su baño independiente, más cuarto auxiliar de servicio; con aire acondicionado en sala y una habitación. El complejo le brinda un estilo de vida superior con piscina para adultos, canchas múltiples, gimnasio, zona BBQ, amplias zonas verdes y máxima vigilancia 24/7. Incluye 2 parqueaderos independientes y 1 depósito. Un auténtico refugio patrimonial en Barranquilla.",[],11.0238019,-74.8557956,2026-08-02
"Apartamento en Venta en San isidro, Barranquilla",https://www.fincaraiz.com.co/apartamento-en-venta-en-san-isidro-barranquilla/193463815,193463815,https://cdn4.fincaraiz.com.co/repo/img/th.outside384x275.69ab2da3ba96f_infocdn__98713-1-1772654378jpg.jpg,[],$ 230.000.000,3 Habs. 2 Baños 85 m²,"Apartamento en venta en san isidro, barranquilla","Apartamento enBarranquilla, Atlantico",,Llamar,,,,,,,,,,,,,,"Descubre este elegante apartamento de 85.3 metros cuadrados en un conjunto cerrado, con acabados de alta calidad como piso en porcelanato y cerámica. Con 3 habitaciones, 2 baños y cocina integral equipada, ofrece comodidad y seguridad con puerta de seguridad y escalera de emergencia. Ubicado en zona residencial cerca de colegios, supermercados y parques, con fácil acceso a transporte público y vías principales. ¡Una oportunidad única para vivir en un entorno tranquilo y conveniente!",[],10.970149003421,-74.794481859912,2026-08-02
"Apartamento en Venta en Paraiso, Barranquilla",https://www.fincaraiz.com.co/apartamento-en-venta-en-paraiso-barranquilla/193568971,193568971,https://cdn4.fincaraiz.com.co/repo/img/th.outside384x275.69c6aab2875f7_infocdn__picture-83572803df424485b023a6df2a1597d6jpg.jpg,[],$ 830.000.000,4 Habs. 4 Baños 365 m²,"Apartamento en venta en paraiso, barranquilla","Apartamento enBarranquilla, Atlantico",,Llamar,,,,,,,,,,,,,,"Esta propiedad en venta se encuentra en el exclusivo barrio El Golf, en Barranquilla. Apartamento en excelente ubicación, en zona residencial muy cerca de zona comercial, supermercados, centros comerciales, parques rosado, bancos.Disfruta de 365 mts distribuidos en 4 habitaciones, cada una con su baño, sala, comedor, sala auxiliar, estudio biblioteca, baño social, cocina integral, area de labores, habitación y baño de servicio.Ascensor directo al apartamento, único apartamento en el piso, tres garajes, depósito, planta electrica.Llama y agenda tu visita.",[],11.010993406261,-74.809540004893,2026-08-02
"Casa en Venta en Villa santos, Barranquilla",https://www.fincaraiz.com.co/casa-en-venta-en-villa-santos-barranquilla/193502173,193502173,https://cdn4.fincaraiz.com.co/repo/img/th.outside384x275.69c44bbc1f34a_infocdn__gr1155963620260312112248jpg.jpg,[],$ 600.000.000,4 Habs. 3 Baños 145 m²,"Casa en venta en villa santos, barranquilla","Casa enBarranquilla, Atlantico",,Llamar,,,,,,,,,,,,,,"¡ Lujosos 3 Pisos Con Espacio Para Familias !Descubre esta casa con 4 habitaciones y 3 baños, ubicado en una zona exclusiva de la ciudad.Cuenta con 145 metros cuadrados de espacio, este inmueble ofrece un espacio amplio y luminoso ideal para disfrutar en familia. Además, cuenta con 1 parqueadero para tu conveniencia.Las hermosa vista desde la terraza, ambiente fresco, 3 pisos y demas son solo algunas de las ventajas con las que te encontraras !Vive la experiencia de lujo y confort que mereces en este magnífico hogar. ¡No pierdas la oportunidad de hacerlo tuyo. ¡ Agenda tu visita ya !Ubicación estratégica en el corazón de Riomar",[],11.01175,-74.8374465,2026-08-02
"Apartamento en Venta en Rio Alto, Barranquilla",https://www.fincaraiz.com.co/apartamento-en-venta-en-rio-alto-barranquilla/193397613,193397613,https://cdn4.fincaraiz.com.co/repo/img/th.outside384x275.6a11b2e98b37f_infocdn__gr190592120260215115939png.png,[],$ 620.000.000,3 Habs. 3 Baños 112 m²,"Apartamento en venta en rio alto, barranquilla","Apartamento enBarranquilla, Atlantico",,Llamar,,,,,,,,,,,,,,"Ubicado en Lago Alto, Edificio Irati, una de las zonas más exclusivas y valorizadas de la ciudad, esta propiedad de 112 m² ha sido diseñada para brindar amplitud, comodidad y elegancia en cada espacio.Cuenta con 3 habitaciones, destacando la habitación principal como una verdadera suite privada, con baño interno y walk-in closet, creando un ambiente íntimo y sofisticado. Además, incluye habitación de servicio, ideal para mayor funcionalidad y organización del hogar.Su cocina abierta de diseño contemporáneo se integra perfectamente con la zona social, acompañada de una sala y comedor amplios que se extienden hacia un balcón privado, perfecto para disfrutar la vista y momentos de tranquilidad. También dispone de zona de labores independiente, 2 parqueaderos y depósito, aportando practicidad y confort.El edificio ofrece una zona social tipo club, diseñada para el bienestar y el disfrute de toda la familia:• Piscina para adultos y piscina para niños• Parque infantil• Cancha de fútbol• Gimnasio completamente dotado• Sauna y baño turco• Teatrino• Espacios diseñados para el descanso y la recreaciónVivir en Irati es disfrutar de seguridad, exclusividad y una ubicación estratégica cerca de todo lo que necesitas.Una propiedad ideal para quienes buscan comodidad, prestigio y una excelente inversión en una de las mejores zonas de la ciudad.VB Business | Inversiones Inteligentes | Finca Raiz Excelencia en gestión inmobiliaria para",[],11.021827666338,-74.819319248199,2026-08-02
"Casa en Venta en Villa Campestre, Barranquilla",https://www.fincaraiz.com.co/casa-en-venta-en-villa-campestre-barranquilla/193981079,193981079,https://cdn4.fincaraiz.com.co/repo/img/th.outside384x275.6a527a246bbdd_infocdn__4442617e-6493-464c-a980-8095df64e810.jpeg,[],$ 900.000.000,4 Habs. 3 Baños 171 m²,"Casa en venta en villa campestre, barranquilla","Casa enBarranquilla, Atlantico",,Llamar,,,,,,,,,,,,,,"EXCLUSIVIDAD Y EL CONFORT EN ESTA HERMOSA CASA DÚPLEX, UBICADA EN PUERTO COLOMBIA. Esta propiedad ha sido diseñada para ofrecer un estilo de vida sofisticado, con tres amplias habitaciones, cada una de ellas equipada con baño privado y closet, el diseño interior se complementa con una moderna cocina abierta, sala-comedor, baño social. Pensando en su comodidad, la propiedad incluye un cuarto y baño de servicio, así como dos parqueaderos exclusivos. Además, tendrá acceso a áreas comunes de primer nivel y disfrutará de seguridad 100 garantizada, proporcionando tranquilidad y bienestar en todo momento.  ***",[],11.0202268,-74.8681406,2026-08-02
"Apartamento en Venta en El tabor, Barranquilla",https://www.fincaraiz.com.co/apartamento-en-venta-en-el-tabor-barranquilla/193799343,193799343,https://cdn4.fincaraiz.com.co/gen-ai/th.outside384x275.enhanced_image_20260526155636.png,[],$ 250.000.000,3 Habs. 2 Baños 87 m²,"Apartamento en venta en el tabor, barranquilla","Apartamento enBarranquilla, Atlantico",,Llamar,,,,,,,,,,,,,,"Descubra este espacioso apartamento en venta, ubicado en el codiciado barrio Tabor, una zona residencial tranquila y bien establecida. Este inmueble, ideal para familias o quienes buscan comodidad y amplitud, cuenta con tres luminosas alcobas que ofrecen un ambiente de descanso y privacidad. Dispone de dos baños completos, cuidadosamente diseñados para el confort diario. El área social se compone de una sala y un comedor independientes, perfectos para recibir visitas o disfrutar de momentos en familia. La cocina, funcional y con potencial para modernizar, se complementa con un práctico cuarto de servicio que incluye su propio baño, añadiendo versatilidad al espacio. Situado en un cuarto piso, este apartamento ofrece la ventaja de la tranquilidad y vistas despejadas, sin la necesidad de ascensor. Además, incluye un parqueadero escriturado, garantizando seguridad y comodidad para su vehículo. Una oportunidad excepcional para adquirir un hogar con gran potencial en una ubicación privilegiada.",[],11.0026874,-74.8298236,2026-08-02
"Apartamento en Venta en Altos del limon, Barranquilla",https://www.fincaraiz.com.co/apartamento-en-venta-en-altos-del-limon-barranquilla/193544488,193544488,https://cdn4.fincaraiz.com.co/repo/img/th.outside384x275.69bc84ac0398c_infocdn__gr-venta-de-apartamento-altos-del-1773961993-8077-6666jpeg.jpeg,[],$ 320.000.000,3 Habs. 2 Baños 110 m²,"Apartamento en venta en altos del limon, barranquilla","Apartamento enBarranquilla, Atlantico",,Llamar,,,,,,,,,,,,,,"✨ ¡TU NUEVO HOGAR EN ALTOS DEL LIMÓN TE ESTÁ ESPERANDO! ✨Descubre este increíble apartamento de 110m² que combina comodidad, ubicación y estilo en un solo lugar ??✔️ 3 amplias habitaciones✔️ 2 baños familiares + baño de servicio✔️ Totalmente remodelado ?️✔️ Parqueadero bajo techo ?✔️ Portería 24 horas ?✔️ Edificio de solo 4 pisos (ambiente tranquilo y exclusivo)? Ubicación privilegiada: a pocos minutos del Centro Comercial Buenavista y Mega Parque de Tivoly, con todo lo que necesitas al alcance.? Perfecto para quienes buscan vivir bien, con seguridad y excelente valorización.⚡ Listo para mudarte YA… solo falta que lo veas en persona ?? Escríbeme y agenda tu visita antes de que se lo lleven#virales #ApartamentoEnVenta #AltosDelLimon #Vivienda #BienesRaices #TuNuevoHogar #Inversionura",[],11.018653676338,-74.819901974952,2026-08-02
"Lote en  Venta en Villa santos, Barranquilla",https://www.fincaraiz.com.co/lote-en-venta-en-villa-santos-barranquilla/192106890,192106890,https://cdn4.fincaraiz.com.co/repo/img/th.outside384x275.67c9bd4f1711a_infocdn__6281-12-39523224jpg.jpg,[],$ 6.390.000.000,2420 m²,"Lote en  venta en villa santos, barranquilla","Lote enBarranquilla, Atlantico",,Llamar,,,,,,,,,,,,,,"EL MEJOR LOTE PARA TU PROYECTO INMOBILIARIO ESTRATO 5, BARRIO VILLA SANTOS.Lote esquinero de 2.420M2, en forma de ""L, absolutamente GANADOR con 4 frentes:Kra 51B.Kra 50.Calle 101B.Calle 101C.Ideal para desarrollar un proyecto mixto de vivienda y comercio, acera sur(sombra).Estrato 5, uso residencial y comercial.Altura Máxima 16 pisos.Barranquilla, un destino clave para la inversión inmobiliaria.Renovación urbana, indicadores económicos y sociales positivos, bajos precios por m2, atraen a compradores de Bogotá y el Caribe.Barranquilla es hoy uno de los destinos más atractivos para la inversión inmobiliaria debido a factores como el mejoramiento de su calidad de vida, los procesos de transformación y planeación urbana que tienen al río Magdalena como el mayor detonante y la amplia oferta de viviendas en estratos 5 y 6 con diseños arquitectónicos, materiales, y estándares internacionales, a unos precios por M2 inferiores a los que rigen en ciudades de igual desarrollo.",[],11.012308336401,-74.833716895385,2026-08-02
"Apartamento en Venta en Villa carolina, Barranquilla",https://www.fincaraiz.com.co/apartamento-en-venta-en-villa-carolina-barranquilla/193643083,193643083,https://cdn4.fincaraiz.com.co/repo/img/th.outside384x275.69e1cfa5a1dd7_infocdn__ipnrlvdm1ac0ac6uds0cpo1zrzqe4pyyhapwjimvjpg.jpg,[],$ 330.000.000,3 Habs. 2 Baños 71 m²,"Apartamento en venta en villa carolina, barranquilla","Apartamento enBarranquilla, Atlantico",,Llamar,,,,,,,,,,,,,,"¿Buscas un hogar donde la frescura y la comodidad se encuentren? Este excelente apartamento con una distribución optima que maximiza cada metro cuadrado, está ubicado en uno de los sectores de mayor demanda como es Villa Carolina en Barranquilla, en estrato 3, en un estratégico piso 3 con ascensor, su posición lado sombra que garantiza un ambiente fresco e iluminado durante todo el día, y que esta remodelado para ofrecerte el estilo de vida que mereces.Este inmueble de 71,15 mt2 lo hace especial sus espacios integrados, una  sala-comedor acogedora que conecta con un balcón de vista exterior perfecto para compartir atardeceres en familia. Su privacidad, con 3 habitaciones diseñadas para el descanso y comodidad, destacando la principal con su baño privado, un baño auxiliar, y un estudio ideal para trabajar desde casa. Su funcionalidad, con una cocina tradicional cerrada con ventilación natural, pensada para quienes disfrutan del arte de cocinar en un espacio independiente.Cuenta con un parqueadero asignado descubierto.El conjunto ofrece seguridad y recreación, vigilancia 24/7, piscina para adultos y niños, salón social y parqueadero para visitantes, a pasos de los mejores parques de Villa Carolina, supermercados, colegios y con excelente acceso a transporte público. ¡Una excelente oportunidad inmobiliaria!Este apartamento puede ser tu próximo hogar… te ayudo a lograr tu sueño. Contáctame al celular ***para agendar tu visita.",[],11.0220956,-74.8157688,2026-08-02
"Casa en venta en Riomar, Barranquilla",https://www.fincaraiz.com.co/casa-en-venta-en-riomar-barranquilla/10732521,10732521,https://cdn4.fincaraiz.com.co/repo/img/th.outside384x275.66e8a6638fecc_infocdn__gr-venta-de-casa-country-villas-b-1711817153-7482-3775jpeg.jpeg,[],$ 645.500.000,4 Habs. 3 Baños 350 m²,"Casa en venta en riomar, barranquilla","Casa enBarranquilla, Atlantico",,Llamar,,,,,,,,,,,,,,"Casa independiente esquinera en Country Villas. Sector colinda con Villa Campestre.Cercana a las Universidad del Atlántico sede norte y la Fundación Pies Descalzos.Revestimiento en graniplas. Patio, cocina cerrada.2 niveles.4 habitaciones.3 baños completosCuarto y baño del servicio.2 parqueaderos, que pueden ser hasta 3.",[],11.021304861229,-74.871941031676,2026-08-02
"Casa en venta en Boyaca, Barranquilla",https://www.fincaraiz.com.co/casa-en-venta-en-boyaca-barranquilla/10148485,10148485,https://d3s5pkt10pk3ga.cloudfront.net/resizedImages/384x275/site/fincaraiz_service/media/listing/9b3f44c1-f5fe-46a1-bde7-39d38086d0c8/photos/9b3f44c1-f5fe-46a1-bde7-39d38086d0c8_1_True_2ac27997-e555-4ce1-ae85-b28b485e6845.jpeg,[],$ 242.000.000,3 Habs. 2 Baños 127 m²,"Casa en venta en boyaca, barranquilla","Casa enBarranquilla, Atlantico",,Llamar,,,,,,,,,,,,,,"Vendo casa excelente ubicación en la localidad sur occidente de la ciudad de Barranquilla: barrio San Jose , central de fácil acceso con una área de 127Mt 2 cerca al comercio, Universidades, Colegios, Entidades Educativas, Bancos, Clínicas, Restaurantes, Talleres, Parques, Iglesias, supermercados, Ara, D1, Gimnasio y ofreciendo las siguientes bondades : Terraza, sala, comedor, 3 habitaciones, 2 baños, cocina, patio incluye área de labores no dejes pasar esta oportunidad agenda tu visita via wsp PR 918",[],10.9593147653571,-74.7865459,2026-08-02
"Casa en venta en Buenavista, Barranquilla",https://www.fincaraiz.com.co/casa-en-venta-en-buenavista-barranquilla/10247338,10247338,https://d3s5pkt10pk3ga.cloudfront.net/resizedImages/384x275/site/fincaraiz_service/media/listing/b2fbd375-7a33-4a5a-8e7b-d3e849af6001/photos/b2fbd375-7a33-4a5a-8e7b-d3e849af6001_1_True_8a23afb9-4522-4535-b08f-20d6ca44d569.jpeg,[],$ 1.100.000.000,4 Habs. 4 Baños 228 m²,"Casa en venta en buenavista, barranquilla","Casa enBarranquilla, Atlantico",,Llamar,,,,,,,,,,,,,,"¡Descubre esta hermosa casa en el exclusivo sector de la Castellana, donde el lujo y la comodidad se unen en un espacio de 228 metros cuadrados!Esta espaciosa casa cuenta con 4 habitaciones cada una con su baño, proporcionando privacidad y comodidad a todos los miembros de la familia. Los espacios interiores están cuidadosamente diseñados, con una amplia sala y comedor que son ideales para recibir a tus invitados y crear momentos memorables.La cocina es un verdadero sueño de todo chef, con acabados de alta calidad y espacio más que suficiente para preparar deliciosas comidas. Además, cuenta con una sala de estar que se convierte en un refugio perfecto para relajarte al final del día.Si te encanta disfrutar del aire libre, la terraza con área de BBQ es el lugar perfecto para compartir momentos especiales con amigos y familiares. Además, el aire central en el primer piso con ductos arriba garantiza un ambiente cómodo en todo momento.También cuenta con 2 parqueaderos para tus vehículos, un baño social, zona de labores, cuarto y baño de servicio para mayor conveniencia. No olvidemos el ático en el garaje, un espacio adicional que puedes aprovechar de diversas maneras.Este hogar está ubicado en un estrato 5, lo que garantiza seguridad y tranquilidad para ti y tu familia.No pierdas la oportunidad de hacer tuya esta magnífica casa. ¡Contáctanos hoy mismo para programar una visita!",[],11.0116822,-74.8297632,2026-08-02
"Casa en venta en San felipe, Barranquilla",https://www.fincaraiz.com.co/casa-en-venta-en-san-felipe-barranquilla/10567688,10567688,https://cdn4.fincaraiz.com.co/repo/img/th.outside384x275.685c5c536e8f7_infocdn__11741420230721104252jpeg.jpeg,[],$ 250.000.000,4 Habs. 1 Baño 139 m²,"Casa en venta en san felipe, barranquilla","Casa enBarranquilla, Atlantico",,Llamar,,,,,,,,,,,,,,"VENDO CASA EN SAN FELIPE,  BARRANQUILLACaracterísticas:Área 139 MtsHabitaciones (4)Baños (1)Sala-Comedorcocina integralPatioPiso: 1Estrato: 3TerrazaCajas de aireEspacio aereo ocupadoVenta $250.000.000 se escucha oferta",[],10.974503799313,-74.809973577646,2026-08-02
"Casa en venta en Buenavista, Barranquilla",https://www.fincaraiz.com.co/casa-en-venta-en-buenavista-barranquilla/10630123,10630123,https://d3s5pkt10pk3ga.cloudfront.net/resizedImages/384x275/site/fincaraiz_service/media/listing/4ceb61b2-b196-4555-a2e7-38854f249bea/photos/4ceb61b2-b196-4555-a2e7-38854f249bea_1_True_6591f8d8-c720-430e-8c8a-0aed823fa87e.jpg,[],$ 800.000.000,3 Habs. 4 Baños 160 m²,"Casa en venta en buenavista, barranquilla","Casa enBarranquilla, Atlantico",,Llamar,,,,,,,,,,,,,,"Hermosa casa con 3 alcobas, 4 baños, parqueaderos, piscina, salon social, parque infantil, zonas verdes y vigilacia privada.",[],11.0211945,-74.8255084,2026-08-02
"Apartamento en Venta en Villa santos, Barranquilla",https://www.fincaraiz.com.co/apartamento-en-venta-en-villa-santos-barranquilla/193824639,193824639,https://cdn4.fincaraiz.com.co/repo/img/th.outside384x275.6a1db1ec67200_infocdn__adybtxayfnhxw46evcgxsyyujjgrnekg0ufaoeorjpg.jpg,[],$ 550.000.000,3 Habs. 3 Baños 115 m²,"Apartamento en venta en villa santos, barranquilla","Apartamento enBarranquilla, Atlantico",,Llamar,,,,,,,,,,,,,,Espectacular y hermoso apartamento amoblado en Villa Santos a la venta,[],11.0132956,-74.8383418,2026-08-02
"Apartamento en Venta en Villa santos, Barranquilla",https://www.fincaraiz.com.co/apartamento-en-venta-en-villa-santos-barranquilla/192375330,192375330,https://cdn4.fincaraiz.com.co/repo/img/th.outside384x275.682132ff30f6d_infocdn__gr73229120250511051215jpg.jpg,[],$ 460.000.000,3 Habs. 4 Baños 187 m²,"Apartamento en venta en villa santos, barranquilla","Apartamento enBarranquilla, Atlantico",,Llamar,,,,,,,,,,,,,,"En VILLA SANTOS, BARRANQUILLA, cerca de IGLESIA SANTA TERESITA, vendemos apartamento en primer piso, en sector residencial rodeado edificios.-EDIFICIO:Tiene 13 aptos, igual números de garajes, salón y terraza social con barbacoa, 2 baños sociales, ascensor, cámaras de seguridad, celaduría diurna, jardines externos, cerramiento con rejas de aluminio, parqueo visitantes.-MEDIDAS:Tiene 187 M2 de área construida, estrato 5, ubicado en primer piso, construido hace más de 24 años.-REPARTO APARTAMENTO:Espacio social esta conformado por sala, comedor, estudio con terraza y con BBQ, baño social, cocina es amplia y cerrada con comedor auxiliar, patio de ropas con zona de labores independiente, cuarto y baño servicio, garaje cubierto.ALCOBAS:3 en total, todas con sus baños, principal con vestier.-BAÑOS:5 en tota, 3 para alcobas, 1 socia, 1 de servicio.-EXTERIORES:Cerca de iglesias, parques, supermercados, corredor universitario, clínica, consultorios, oficinas bancarias, corporativas, hoteles, almacenes de cadena, escenarios deportivos, transporte público.-PRECIOS:$ ***venta.-$ 775.000 administración.-",[],11.0106265,-74.8338985,2026-08-02
"Apartamento en Venta en Santa monica, Barranquilla",https://www.fincaraiz.com.co/apartamento-en-venta-en-santa-monica-barranquilla/192342278,192342278,https://cdn4.fincaraiz.com.co/repo/img/th.outside384x275.6816be76c95cc_infocdn__gr73229120250503072103jpg.jpg,[],$ 430.000.000,3 Habs. 3 Baños 115 m²,"Apartamento en venta en santa monica, barranquilla","Apartamento enBarranquilla, Atlantico",,Llamar,,,,,,,,,,,,,,"En Barrio SANTA MONICA de la ciudad de BARRANQUILLA, vendemos apartamento en buen estado.-EDIFICIO:Cuenta con 24 apartamentos, jardines externos, celaduría 24 horas, parqueo para visitantes, sin ascensor.-MEDIDAS APARTAMENTO:Tiene 115 M2 de área construida, estrato 5, esta en piso 2 sin ascensor, construido en 1.998.-REPARTO APARTAMENTO:Tiene balcón, sala, comedor, cocina cerrada, zona de labores, cuarto y baño de servicio, closet de linos, pisos de granito fundido, 2 garajes en línea, depósito.-ALCOBAS:3 en total, principal con baño y 2 closets.-BAÑOS:3 en total, 2 para alcobas y 1 para servicio.-EXTERIORES:Cerca de centros comerciales, parques, colegios, clínicas, gimnasios, supermercados, restaurantes, transporte público.-PRECIOS:$ ***venta.-$ 440.000 administración.-$ ***deuda con BBVA.-",[],11.0100318,-74.8222004,2026-08-02
"Casa en venta en Villa santos, Barranquilla",https://www.fincaraiz.com.co/casa-en-venta-en-villa-santos-barranquilla/11071257,11071257,https://cdn4.fincaraiz.com.co/repo/img/th.outside384x275.690dfce5dd37d_infocdn__gr71441120230421020133jpeg.jpeg,[],$ 2.800.000.000,10 Habs. 8 Baños 634 m²,"Casa en venta en villa santos, barranquilla","Casa enBarranquilla, Atlantico",,Llamar,,,,,,,,,,,,,,CASA EN VENTA Y CONJUNTO CON 5 APARTAMENTOS,[],11.0041072,-74.8069813,2026-08-02
"Apartamento en Venta en Alameda del Rio, Barranquilla",https://www.fincaraiz.com.co/apartamento-en-venta-en-alameda-del-rio-barranquilla/194059167,194059167,https://cdn4.fincaraiz.com.co/repo/img/th.outside384x275.6a6cd5a9c923e_infocdn__ttb3twrujczu4komqy4jdubo2nxupwie3dgioadpjpg.jpg,[],$ 309.000.000,2 Habs. 2 Baños 58 m²,"Apartamento en venta en alameda del rio, barranquilla","Apartamento enBarranquilla, Atlantico",,Llamar,,,,,,,,,,,,,,"Apartamento en venta – Pardela AlamedaValor: $309.900.000 COP✨ CaracterísticasÁrea: 58 m²Lado sombra (más fresco durante el día)Piso 5 con 2 ascensores2 habitaciones2 baños3 puntos para instalación de aire acondicionado1 parqueadero privado cubiertoAmenidades del conjuntoPiscina semiolímpicaSaunaGimnasio completamente dotadoSalón social para eventosTorre de parqueaderos privadaConjunto residencial con excelentes zonas comunes y ambiente familiarUna excelente oportunidad para vivir o invertir en un apartamento con una ubicación privilegiada, excelente distribución y todas las comodidades para disfrutar de un estilo de vida cómodo y moderno.WhatsApp: ***",[],10.9945388,-74.8471158,2026-08-02
"Apartamento en Venta en Cr.tozcana, Barranquilla",https://www.fincaraiz.com.co/apartamento-en-venta-en-crtozcana-barranquilla/194050666,194050666,https://cdn4.fincaraiz.com.co/repo/img/th.outside384x275.6a6a677cc27c4_infocdn__ragwh67lywsv1qzvr4gskxhmkr6ftktbkkow1cctjpg.jpg,[],$ 399.000.000,3 Habs. 3 Baños 94 m²,"Apartamento en venta en cr.tozcana, barranquilla","Apartamento enBarranquilla, Atlantico",,Llamar,,,,,,,,,,,,,,"La venta se realizará exclusivamente a través de Leasing Habitacional Familiar con el Banco Leasing Bancolombia.  (o de contado si lo prefiere).-	No se hará documento de compra y venta. Se hará cesión de contrato.-	La cesión del leasing, genera ahorros significativos para comprador y vendedor porque no requieren pagos de algunos impuestos.CARACTERÍSTICAS DEL CONJUNTOa.	Piscina amplia, el tamaño es superior al promedio de los conjuntos.b.	Gimnasio habilitado.c.	Zona de co-working.d.	Seguridad privada.e.	Conjunto agradable.f.	A dos cuadras del Bosque Urbano Miramar. Específicamente a tres cuadras del nuevo parque Miramar (también llamado por la alcaldía “Miramar Park”).a.	El Bosque Urbano Miramar es un pulmón verde de 30 hectáreas de bosque seco tropical. Diseñado para fusionar la conservación ambiental con el bienestar social, este espacio público cuenta con una destacada pista de ciclomontañismo, senderos ecológicos y zonas de picnic. Además, ofrece áreas recreativas familiares que incluyen parques infantiles, zonas biosaludables para calistenia y plazas al aire libre, entre otras características, que alegran por su paisajismo y posibilidades.g.	A dos cuadras del Centro Comercial Miramar.a.	El Centro Comercial Miramar en Barranquilla tiene 83 locales en 4 niveles. Destaca por sus servicios integrales, parqueaderos cubiertos gratuitos y la remodelada plazoleta ""Magdalena Plaza"" con espacios de coworking. Entre sus comercios más conocidos sobresalen el supermercado Supertiendas Olímpica, el gimnasio Smart Fit, y entidades financieras como Bancolombia y Scotiabank Colpatria.",[],11.007706159424,-74.835421736434,2026-08-02
"Casa en Venta en Ciudadela veinte de julio, Barranquilla",https://www.fincaraiz.com.co/casa-en-venta-en-ciudadela-veinte-de-julio-barranquilla/193680859,193680859,https://cdn4.fincaraiz.com.co/repo/img/th.outside384x275.69efa9ec7ab93_infocdn__edkzgttxpkhzz1zdgxdcphyn8zvyzvqd8ubp0kecjpg.jpg,[],$ 275.000.000,6 Habs. 2 Baños 164 m²,"Casa en venta en ciudadela veinte de julio, barranquilla","Casa enBarranquilla, Atlantico",,Llamar,,,,,,,,,,,,,,Inmueble familiar que cuenta con dos aptos independientes. Ideal para inversionistas: genera 2 cánones de arrendamiento independientes. Único dueño. Valor negociable,[],10.9292993,-74.8030475,2026-08-02
"Apartamento en Venta en Buenavista, Barranquilla",https://www.fincaraiz.com.co/apartamento-en-venta-en-buenavista-barranquilla/194029732,194029732,https://cdn4.fincaraiz.com.co/repo/img/th.outside384x275.6a637751d8f68_infocdn__nmjp0mlz02lj9iwpodu8eaq3jrhnkxb9b0w5qpjbjpg.jpg,[],$ 1.200.000.000,3 Habs. 3 Baños 160 m²,"Apartamento en venta en buenavista, barranquilla","Apartamento enBarranquilla, Atlantico",,Llamar,,,,,,,,,,,,,,"Espectacular apartamento con muy poco tiempo de uso, casi para estrenar. Tres  amplias habitaciones, todas con baño privado y vestier. Sala comedor con balcon, BBQ incorporado en la terraza, moderna cocina abierta, zona de lavanderia independiente, baño social y cuarto y baño de servicio. Dos parqueaderos cubiertos y Deposito. Edificio con todas las amenidades, piscina, jacuzzy, sauna, Turco, gimnasio, sala de juegos, sala de reuniones, moderna recepcion. Ubicado en el boulevard de Buenavista",[],11.0133099,-74.8274876,2026-08-02
"Apartamento en Venta en Paraiso, Barranquilla",https://www.fincaraiz.com.co/apartamento-en-venta-en-paraiso-barranquilla/194012770,194012770,https://cdn4.fincaraiz.com.co/repo/img/th.outside384x275.6a5f75e662a03_infocdn__pwqfxz2gjdvzjb26af6bi6pe8yihq6pnojmsar33jpg.jpg,[],$ 400.000.000,3 Habs. 2 Baños 64 m²,"Apartamento en venta en paraiso, barranquilla","Apartamento enBarranquilla, Atlantico",,Llamar,,,,,,,,,,,,,,"Apartamento en venta ubicado en la ciudad de Barranquilla en el sector de Paraíso, en un edificio con vigilancia privada las 24 Horas y zonas sociales de entretenimiento, piscina, salón social, parque infantil, gimnasio, piscina, el edificio cuenta con 15 pisos y el apartamento se encuentra ubicado en el piso 14, con un área de 60 mt2, distribuidos en 3 habitaciones, 2 baños, estudio para una posible tercera habitación, sala comedor, cocina integral, área de labores y 1 parqueadero asignado con buena distribución en sus áreas con amplios y cómodos espacios, fresco y acogedor, su entorno es tranquilo y residencial con cómodas vías de acceso y sobre el sector puede encontrar, malecón del Rio, batallón de Paraíso, centro de convenciones Puerta de Oro.",[],11.0165132,-74.8017635,2026-08-02
"Casa en Venta en La pradera, Barranquilla",https://www.fincaraiz.com.co/casa-en-venta-en-la-pradera-barranquilla/193984225,193984225,https://cdn4.fincaraiz.com.co/repo/img/th.outside384x275.6a5a80b81dfc9_infocdn__jp2orlgzrkbnu6qwtexh2wrvwgib8sx1yl09mclyjpg.jpg,[],$ 400.000.000,6 Habs. 5 Baños 176 m²,"Casa en venta en la pradera, barranquilla","Casa enBarranquilla, Atlantico",,Llamar,,,,,,,,,,,,,,"Amplia casa de 2 pisos, tiene su escritura pública, papeles e impuestos al día, servicios de agua, gas y luz. Información solo por WhatsApp.Primer piso: Terraza, sala-comedor, cocina, 3 habitaciones y 2 baños (1 de las habitaciones tiene su baño interno con ducha, el otro baño es el auxiliar pero también cuenta con su ducha), patio y callejón.Segundo piso: Tiene un Apartamento que cuenta con Sala-comedor, cocina, área de lavado de ropa, 2 habitaciones y dos baños (1 de las habitaciones tiene su baño interno con ducha, el otro baño es el auxiliar pero también cuenta con su ducha). Adicional, en la parte de atrás del segundo piso se encuentra un Apartaestudio con salida independiente que tiene Cocina, área de lavado de ropa, sala-comedor y una habitación con baño interno.",[],10.9788417,-74.8434026,2026-08-02
"Local en Venta en Conjunto residencial villa campestre, Barranquilla",https://www.fincaraiz.com.co/local-en-venta-en-conjunto-residencial-villa-campestre-barranquilla/193811167,193811167,https://cdn4.fincaraiz.com.co/repo/img/th.outside384x275.6a1871806254d_infocdn__1pvfuo09fhm6zegvsfm9qytkthcyoe7uzbajq9mhjpg.jpg,[],$ 580.000.000,3 Ambientes 1 Baño 44 m²,"Local en venta en conjunto residencial villa campestre, barranquilla","Local Comercial enBarranquilla, Atlantico",,Llamar,,,,,,,,,,,,,,"Local comercial estratégicamente ubicado en Plaza Campestre, Sabanilla, en una zona de alto tráfico y excelente visibilidad. El espacio cuenta con dos pisos, amplia terraza y tres ambientes independientes que permiten múltiples conceptos comerciales o gastronómicos. Anteriormente funcionó como restaurante, por lo que dispone de conexiones e infraestructura listas para operación. Ideal para restaurante, café, gastrobar o negocio experiencial.",[],11.0178518,-74.8597404,2026-08-02
"Apartamento en Venta en Caribe Verde, Barranquilla",https://www.fincaraiz.com.co/apartamento-en-venta-en-caribe-verde-barranquilla/10590021,10590021,https://d3s5pkt10pk3ga.cloudfront.net/resizedImages/384x275/site/fincaraiz_service/media/listing/c90efc0e-db0d-47b1-b54b-c41f513f7542/photos/c90efc0e-db0d-47b1-b54b-c41f513f7542_1_True_a8583060-6796-48ed-a593-ce6bfaf1076a.jpg,[],$ 185.000.000,3 Habs. 2 Baños 68 m²,"Apartamento en venta en caribe verde, barranquilla","Apartamento enBarranquilla, Atlantico",,Llamar,,,,,,,,,,,,,,"Edificio Caribe Plaza en la Urbanizacion Caribe Verde, excelentes zonas comunes.",[],10.9579272,-74.8453628,2026-08-02
"Apartamento en Venta en San vicente, Barranquilla",https://www.fincaraiz.com.co/apartamento-en-venta-en-san-vicente-barranquilla/193982765,193982765,https://cdn4.fincaraiz.com.co/repo/img/th.outside384x275.6a54159762a6b_infocdn__uj6cp3vzybqpijfuumsza95hvicn4pndnicf2ltbjpg.jpg,[],$ 275.000.000,1 Hab 2 Baños 53 m²,"Apartamento en venta en san vicente, barranquilla","Apartamento enBarranquilla, Atlantico",,Llamar,,,,,,,,,,,,,,"Hermoso apartamento amoblado de 53m2 en exlusivo sector de Barranquilla, cuenta con 1 habitación amplia, sala, amplio balcón, comedor, cocina independiente y 2 baños. Piso en porcelanato. Además, cuenta con 2 estacionamientos y se encuentra ubicado a 1 cuadra del C.C. Viva 51 y a 3 calles de la Terminal de Transportes del Norte.El Apto está completamente amoblado (apto para inversionistas), incluye línea blanca y 2 aires acondicionados.  Edificio con vigilancia 24 horas.",[],11.005610428793,-74.821722450926,2026-08-02
Lote en Venta en Barranquilla,https://www.fincaraiz.com.co/lote-en-venta-en-barranquilla/193981755,193981755,https://cdn4.fincaraiz.com.co/repo/img/th.outside384x275.6a52ee5c3e8c4_infocdn__zksv1seammh2skyey0mtz9yluiszzxakrhiofmjzpng.png,[],$ 135.000.000,300 m²,Lote en venta en barranquilla,"Lote enBarranquilla, Atlantico",,Llamar,,,,,,,,,,,,,,"Lote en venta de 300 m² en Altos de la Riviera – Lote 18Venta directa por propietario. Excelente oportunidad para invertir o construir la casa de tus sueños en un entorno natural, tranquilo y con gran proyección de valorización. Ubicado en Km 21 vía al mar, sector Bajo Ostión, Tubará, a solo 15 minutos de Barranquilla y aproximadamente 7 minutos de la playa.El lote se encuentra dentro de un proyecto campestre con gran atractivo para vivienda y descanso, rodeado de naturaleza y con proyección de zonas sociales y áreas comunes. Ideal para quienes buscan privacidad, buen clima y una ubicación estratégica cerca de la ciudad y del mar.Características principales:Área: 300 m²Lote: N.° 18Precio de venta: $135.000.000Venta directa por propietarioZona de alta valorizaciónCerca de Barranquilla y de la playaProyecto en desarrollo",[],10.9566783,-74.9763508,2026-08-02
"Casa en  Venta en Altos de riomar, Barranquilla",https://www.fincaraiz.com.co/casa-en-venta-en-altos-de-riomar-barranquilla/191094991,191094991,https://cdn4.fincaraiz.com.co/repo/img/th.outside384x275.686493114820c_infocdn__lxfh8gqopdg4fsvbbgsspbhevovroysg4zqvrnj2jpg.jpg,[],$ 450.000.000,3 Habs. 3 Baños 130 m²,"Casa en  venta en altos de riomar, barranquilla","Casa enBarranquilla, Atlantico",,Llamar,,,,,,,,,,,,,,"Valor es para venta directa.Casa de dos pisos en el conjunto residencial Mira Rio, (13 casas), Altos de Riomar; fresca e iluminada. En primer piso, sala comedor, sala auxiliar, baño social, estudio (ó habitación adicional), cocina, zona de labores y patio (que tiene acceso por la carrera y en el que puede parquear 2  vehículos).En el segundo piso, 3 habitaciones, 2 baños, (la alcoba principal cuenta baño privado y con balcón).Estrato 4Administración $330.000",[],11.0176639,-74.8159639,2026-08-02
Apartamento en Venta en Barranquilla,https://www.fincaraiz.com.co/apartamento-en-venta-en-barranquilla/193507557,193507557,https://cdn4.fincaraiz.com.co/repo/img/th.outside384x275.69b43ca626118_infocdn__asmlr6ku1g82tnfgb0wxwiispqwk1uwbmkwyvykijpg.jpg,[],$ 320.000.000,2 Habs. 2 Baños 56 m²,Apartamento en venta en barranquilla,"Apartamento enBarranquilla, Atlantico",,Llamar,,,,,,,,,,,,,,"Descripción del Apartamento – BarranquillaMirador De la CienagaCalle 1E #21-89, Torre 1-803Ciudad Mallorquín, Barranquilla, Atlántico, Colombiapiso 8, vista al Parque.Hermoso apartamento ubicado en Barranquilla, ideal tanto para vivir como para inversión. La propiedad cuenta con espacios cómodos, bien distribuidos y con excelente iluminación natural.El apartamento ofrece un ambiente moderno y funcional, con sala y comedor integrados que crean un espacio agradable para compartir. La cocina es práctica y bien equipada, perfecta para el día a día.Cuenta con habitaciones confortables y baños en buen estado, diseñados para brindar comodidad y privacidad. La distribución del apartamento permite aprovechar muy bien cada espacio.Su ubicación es una de sus grandes ventajas, ya que se encuentra cerca de restaurantes, supermercados, centros comerciales y principales vías de acceso, lo que facilita la movilidad dentro de la ciudad.Esta propiedad también representa una excelente oportunidad de inversión, ya que Barranquilla es una ciudad en crecimiento y con alta demanda de alquileres a corto y largo plazo.Ideal para quienes buscan comodidad, buena ubicación y potencial de valorización.",[],11.0230456,-74.8457238,2026-08-02
"Casa en Venta en Ciudadela veinte de julio, Barranquilla",https://www.fincaraiz.com.co/casa-en-venta-en-ciudadela-veinte-de-julio-barranquilla/193960468,193960468,https://cdn4.fincaraiz.com.co/repo/img/th.outside384x275.6a4c4413d4ffa_infocdn__ctrexthuaqwtaqmviywrbfe3cgzo5fpjjglv8o30jpg.jpg,[],$ 280.000.000,5 Habs. 2 Baños 117 m²,"Casa en venta en ciudadela veinte de julio, barranquilla","Casa enBarranquilla, Atlantico",,Llamar,,,,,,,,,,,,,,"Vendo Casa de 2 plantas con entradas independientes con medidores y servicios independientes agua, luz y gas.La primera planta tiene 2 habitaciones, sala comedor, cocina, baño, patio y acceso a la terraza. La segunda planta tiene 3 habitaciones, sala comedor, cocina, baño, patio y acceso a la terraza.Entrada independiente al primer piso segura, fresca, clara y con ventilación en todas las áreas. Ubicada en la Ciudadela 20 de julio. Casa al día en Servicios y Catastro.",[],10.9269387,-74.807679,2026-08-02
"Apartamento en Venta en Conjunto residencial piamonte, Barranquilla",https://www.fincaraiz.com.co/apartamento-en-venta-en-conjunto-residencial-piamonte-barranquilla/193955042,193955042,https://cdn4.fincaraiz.com.co/repo/img/th.outside384x275.6a4a6a3e264c7_infocdn__932kbwv8nuppvckwndvwtrr6am0czu4cqlwlqof0jpg.jpg,[],$ 550.000.000,3 Habs. 2 Baños 102.16 m²,"Apartamento en venta en conjunto residencial piamonte, barranquilla","Apartamento enBarranquilla, Atlantico",,Llamar,,,,,,,,,,,,,,"✨ Se vende  apartamento Conjunto Piamonte - Miramar  Piso 11 Lado Sombra✨Valor $ ***Hermoso apartamento con acabados modernos, excelente iluminación y amplios espacios.Cuenta con:• 3 habitaciones con Claset• Habitación principal con walking closet y baño privado• Aires acondicionados en las 3 habitaciones y 1 en sala.• 1 Habitación de servicio con baño incluido.• Sala – comedor• Estudio y sala con modernos muebles empotrados.• Cortinas y blackout en sala, las 3 habitaciones, estudio y el cuarto de servicio.• Calentador de agua.• Lacena• Mueble para ropa en cuarto de Servicio.• 2 Parqueadero privado.El conjunto ofrece excelentes zonas sociales:- Piscinas- Cancha de fútbol- Teatrino- Baño turco y sauna-  Parque infantil- Más información por interno o al WhatsApp ***.",[],11.0082671,-74.8366145,2026-08-02
"Apartamento en Venta en Betania, Barranquilla",https://www.fincaraiz.com.co/apartamento-en-venta-en-betania-barranquilla/193953766,193953766,https://cdn4.fincaraiz.com.co/repo/img/th.outside384x275.6a493688554d5_infocdn__4pgvsotvyz4p79x5xbq0unzt8grg8x6qsl9e88n9jpg.jpg,[],$ 309.900.000,3 Habs. 2 Baños 78.18 m²,"Apartamento en venta en betania, barranquilla","Apartamento enBarranquilla, Atlantico",,Llamar,,,,,,,,,,,,,,"Apartamento de 78 mts ubicado en el barrio Betania, en el conjunto Torres de San José, cerca al Centro Comercial Único. Cuenta con cocina abierta, excelente iluminación exterior y una ubicación privilegiada. Ubicado en torre esquinera, y vista exterior. El conjunto ofrece amplias zonas sociales, piscina para adultos y niños, zonas verdes, gimnasio, salón social y vigilancia privada. El apartamento dispone de dos alcobas, sala de televisión con opción de convertirse en tercera habitación, estudio, zona de lavandería y parqueadero independiente. 10 años de construido.",[],10.9910848,-74.8120963,2026-08-02
Apartamento en Venta en Barranquilla,https://www.fincaraiz.com.co/apartamento-en-venta-en-barranquilla/193928129,193928129,https://cdn4.fincaraiz.com.co/repo/img/th.outside384x275.6a5e48521e274_infocdn__ekzda5dwyecbrd3e8jgjfdlfe5sk7ptlagwgvzkapng.png,[],$ 780.000.000,2 Habs. 3 Baños 78 m²,Apartamento en venta en barranquilla,"Apartamento enBarranquilla, Atlantico",,Llamar,,,,,,,,,,,,,,"Despierta cada día con una espectacular vista al mar Caribe.Estrena este exclusivo apartamento frente al mar, ubicado en Punta Marina – Torre Sirena, en primera línea de playa. El acceso al proyecto Punta Marina es sobre el corredor turístico entre Barranquilla y Cartagena.Disfruta de un estilo de vida tipo resort con completas zonas comunes: clubhouse de playa, restaurante, piscinas para adultos y niños, gimnasio, bar, spa, cinema, terrazas, mini-market, coworking, senderos y espacios para el descanso y la recreación.Su ubicación privilegiada te permite vivir o vacacionar a solo 35 minutos de Barranquilla y 45 minutos de Cartagena, con fácil acceso a las principales vías y a pocos minutos de zonas ideales para practicar deportes náuticos.Entrega inmediata en septiembre de 2026. Apartamento completamente nuevo y listo para estrenar.El apartamento ofrece una excelente distribución:* 2 habitaciones, cada una con baño privado y walk-in closet.* Moderna cocina abierta integrada con la zona social.* Baño social.* Amplio balcón de 8,4 m² con espectacular vista al mar, ideal para disfrutar de un comedor exterior o una sala de descanso.* Aire acondicionado instalado en los espacios.* Parqueadero privado cubierto.* Depósito de gran tamaño.Una oportunidad única para disfrutar del mar todos los días o realizar una excelente inversión en una de las zonas de mayor proyección del Caribe colombiano.Para mayor información contactar al ***",[],10.8578751,-75.1246043,2026-08-02
"Apartamento en Venta en Miramar, Barranquilla",https://www.fincaraiz.com.co/apartamento-en-venta-en-miramar-barranquilla/193722735,193722735,https://cdn4.fincaraiz.com.co/repo/img/th.outside384x275.69fdd0f695a86_infocdn__wxwrvxaifcbwfrvf9dasoeghl0clei8em029afa0jpg.jpg,[],$ 330.000.000,3 Habs. 2 Baños 66.8 m²,"Apartamento en venta en miramar, barranquilla","Apartamento enBarranquilla, Atlantico",,Llamar,,,,,,,,,,,,,,"Apartamento en venta en Miramar, una excelente opción para quienes buscan comodidad, tranquilidad y una ubicación estratégica en Barranquilla. Este acogedor apartamento se encuentra en el piso 7 de un moderno edificio residencial de 11 niveles, con vigilancia privada las 24 horas y completas zonas sociales que incluyen piscina, gimnasio, salón comunal y zona BBQ.Cuenta con un área total de 67 m² y 58 m² de área construida, distribuidos de manera práctica y funcional en 3 habitaciones, 2 baños, balcón, sala-comedor, cocina integral, zona de labores y parqueadero asignado.El inmueble se destaca por sus modernos acabados, excelente iluminación natural y ambientes cómodos y acogedores, ideales para compartir en familia. Cada espacio fue pensado para brindar confort y funcionalidad en el día a día.Ubicado en una zona residencial tranquila y de alta valorización, con fácil acceso a vías principales y transporte público. Muy cerca podrá encontrar supermercados, colegios, gimnasios y Centros Comerciales, teniendo todo lo que necesita a pocos minutos de casa.Una oportunidad ideal para vivir o invertir en uno de los sectores con mayor crecimiento y valorización de la ciudad.",[],11.005141623691,-74.837681965607,2026-08-02
Apartamento en Venta en Barranquilla,https://www.fincaraiz.com.co/apartamento-en-venta-en-barranquilla/193911451,193911451,https://cdn4.fincaraiz.com.co/repo/img/th.outside384x275.6a3beb9486784_infocdn__rtqkjcuqurpx84ajkily12ctbv5u3rpixnszdldfjpg.jpg,[],$ 1.200.000.000,3 Habs. 3 Baños 95.5 m²,Apartamento en venta en barranquilla,"Apartamento enBarranquilla, Atlantico",,Llamar,,,,,,,,,,,,,,"CESIÓN DE DERECHOS — VIVE RÍO | PISO 32 | VISTA AL RÍO MAGDALENAProyecto nuevo, piso privilegiado, vista inigualable. Vendo mis derechos sobre apartamento 3212 en Vive Río, el ícono residencial del Gran Malecón de Barranquilla.El negocio: cesión de derechos sobre encargo fiduciario con Credicorp Capital Fiduciaria. Proceso legal, transparente y respaldado por el fideicomiso del proyecto.Área: 95.5 m²Alcobas: 3 + master suite con walk-in closetBaños: 2.5Estudio propioBalcón con vista al ríoParqueadero propioPiso: 32 (módulo A)Amenidades: Piscina, gimnasio, lobby, salón de reuniones piso 34, planta eléctrica, 4 ascensores.El proyecto está agotado en preventa. Esta cesión es la única forma de comprar en Vive Río hoy.Negociable. | WhatsApp disponible  ***",[],11.023162851205,-74.798951820141,2026-08-02
"Apartamento en Venta en Altos del prado, Barranquilla",https://www.fincaraiz.com.co/apartamento-en-venta-en-altos-del-prado-barranquilla/193834234,193834234,https://cdn4.fincaraiz.com.co/repo/img/th.outside384x275.6a2032d41e38e_infocdn__nbbwix8vp3khz9ebi9aphnrygsp8qffwxwugcl30jpg.jpg,[],$ 1.120.000.000,3 Habs. 4 Baños 200 m²,"Apartamento en venta en altos del prado, barranquilla","Apartamento enBarranquilla, Atlantico",,Llamar,,,,,,,,,,,,,,"Vivir en el cielo de BarranquillaHay apartamentos que se compran. Y hay apartamentos que se sienten antes de habitarlos. Este es de los segundos.Imagínate despertar y que lo primero que veas sea el río Magdalena tendido en el horizonte, ancho, paciente, eterno. Desde aquí lo tienes todos los días, sin pedirle permiso a nadie. Y cuando cae la tarde, el cielo de Barranquilla se enciende en naranjas, violetas y rosas que ninguna foto logra capturar del todo. Los atardeceres desde esta terraza son de esos que te obligan a detenerte, a soltar el celular, a respirar hondo.De noche, el espectáculo cambia. La gran rueda gira lenta sobre el Malecón, y las luces de la ciudad se extienden como un mantel de estrellas a tus pies. Y arriba, la luna. Esa luna del Caribe que entra por las ventanas y se asoma a la terraza como si viniera de visita.Frescura todo el año. Estar en lo alto tiene su recompensa: la brisa del río no se detiene. Esa misma brisa que en Barranquilla es un regalo de Dios, aquí entra sin permiso, recorre los espacios y refresca cada rincón. No es metáfora: es altura, es orientación, es privilegio.Frente al Parque Golf, estrato 4. Un sector consolidado, tranquilo, con la ventaja de tener el pulmón verde del parque golf justo enfrente. Vista despejada garantizada, sin edificios que te tapen el horizonte. Cerca de todo lo que necesitas — colegios, centros comerciales, clínicas, restaurantes — pero lejos del ruido y el caos.Una terraza que es otra casa. Amplia, cubierta, con vista de 180 grados a la ciudad y al río. Aquí caben los almuerzos de domingo en familia, las tardes de café leyendo un libro, las celebraciones con amigos bajo las luces colgantes, los cumpleaños de los niños con trampolín incluido. Y para los que miran al futuro: la terraza tiene el espacio y la orientación ideales para instalar paneles solares. Imagínate generar tu propia energía, blindarte de las alzas en la factura, y aportar al planeta desde tu propia casa. Pocas terrazas en Barranquilla tienen ese potencial.Distribución pensada para vivir bien. Habitación principal con baño propio, vestier amplio y vista privilegiada. Habitaciones secundarias amplias, con closets empotrados y decoración cálida. Baños sociales y de servicio impecables. Cocina integral con isla, electrodomésticos de gama alta (estufa a gas, horno empotrado), zona de bar y vinoteca para los que disfrutan recibir. Sala-comedor amplio, con doble altura en algunos espacios y escalera de diseño que conecta los niveles. Estudio independiente para trabajar desde casa con tranquilidad.Exclusividad real, no de folleto. Este es un edificio pequeño, con pocos propietarios. Y eso, créeme, lo cambia todo. Decisiones de administración rápidas, gastos compartidos racionales, vecinos que se conocen, ambiente familiar, menos tráfico de personas, más privacidad. La diferencia entre vivir en un hormiguero y vivir en una comunidad.Detalles que enamoran. Pisos en porcelanato, carpintería en madera natural, ventilación cruzada en todos los ambientes, ventanales con mallas de seguridad, acabados de primera que se mantienen como el primer día.Este no es un apartamento más en una lista de Finca Raíz. Es una forma de vivir. Es despertar con el río, almorzar con la brisa, atardecer con la rueda de Barranquilla a lo lejos, y dormirSi esta interesado escriba al Whatsapp ***",[],11.0093622,-74.8090391,2026-08-02
"Apartaestudio en Venta en Andalucia, Barranquilla",https://www.fincaraiz.com.co/apartaestudio-en-venta-en-andalucia-barranquilla/193739892,193739892,https://cdn4.fincaraiz.com.co/repo/img/th.outside384x275.6a03691c7c294_infocdn__cw0wxmg5ocwy8icryozzmnazgnpd7jtsypxufhb4jpg.jpg,[],$ 209.000.000,1 Hab 1 Baño 36 m²,"Apartaestudio en venta en andalucia, barranquilla","Apartaestudio enBarranquilla, Atlantico",,Llamar,,,,,,,,,,,,,,"Vendo espectacular LOFT AMOBLADO, listo para rentas o vivienda. un ambiente con habitación sala, escritorio, cocina dotada, baño. un parqueadero en sótano. El edificio cuenta con zona de lavandería. En frente del parque de la electrificadora.",[],11.0146514,-74.8139627,2026-08-02
"Apartamento en Venta en Andalucia, Barranquilla",https://www.fincaraiz.com.co/apartamento-en-venta-en-andalucia-barranquilla/193686475,193686475,https://cdn4.fincaraiz.com.co/repo/img/th.outside384x275.69f1214dda7f3_infocdn__pwcqffy2uzuq6rfbfcafwdgjfixq9jl3xw1dkthmjpg.jpg,[],$ 285.000.000,3 Habs. 2 Baños 86 m²,"Apartamento en venta en andalucia, barranquilla","Apartamento enBarranquilla, Atlantico",,Llamar,,,,,,,,,,,,,,"Ubicación inmejorable, en exclusivo sector residencial y seguro, cerca de colegios, centros comerciales y parques. El apartamento cuenta con dos amplias habitaciones principales y una tercera habitación de servicio de generosas dimensiones, ideal para adaptarse como estudio, oficina en casa o habitación adicional. Dispone de parqueadero propio, seguridad y todas las comodidades necesarias para quienes buscan bienestar, comodidad y calidad de vida.",[],11.0153769,-74.8157697,2026-08-02
"Casa en Venta en Paraiso, Barranquilla",https://www.fincaraiz.com.co/casa-en-venta-en-paraiso-barranquilla/193852694,193852694,https://cdn4.fincaraiz.com.co/repo/img/th.outside384x275.6a272fe0acd89_infocdn__umyiztyjwoacvnmfmtnigfcgbvxuhacmrkcxzaqcjpg.jpg,[],$ 980.000.000,5 Habs. 5 Baños 600 m²,"Casa en venta en paraiso, barranquilla","Casa enBarranquilla, Atlantico",,Llamar,,,,,,,,,,,,,,"Se vende hermosa casa ubicada en la ciudad de Barranquilla, barrio Paraiso / Riomar. Esta propiedad cuenta con una cómoda área construida de 520 metros cuadrados Su diseño moderno y acabados de alta calidad la convierten en una opción ideal para aquellos que buscan un hogar elegante y funcional. La casa cuenta con 4 amplias alcobas, ideales para una familia numerosa o para recibir invitados. Además, dispone de 4 baños completos, lo que garantiza la comodidad y privacidad de cada uno de los integrantes del hogar. También cuenta con un garaje externo, brindando seguridad y comodidad al momento de estacionar su vehículo. En cuanto a sus características internas, la propiedad está equipada, cuenta con un baño auxiliar, una biblioteca o estudio, un moderno sistema de calentador y una cocina de estilo americano que incluye una zona de lavandería, patio grande con zona de asado y terraza para compartir, el segundo piso es un lienzo en blanco para incluso terminar o invertir (arriba hay unos espacios definido como una sala de cine, oficina, amplia sala para gimnasio, cuarto de huesped y un bano).",[],11.0132449,-74.8075593,2026-08-02
"Apartamento en Venta en Chiquinquira, Barranquilla",https://www.fincaraiz.com.co/apartamento-en-venta-en-chiquinquira-barranquilla/193838764,193838764,https://cdn4.fincaraiz.com.co/repo/img/th.outside384x275.6a217d464f838_infocdn__n03wg3izyugteovob5rl2ky8sawo1coyx8j0sgrljpg.jpg,[],$ 450.000.000,2 Habs. 3 Baños 128.66 m²,"Apartamento en venta en chiquinquira, barranquilla","Apartamento enBarranquilla, Atlantico",,Llamar,,,,,,,,,,,,,,"?️ APARTAMENTO DE LUJO | PARA ESTRENAR | VISTA AL RÍO MAGDALENAResidencial Puerto Castilla – Calle 47 No. 34-79, Barranquilla | Piso 14Precio: $450.000.000Vive con elegancia desde el primer día en este espacio de lujo completamente equipado y listo para habitar, con impresionante vista panorámica al Río Magdalena, el Malecón y la Ventana al Mundo.Sala – Comedor – CocinaEspacios abiertos e integrados con pisos en porcelanato blanco e iluminación tipo recessed lights. Cocina integral con isla central en mármol, campana extractora, electrodomésticos en acero inoxidable, nevera dos puertas, horno a gas, microondas y grifería de alta gama. Barra con sillas altas perfecta para compartir en familia.Habitación PrincipalAmplia y luminosa, aire acondicionado instalado. Baño privado con ducha tipo lluvia, división en vidrio, revestimiento en mármol blanco, lavamanos vessel y mueble flotante con grifería de alta gama.Habitación AuxiliarAmplia y luminosa, aire acondicionado instalado. Acceso a baño con ducha en vidrio y acabados en mármol.Baño SocialDiseño boutique con espejo redondo retroiluminado, panel decorativo en listones de madera, lavamanos vessel dorado y mueble flotante de alta gama.Zonas Comunes✔ Piscina✔ Gimnasio completo equipado✔ Parque infantil✔ Zona verde con gazebo y área social✔ Portería con vigilancia 24 horasSolo llega y disfruta. Ideal para vivir o como excelente inversión.",[],10.977205909426,-74.789131173425,2026-08-02
"Apartamento en Venta en Altos del limon, Barranquilla",https://www.fincaraiz.com.co/apartamento-en-venta-en-altos-del-limon-barranquilla/193815979,193815979,https://cdn4.fincaraiz.com.co/repo/img/th.outside384x275.6a19ddbf73c53_infocdn__6wfmghiuxsvuf7vdzet8bm3yp67bx4b4iy1x9tjwjpg.jpg,[],$ 1.680.000.000,3 Habs. 4 Baños 240 m²,"Apartamento en venta en altos del limon, barranquilla","Apartamento enBarranquilla, Atlantico",,Llamar,,,,,,,,,,,,,,"EXCELENTE PENTHOUSE DUPLEX CON HERMOSA VISTA 360°, CERCA AL CENTRO COMERCIAL BUENAVISTA 1 Y 2, MALL PLAZA, PLAZA DEL PARQUE, HOTEL DANN CARLTON, IGLESIA ESPIRITU SANTO.",[],11.0151932,-74.8243658,2026-08-02
"Apartamento en Venta en Buenavista, Barranquilla",https://www.fincaraiz.com.co/apartamento-en-venta-en-buenavista-barranquilla/193371340,193371340,https://cdn4.fincaraiz.com.co/repo/img/th.outside384x275.698799822a90e_infocdn__5rhr654vpz7tzd6ytrnh8fghtisssucfbhjrkgowjpg.jpg,[],$ 495.000.000,3 Habs. 2 Baños 85.36 m²,"Apartamento en venta en buenavista, barranquilla","Apartamento enBarranquilla, Atlantico",,Llamar,,,,,,,,,,,,,,"Si buscas el equilibrio perfecto entre una inversión inteligente y un hogar de lujo en el sector de mayor valorización de Barranquilla, este apartamento es para ti.EL INMUEBLE: DISEÑO Y EFICIENCIA Ubicado en el piso 4 de una torre de solo 8 niveles, este apartamento de 85.36 m² (construidos) y 76.71 m² (privados) ofrece una distribución pensada para la comodidad. Sus espacios se destacan por una iluminación natural excepcional.UBICACIÓN Y VALORIZACIÓN: ""EL EFECTO PARQUE LINEAL"" Este es el corazón de la inversión. El inmueble se encuentra en una zona con un historial de valorización real del 10.6% anual. Su valor se disparará con hitos de infraestructura inminentes:Parque Lineal al Frente: La construcción de un pulmón verde justo frente al edificio que garantiza aire puro, vistas protegidas y un entorno recreativo de lujo.Conexión Peatonal con Buenavista: El parque servirá como eje de conexión directa con el Centro Comercial Buenavista, permitiendo acceso a la mejor zona comercial y de servicios de la ciudad caminando, eliminando la dependencia del vehículo y aumentando drásticamente la demanda de rentas cortas (Airbnb).Conveniencia 24/7 y Servicios: Acceso inmediato al Centro Comercial Villa Carolina y un Oxxo abierto las 24 horas, asegurando que todas las necesidades básicas y de servicio estén cubiertas a pie, sin depender del vehículo.EL PROYECTO: ESTILO CLUB HOUSE Vivir en Missoni es acceder a un ecosistema de bienestar. El edificio cuenta con:Piscina de diseño para disfrutar el clima local.Gimnasio dotado con tecnología de punta.Zonas verdes y salón social para tus mejores eventos.Seguridad 24/7 y edificio de parqueaderos independiente.Terraza de YogaCoworking con Estación de CaféZona BBQBici-parqueaderosLobby de Doble AlturaLA INVERSIÓN: POR QUÉ ESTA ES LA MEJOR OPCIÓN DEL MERCADO Bajo una lógica de rentabilidad, este activo es superior por dos razones:Apto para Airbnb: Su ubicación estratégica cerca de centros comerciales y clínicas lo hace ideal para rentas cortas de alto flujo.Baja Densidad: Torres de pocos pisos que aseguran que el valor de tu propiedad se mantenga en el tiempo.UBICACIÓN En el corazón del desarrollo del norte de Barranquilla, con conectividad total pero rodeado de la tranquilidad que buscas.",[],11.0230745,-74.8215364,2026-08-02
"Apartamento en Venta en Miramar, Barranquilla",https://www.fincaraiz.com.co/apartamento-en-venta-en-miramar-barranquilla/193310306,193310306,https://cdn4.fincaraiz.com.co/repo/img/th.outside384x275.6972e926d9f76_infocdn__fvm7jjcwbc0pkaacotmzsffxftvgepbjg3hi0dirjpg.jpg,[],$ 270.000.000,3 Habs. 2 Baños 88 m²,"Apartamento en venta en miramar, barranquilla","Apartamento enBarranquilla, Atlantico",,Llamar,,,,,,,,,,,,,,"Descubre la comodidad de vivir en uno de los sectores más tranquilos y residenciales de Barranquilla. Este encantador apartamento de 88 m² en Miramar destaca por su excelente distribución y una iluminación natural que resalta cada rincón.Al entrar, te recibe una acogedora zona de sala-comedor que conecta con una cocina funcional. El apartamento cuenta con:3 Habitaciones: Espaciosas, perfectas para el descanso familiar o para adaptar un estudio/oficina.2 Baños: Con acabados modernos (uno de ellos con un llamativo diseño en tonos rojos que aporta personalidad).Zona de labores: Independiente y ventilada.1 Parqueadero: Privado para tu total tranquilidad.Ubicado en un sector estratégico, cerca de centros comerciales, parques y con la mejor brisa de la ciudad. ¡Es el lugar ideal para ver crecer a tu familia!El apartamento se encuentra en óptimas condiciones, cuenta con acabados de calidad, pisos en cerámica clara que aportan amplitud y clósets empotrados de gran capacidad. La zona social es amplia y fresca gracias a su ubicación privilegiada en el sector de Miramar. Ideal para inversión o vivienda propia.",[],11.0033601,-74.835281,2026-08-02
"Apartamento en Venta en Altos del prado, Barranquilla",https://www.fincaraiz.com.co/apartamento-en-venta-en-altos-del-prado-barranquilla/193730006,193730006,https://cdn4.fincaraiz.com.co/repo/img/th.outside384x275.6a4e047eb2a59_infocdn__evm7owmkyp17conf9t3tieglxf2elk7bujwpjgp0jpg.jpg,[],$ 390.000.000,1 Hab 1 Baño 42 m²,"Apartamento en venta en altos del prado, barranquilla","Apartamento enBarranquilla, Atlantico",,Llamar,,,,,,,,,,,,,,"APARTAMENTO PREMIUM EN PREMIUM TOWER – INVERSIÓN, CONFORT Y ESTILO EN EL NORTE DE BARRANQUILLAUbicado en el exclusivo edificio Premium Tower, este moderno apartaestudio de 42 m² en piso 11 combina diseño contemporáneo, excelente ubicación y alto potencial de valorización en una de las zonas con mayor crecimiento de Barranquilla.✨ Espacio inteligente y moderno:Sala y habitación integradas en un ambiente tipo loft1 baño modernoCocina abiertaExcelente iluminación naturalVista privilegiada desde piso altoIdeal para vivir, invertir o rentar por Airbnb?️ El edificio ofrece amenidades tipo hotel:Espectacular piscinaGimnasio completamente dotadoLobby modernoVigilancia y recepción 24/7Ascensores de última tecnologíaAmbiente tranquilo, elegante y seguro?Ubicación estratégica:Situado en el norte de Barranquilla, en el sector El Gold, cerca de centros comerciales, restaurantes, clínicas, supermercados y zonas corporativas. Excelente conexión con los principales puntos de la ciudad y gran atractivo para turismo ejecutivo y vacacional. Barranquilla continúa consolidándose como una de las ciudades con mayor proyección inmobiliaria del país, impulsada por su crecimiento urbano, empresarial y turístico.? Excelente oportunidad de inversión:El edificio tiene gran potencial para renta corta por plataformas como Airbnb, gracias a su ubicación, amenidades y formato moderno tipo apartasuite, muy buscado por viajeros, ejecutivos y turistas. En Barranquilla, los apartamentos con piscina, gimnasio y estilo loft tienen alta demanda en plataformas de hospedaje.? Vivir aquí es disfrutar un estilo de vida moderno, cómodo y práctico, con espacios pensados para quienes buscan calidad de vida y una inversión con futuro.Ideal para:✔️ Inversionistas✔️ Airbnb✔️ Ejecutivos✔️ Parejas✔️ Personas que buscan independencia y exclusividad",[],11.0080831,-74.8121288,2026-08-02
"Lote en venta en Villanueva, Barranquilla",https://www.fincaraiz.com.co/lote-en-venta-en-villanueva-barranquilla/10090560,10090560,https://d3s5pkt10pk3ga.cloudfront.net/resizedImages/384x275/site/fincaraiz_service/media/listing/1397b191-a5e1-4cb7-9698-a9f6b1b3f88c/photos/1397b191-a5e1-4cb7-9698-a9f6b1b3f88c_1_True_288413cc-4733-4add-a799-a8b949db2b51.png,[],$ 1.028.000.000,1714 m²,"Lote en venta en villanueva, barranquilla","Lote enBarranquilla, Atlantico",,Llamar,,,,,,,,,,,,,,"OPORTUNIDAD. LOTE ubicado en esquina, via principal y pavimentada area 1.714 M2  ideal para bodegas , parqueadero, e industria ,  zona industrail , corredor portuario",[],10.98033812014,-74.765674993833,2026-08-02
Finca en Venta en Barranquilla,https://www.fincaraiz.com.co/finca-en-venta-en-barranquilla/193727467,193727467,https://cdn4.fincaraiz.com.co/repo/img/th.outside384x275.69fe95e0c027d_infocdn__qn5o1dct1mvl26o1uv1f9rxalbmy0envrct2mwhbjpg.jpg,[],$ 2.700.000.000,4 Habs. 6 Baños 58000 m²,Finca en venta en barranquilla,"Finca enBarranquilla, Atlantico",,Llamar,,,,,,,,,,,,,,"FINCA: extraordinaria  .  sobre via principal la cordialidad para usos multiples punto estrategico por estar en  esquina de 2 importantes vias ,  para estaciones de gasolina , restaurantes y demas  casa de lujo con todas las comodidades  zonas verdes jardines piscina variedad de arboles frutales productivos , pasto de corte y potreros para ganado , establo para ganado  y casa para mayordomo  todo nuevolista para disfrurar ..",[],10.788829621053,-74.903228915916,2026-08-02
"Apartamento en Venta en Paraiso, Barranquilla",https://www.fincaraiz.com.co/apartamento-en-venta-en-paraiso-barranquilla/193716614,193716614,https://cdn4.fincaraiz.com.co/repo/img/th.outside384x275.69fbb43d3a74e_infocdn__b0tfpnzmgs2ttmi7isbp548rc9bgzubsrtxit36jjpg.jpg,[],$ 290.000.000,3 Habs. 2 Baños 70.44 m²,"Apartamento en venta en paraiso, barranquilla","Apartamento enBarranquilla, Atlantico",,Llamar,,,,,,,,,,,,,,"Si estás buscando un hogar, este apartamento en el piso 8  es el ideal. Su ubicación privilegiada cerca del Malecón del Río no solo te regala una panorámica espectacular, sino que, al estar situado del lado sombra, disfrutarás de un ambiente fresco y natural gracias a la brisa directa del río que recorre cada rincón. Cuenta con 3 habitaciones, 2 baños y una cocina integral, además de un área de labores generosa, ideal para la logística del día a día. Vivirás en uno de los barrios más tranquilos y seguros, rodeado de colegios, supermercados y con una alta valorización garantizada por las nuevas vías que proyectan el futuro de la zona. Es el equilibrio perfecto entre la paz de un entorno residencial y la conectividad que tu vida moderna necesita.",[],11.0186009,-74.8087239,2026-08-02
Apartamento en Venta en Puerto colombia,https://www.fincaraiz.com.co/apartamento-en-venta-en-puerto-colombia/193959057,193959057,https://cdn4.fincaraiz.com.co/repo/img/th.outside384x275.6a4c0f289a178_infocdn__gr71441420240429080956jpg.jpg,[],$ 470.000.000,3 Habs. 2 Baños 96 m²,Apartamento en venta en puerto colombia,"Apartamento enBarranquilla, Atlantico",,Llamar,,,,,,,,,,,,,,"Este hermoso apartamento se encuentra ubicado en Puerto Colombia, uno de los municipios más atractivos del departamento de Atlántico. Con una extensión de 96 M2 de terreno, esta propiedad cuenta con una construcción de 96 M2 y una zona privada igualmente de 96 M2, distribuidos en amplias y cómodas estancias.La propiedad cuenta con 3 acogedoras alcobas ideales para descansar después de un largo día de trabajo o para recibir a tus invitados. Además, dispone de 2 baños completos, uno de ellos en la habitación principal, lo que garantiza mayor privacidad y comodidad para sus habitantes.Una de las áreas más importantes de cualquier vivienda es la cocina, y este apartamento no se queda atrás. Con una moderna y funcional cocina integral, equipada con barra estilo americano, tendrás todo lo que necesitas para preparar deliciosos platos y compartir momentos especiales con familiares y amigos.Si eres amante de estudiar o trabajar desde casa, este inmueble cuenta con una biblioteca/estudio ideal para tus actividades. Además, dispone de balcón con vista panorámica, perfecto para disfrutar de un café por las mañanas o una copa de vino al atardecer.En cuanto a características externas, este apartamento está ubicado en un acceso pavimentado que te garantiza una fácil movilidad en vehículo o a pie. En el área social del edificio podrás encontrar un gimnasio equipado para mantener tu cuerpo en forma, así como una agradable piscina para refrescarte en los día",[],11.0174313,-74.8572157,2026-08-02
"Apartamento en Venta en Altos del prado, Barranquilla",https://www.fincaraiz.com.co/apartamento-en-venta-en-altos-del-prado-barranquilla/192807971,192807971,https://cdn4.fincaraiz.com.co/repo/img/th.outside384x275.68b20925eea2a_infocdn__8b94a6aa-794f-48f2-a14c-a11b5c7efb01.jpeg,[],$ 1.650.000.000,3 Habs. 5 Baños 360 m²,"Apartamento en venta en altos del prado, barranquilla","Apartamento enBarranquilla, Atlantico",,Llamar,,,,,,,,,,,,,,"Codigo: 219. ¡Viva el Estilo de Vida que Merece! Impresionante Dúplex en Venta.Ubicado en un sector exclusivo, este dúplex ofrece un espacio ideal para vivir y disfrutar. En la primera planta, encontrará un diseño funcional con sala-comedor, sala de TV, estudio y baño social. Dos amplias habitaciones con baño privado, una cocina cerrada y una zona de lavandería completa la distribución, incluyendo la habitación de servicio con baño.La segunda planta es su santuario personal: una habitación principal con espacio para TV, dos baños, dos vestidores, balcón, terraza y un jacuzzi privado para crear momentos inolvidables.El apartamento incluye dos parqueaderos.Además, el edificio cuenta con piscina, salón social y área de juegos infantiles, lo que le permite disfrutar de un estilo de vida completo y relajado¡Contáctenos hoy mismo para agendar una visita!",[],11.00883,-74.81533,2026-08-02
"Apartamento en Venta en Ciudad Mallorquin, Barranquilla",https://www.fincaraiz.com.co/apartamento-en-venta-en-ciudad-mallorquin-barranquilla/193683268,193683268,https://cdn4.fincaraiz.com.co/repo/img/th.outside384x275.69f0c7fd2bb2b_infocdn__pd7vu0xutfc78qajfzozfwh4v0yajnin5wofprajjpg.jpg,[],$ 261.000.000,3 Habs. 2 Baños 56 m²,"Apartamento en venta en ciudad mallorquin, barranquilla","Apartamento enBarranquilla, Atlantico",,Llamar,,,,,,,,,,,,,,"Se vende apartamento ubicado en Ciudad Mallorquín, un sector de gran crecimiento urbanístico y alta proyección de valorización, ideal para quienes buscan vivienda propia o una inversión rentable. El inmueble cuenta con un area de 56 m², distribuido en 2 habitaciones, 2 baños, cocina funcional, espacios bien iluminados y ventilados, con una distribución práctica y cómoda. Se encuentra en piso alto, buena ventilación y excelente vista, en edificio con ascensor y demas amenidades como piscina, salón social, parque infantil, gimnasio, cancha deportiva multiple, etc, estrato 3 y dispone de parqueadero comunal, el edificio cuenta tan solo con 2 años de construido. Precio $261.000.000Es una excelente oportunidad por su ubicación en una zona en constante desarrollo, con alta demanda y potencial de valorización, lo que lo hace ideal tanto para vivir como para generar ingresos por llegar.Contáctanos para recibir más información, validar disponibilidad y agendar tu visita.",[],11.023585,-74.8416071,2026-08-02
"Casa en Venta en Altos de riomar, Barranquilla",https://www.fincaraiz.com.co/casa-en-venta-en-altos-de-riomar-barranquilla/193333728,193333728,https://cdn4.fincaraiz.com.co/repo/img/th.outside384x275.697a78de68acc_infocdn__a3lfopumf1ocu5zhsn98vc6pe70mdj26rtj6vshmjpg.jpg,[],$ 670.000.000,3 Habs. 4 Baños 157 m²,"Casa en venta en altos de riomar, barranquilla","Casa enBarranquilla, Atlantico",,Llamar,,,,,,,,,,,,,,"¡EL LUJO QUE TU FAMILIA MERECE EN RIOMAR! ??¿Buscas una casa que no solo sea amplia, sino verdaderamente exclusiva? Esta joya en Conjunto Cerrado es para ti. Con solo 6 casas en el conjunto, la privacidad y la seguridad están garantizadas. ?️?‍?‍?‍?¿Por qué es la mejor inversión de la zona?✨ Elegancia Eterna: Pisos en MÁRMOL en toda el área social que mantienen la casa fresca y sofisticada. ? Privacidad Total: 3 habitaciones en el segundo piso, ¡CADA UNA con su baño interno! (La principal con un balcón privado de ensueño ?).?‍? Espacios Inteligentes: Primer piso con sala, comedor, baño social y un ESTUDIO PRIVADO para tu oficina en casa.? Cocina de Chef: Cerrada, amplia y con acceso directo al patio social para tus reuniones.? Cero Complicaciones: 2 garajes INDEPENDIENTES (¡No más mover un carro para sacar el otro!).? Servicio Completo: Cuarto de servicio con baño y zona de labores independiente.? Ubicación Prime: Barrio Riomar (Cerca de todo lo que amas). ? Plus: El conjunto cuenta con parque infantil privado.? VALOR: $700.000.000 ? Administración: $800.000¡No dejes que se te adelante nadie! Las casas con acabados en mármol y esta distribución en Riomar vuelan. ??‍♂️? Escríbeme al DM o haz clic en el link de mi biografía viviana.montero.orellano para agendar tu visita hoy mismo.#Riomar #Barranquilla #BienesRaicesBarranquilla #CasasDeLujo #VentaDeCasas #FincaRaiz #InversionInmobiliaria #PisosEnMarmol #VillaAlejandra",[],11.0154503,-74.8207381,2026-08-02
"Apartamento en Venta en El Country, Barranquilla",https://www.fincaraiz.com.co/apartamento-en-venta-en-el-country-barranquilla/194062733,194062733,https://cdn4.fincaraiz.com.co/repo/img/th.outside384x275.6a6e24edcdd33_infocdn__5e64337a-f076-41fd-99e7-5af7c3042406.jpeg,[],$ 600.000.000,3 Habs. 4 Baños 172 m²,"Apartamento en venta en el country, barranquilla","Apartamento enBarranquilla, Atlantico",,Llamar,,,,,,,,,,,,,,"EXCLUSIVO APARTAMENTO CON UNA ESPECTACULAR VISTA PANORÁMICA. Cuenta con tres amplias habitaciones, cada una con baño privado y walking closet, ofreciendo comodidad e independencia para todos los miembros de la familia. Además, dispone de baño social, cuarto y baño de servicio, y una práctica área de labores independiente. Su acogedora zona social integra una espaciosa sala-comedor, cocina cerrada y dos amplios balcones, perfectos para disfrutar de la vista y compartir momentos especiales. La propiedad se complementa con dos parqueaderos privados y depósito, brindando mayor comodidad y funcionalidad para su día a día.***",[],11.0106,-74.8063,2026-08-02
"Oficina en Venta en Altos del prado, Barranquilla",https://www.fincaraiz.com.co/oficina-en-venta-en-altos-del-prado-barranquilla/193938694,193938694,https://cdn4.fincaraiz.com.co/repo/img/th.outside384x275.6a465e82c31f5_infocdn__gr298071520260701080010jpeg.jpeg,[],$ 680.000.000,1 Baño 80 m²,"Oficina en venta en altos del prado, barranquilla","Oficina enBarranquilla, Atlantico",,Llamar,,,,,,,,,,,,,,"INVERSIÓN PREMIUM EN BARRANQUILLAPrecio de venta: ***COP Rentabilidad desde el primer día• Canon de arrendamiento garantizado: ***COP/mes• Ingresos anuales: ***COP• Rentabilidad bruta anual: 13,24 %Una inversión con una rentabilidad muy superior a la media del mercado inmobiliario y con un inquilino asegurado desde el primer día. Ubicación Situada en Alto Prado, Barranquilla, una de las zonas empresariales más consolidadas y cotizadas de la ciudad.La oficina se encuentra en un 4.º piso (sin ascensor) y cuenta con aproximadamente 80 m², distribuidos de forma eficiente para la operación de un call center o cualquier empresa de servicios.Se entrega completamente equipada La oficina se vende con absolutamente todo lo necesario para continuar la actividad:• 22 puestos de trabajo.• 22 ordenadores.• 30 diademas profesionales.• 30 sillas ergonómicas para call center.• Mesa de despacho con 2 sillas presidenciales.• 2 despachos privados.• Sala de juntas.• Amplia sala de trabajo.• Recibidor.• 3 cámaras de seguridad.• 3 equipos de aire acondicionado.Todo el mobiliario y equipamiento incluidos en el precio.Ingresos garantizados desde el primer día La oficina se vende con un inquilino ya establecido. El propio vendedor continuará como arrendatario mediante un contrato de alquiler de 5 años, ofreciendo al nuevo propietario estabilidad y un flujo de caja inmediato.Condiciones del arrendamiento 7.50",[],11.001832632544,-74.814249608126,2026-08-02
"Casa en  Venta en Chiquinquira, Barranquilla",https://www.fincaraiz.com.co/casa-en-venta-en-chiquinquira-barranquilla/191665872,191665872,https://cdn4.fincaraiz.com.co/repo/img/th.outside384x275.6914a134743ac_infocdn__97162-1-95509261jpeg.jpeg,[],$ 250.000.000,4 Habs. 2 Baños 132 m²,"Casa en  venta en chiquinquira, barranquilla","Casa enBarranquilla, Atlantico",,Llamar,,,,,,,,,,,,,,"Se vende casa de 250 M2, cuenta con  3 habitaciones, baño en habitación principal, 2 baños, cocina tradicional, patio,cuarto util. Cerca de super mercado, drogueria, panaderia, tiendas, se encuentra en via principal, facil acceso, transporte publico",[],10.974082818835,-74.785417359853,2026-08-02
Casa en Venta en Barranquilla,https://www.fincaraiz.com.co/casa-en-venta-en-barranquilla/193172411,193172411,https://cdn4.fincaraiz.com.co/repo/img/th.outside384x275.6932ead0bfafc_infocdn__kyermc4xeqndbnvehjok6qdsang72rebtpgmtzxxjpg.jpg,[],$ 920.000.000,5 Habs. 7 Baños 303 m²,Casa en venta en barranquilla,"Casa enBarranquilla, Atlantico",,Llamar,,,,,,,,,,,,,,"CASA DE 1 PISO, CUENTA CON 5 HABITACIONES CON  SU BAÑO, 2 BAÑOS ADICIONALES, ALCOBA DE SERVICIO CON BAÑO, TERRAZA, SALA PRINCIPAL, COMEDOR, ESTUDIO, ÁREA DE LABORES, PATIO, PISO EN MÁRMOL Y GRANITOS, EXCELENTE UBICACIÓN, CERCA A TRASPORTE BERLINAS , TRASPORTE MAR SOL,  A UNOS MINUTOS DEL CENTRO COMERCIAL VIVA Y BUENAVISTA, CERCA A RESTAURANTES, A 5 MINUTOS DE SAO DE LA 93. CERCA A COLEGIOS Y UNIVERSIDADES.",[],11.0075084,-74.8265873,2026-08-02
