Título,URL detalle,id_inmueble,URL imagen,Etiquetas,Precio listado,Tipología listado,Descripción breve,Ubicación listado,Publicante,Acción disponible,Descripción completa,Unidades,Latitud,Longitud,Porcentaje terminado,Porcentaje vendido,Ocupación,Desarrollador,Estado,Parqueaderos,Financiación,Formas de pago,Cuota inicial,Cantidad de pisos,Aplica subsidio,Fecha de Finalización,Estrato,fecha_recoleccion
"Apartamento en Venta en Bavaria, Manizales",https://www.fincaraiz.com.co/apartamento-en-venta-en-bavaria-manizales/193670298,193670298,https://cdn4.fincaraiz.com.co/repo/img/th.outside384x275.6a63c7d19195f_infocdn__gr-copia-de-venta-apartamento-2-a-1776989571-0635-6910jpeg.jpeg,[],$ 240.000.000,3 Habs. 1 Baño 55 m²,"Apartamento en venta en bavaria, manizales","Apartamento enManizales, Caldas",AF Capital Inmobiliario,Llamar,"AF Capital Inmobiliario ofrece para la Venta iluminado apartamento ubicado en tradicional complejo residencial sector Bavaria. Cerca al Hospital De Caldas y a pocas cuadras de la Avenida Paralela. Cuenta con 3 alcobas, 1 baño, sala comedor, cocina semintegral con servicio de gas natural domiciliario, pequeña zona de ropas, calentador a gas, pisos en cerámica. Parqueadero exterior de uso común. Edificio con portería 24 horas, salón social y zonas verdes. Agenda tu cita: ***.",[],5.062624338832,-75.501986432225,,,,,,,,,,,,,,2026-08-02
"Apartamento en Venta en Baja suiza, Manizales",https://www.fincaraiz.com.co/apartamento-en-venta-en-baja-suiza-manizales/193751056,193751056,https://cdn4.fincaraiz.com.co/repo/img/th.outside384x275.6a45a6aada40d_infocdn__wzpbvmjvaudasdo6nnvz3g5szqwvxx5ktzxqro0ajpg.jpg,[],$ 390.000.000,3 Habs. 2 Baños 65 m²,"Apartamento en venta en baja suiza, manizales","Apartamento enManizales, Caldas",Eslava Gestión Inmobiliaria,Llamar,"Presentamos para la venta apartamento en el sector de Bella Suiza, ubicado a 5 minutos la zona rosa de la ciudad, cerca de universidades, centros comerciales y zona empresarial.Apartamento de 3 habitaciones con balcón y parqueadero.Estupendo conjunto con zonas sociales dotadas de piscina, terraza, juegos infantiles, cancha de futbol y salón para gimnasio, entre otros.¡No dejes pasar esta oportunidad, llama ya!",[],5.0591771,-75.4818927,,,,,,,,,,,,,,2026-08-02
"Apartamento en Venta en La francia, Manizales",https://www.fincaraiz.com.co/apartamento-en-venta-en-la-francia-manizales/193330394,193330394,https://cdn4.fincaraiz.com.co/repo/img/th.outside384x275.6a4bcdd776d7f_infocdn__gr-venta-apartamento-2-alcobas-co-1769566997-2434-6585jpeg.jpeg,[],$ 325.000.000,2 Habs. 2 Baños 52 m²,"Apartamento en venta en la francia, manizales","Apartamento enManizales, Caldas",AF Capital Inmobiliario,Llamar,"AF Capital Inmobiliario ofrece para la Venta bello y elegante apartamento con buena iluminación natural y hermosa vista panorámica ubicado en tranquila zona residencial. Cuenta con 2 alcobas con closet (principal con baño privado), baño auxiliar completo, sala comedor con salida a un espacioso balcón, cocina integral con servicio de gas natural domiciliario, zona de ropas, calentador a gas, pisos en cerámica. Parqueadero y depósito. El edificio cuenta con portería 24 horas, ascensor, salón social, zona de juegos infantiles, cancha múltiple. Agenda tu cita: ***.",[],5.0704806525246,-75.53169567559,,,,,,,,,,,,,,2026-08-02
"Apartamento en Venta en El trebol, Manizales",https://www.fincaraiz.com.co/apartamento-en-venta-en-el-trebol-manizales/193808244,193808244,https://cdn4.fincaraiz.com.co/repo/img/th.outside384x275.6a1764da58fc2_infocdn__htnbafehbxomevhtpw5xqwb7lc6vf86n5p6fbizijpg.jpg,[],$ 650.000.000,2 Habs. 2 Baños 79 m²,"Apartamento en venta en el trebol, manizales","Apartamento enManizales, Caldas",Inmobiliaria Lucia Prada,Llamar,"Vendo apartamento en el trébolSe vende confortable apartamento de 79.21m², distribuido en sala comedor, cocina, zona de ropas, balcón, 2 habitaciones y 2 baños. Además, cuenta con parqueadero cubierto y deposito.El conjunto cuenta con vigilancia 24 horas, ascensor, juegos infantiles, cancha de futbol, gimnasio, salón social y jacuzzi.Está ubicado en un sector privilegiado, a pocos minutos del sector el cable, supermercados, restaurantes, bancos, farmacias, con fácil acceso a transporte público.Contáctanos para mayor información: ***",[],5.0441526,-75.4725914,,,,,,,,,,,,,,2026-08-02
"Apartamento en Venta en Avenida Alberto Mendoza, Manizales",https://www.fincaraiz.com.co/apartamento-en-venta-en-avenida-alberto-mendoza-manizales/193968968,193968968,https://cdn4.fincaraiz.com.co/repo/img/th.outside384x275.6a6a390b4089e_infocdn__gr-copia-de-venta-apartamento-2-a-1783546749-4369-3265jpeg.jpeg,[],$ 640.000.000,3 Habs. 2 Baños 89 m²,"Apartamento en venta en avenida alberto mendoza, manizales","Apartamento enManizales, Caldas",AF Capital Inmobiliario,Llamar,"Capital Inmobiliario ofrece para la Venta bello y elegante apartamento con buena iluminación natural ubicado en exclusivo complejo residencial a pocos metros del Bosque Popular El Prado. Cuenta con 3 alcobas con closet (principal con baño privado y salida a un agradable balcón con vista a la avenida, baño auxiliar completo, sala comedor con balcón, cocina integral con servicio de gas natural domiciliario, zona de ropas independiente, calentador a gas, pisos en cerámica y madera flotante. Parqueadero y depósito. Edificio con portería 24 horas, ascensor, salón social, zona de juegos infantiles. Agenda tu cita: ***.",[],5.0366631491087,-75.472969256373,,,,,,,,,,,,,,2026-08-02
"Casa en Venta en San marcel, Manizales",https://www.fincaraiz.com.co/casa-en-venta-en-san-marcel-manizales/194047151,194047151,https://cdn4.fincaraiz.com.co/repo/img/th.outside384x275.6a6974757ed86_infocdn__ehu6mhl19itgd13ztczjctcsjptvqt9emggwrkm6jpg.jpg,[],$ 1.250.000.000,3 Habs. 4 Baños 165 m²,"Casa en venta en san marcel, manizales","Casa enManizales, Caldas",En llave Inmobiliaria,Llamar,"Excelente casa en conjunto residencial en el sector de San Marcel ,, excelente ubicación y facilidad de transporte, tiene cerca supermercados, y zona comercial. cuenta con todas las comodidades de los conjuntos... Consta de  3 habitaciones, incluyendo la principal con estudio,  3 baños (2 completos), cocina integral, sala comedor,cuarto de sevicio y una gran terraza con pérgola perfecta para el entretenimiento al aire libre y parqueadero. El conjunto tiene, cancha deportiva,, parque infantil, portería las 24 horas. Si deseas mas información contáctame ***",[],5.0351258,-75.4713629,,,,,,,,,,,,,,2026-08-02
Casa Campestre en Venta en Chinchiná,https://www.fincaraiz.com.co/casa-campestre-en-venta-en-chinchina/194024166,194024166,https://cdn4.fincaraiz.com.co/repo/img/th.outside384x275.6a622c68ad431_infocdn__4edyh6hyz9dissklzqdx4dvxflgmo1slcycau2qnjpg.jpg,[],$ 1.990.000.000,4 Habs. 5 Baños 1594 m²,Casa campestre en venta en chinchiná,"Casa Campestre enManizales, Caldas",Inmobiliaria Lucia Prada,Llamar,"Casa campestre en venta en la vereda El Rosario, ManizalesUbicada en un condominio cerrado, cerca del Club Campestre de Manizales, esta propiedad ofrece privacidad, tranquilidad y una hermosa vista hacia Palestina.La casa está construida sobre un lote de 1.594 m² y cuenta con 331,73 m² construidos. Dispone de 4 alcobas, cada una con baño privado, estudio, sala y comedor independientes, cocina funcional y espacios amplios y bien distribuidos para disfrutar en familia.En el exterior encontrarás una amplia terraza, piscina, jacuzzi, zonas verdes con árboles frutales, garaje cubierto, bodega y espacio para estacionar entre seis y ocho vehículos. Además, la propiedad cuenta con puerta eléctrica y un área con potencial para construir un apartamento independiente.La vivienda funciona con paneles solares y el condominio ofrece portería y vigilancia permanente, brindando seguridad y comodidad en un entorno natural.Contáctanos y agenda tu visita al ***.",[],5.0272635,-75.5956169,,,,,,,,,,,,,,2026-08-02
"Casa en Venta en El trebol, Manizales",https://www.fincaraiz.com.co/casa-en-venta-en-el-trebol-manizales/193835355,193835355,https://cdn4.fincaraiz.com.co/repo/img/th.outside384x275.6a20a79e8da1e_infocdn__dxg2xfilarr3hse7vglkbfmy5dcaitvnuij2k8rfjpg.jpg,[],$ 2.950.000.000,3 Habs. 4 Baños 360 m²,"Casa en venta en el trebol, manizales","Casa enManizales, Caldas",Inmobiliaria Lucia Prada,Llamar,"Espectacular casa en venta en el sector El Trébol - ManizalesEsta magnífica propiedad, distribuida en tres niveles, ofrece amplitud, diseño y excelente iluminación natural. Con 360 m² construidos sobre un lote de 530 m², brinda el equilibrio ideal entre confort y funcionalidad.Al ingresar, se encuentra una acogedora sala de estar que conecta con una amplia sala independiente con ventanales de piso a techo, la cual se abre a una espectacular zona BBQ cubierta, equipada con pérgola, asador, mesones y área social perfecta para compartir. El comedor independiente tiene acceso directo a una amplia terraza con agradable vista.La cocina integral es moderna y funcional, con isla central, lavavajillas, torre de hornos y excelente iluminación. Cuenta además con zona de ropas y habitación de servicio con baño privado.En los niveles superiores se encuentran  tres habitaciones, todas diseñadas para brindar comodidad, privacidad e independencia. Cada una cuenta con balcón, vestier y baño privado. Además, cuenta con una cómoda zona de estudio o sala de televisión, ideal como espacio complementario para la familia; también dispone de baño social para mayor comodidad de visitantes.La propiedad dispone de  depósito y garaje cubierto con capacidad para cinco vehículos, incluyendo punto de carga eléctrica.Ubicada en un exclusivo conjunto cerrado con vigilancia 24 horas, salón social, juegos infantiles y cancha múltiple, esta casa ofrece un entorno seguro y tranquilo. Su excelente ubicación sobre vía principal permite fácil acceso y cercanía a colegios, universidades, centros comerciales y todos los servicios necesarios para una vida cómoda y práctica.? Contáctanos para más información o agendar tu visita: ***",[],5.0410873,-75.4783766,,,,,,,,,,,,,,2026-08-02
"Apartamento en  Venta en El trebol, Manizales",https://www.fincaraiz.com.co/apartamento-en-venta-en-el-trebol-manizales/191537169,191537169,https://cdn4.fincaraiz.com.co/repo/img/th.outside384x275.6a3aabe80a841_infocdn__gr13854620220520061846jpg.jpg,[],$ 770.000.000,3 Habs. 3 Baños 106 m²,"Apartamento en  venta en el trebol, manizales","Apartamento enManizales, Caldas",Vista Inmobiliaria,Llamar,"Código para WhatsApp: ***Vista Inmobiliaria tiene el gusto de ofrecer en proyecto exclusivos y lujosos apartaestudios, apartamentos y penthouse en venta ubicado en zona privilegiada de la ciudad de Manizales. Tienen un área que van desde los 47.61 Mt2 para los apartaestudios con parqueadero, los apartamentos desde 2 habitaciones con parqueadero incluido con un area desde 88.82 Mt2, apartamentos de 3 habitaciones area desde 113 Mt2 con parqueadero incluido, baños con acabados modernos, espacios amplios e iluminados, balcón y área de ropas. Trae para ti espectaculares zonas sociales como salón social, juegos infantiles, gimnasio para niños y adultos, terraza, increíbles opciones para toda tu familia.Excelente opción para vivir de una manera cómoda y placentera como siempre se ha imaginado, no dude en visitarlo. (los agentes Vista Inmobiliaria siempre dispuestos a brindar la mejor experiencia).",[],5.0402453709535,-75.479335784912,,,,,,,,,,,,,,2026-08-02
"Apartaestudio en Venta en Chipre, Manizales",https://www.fincaraiz.com.co/apartaestudio-en-venta-en-chipre-manizales/193287111,193287111,https://cdn4.fincaraiz.com.co/repo/img/th.outside384x275.697a6642f307d_infocdn__gr-venta-apartaestudio-chipre-man-1768787853-051-4818jpeg.jpeg,[],$ 307.000.000,1 Hab 1 Baño 41 m²,"Apartaestudio en venta en chipre, manizales","Apartaestudio enManizales, Caldas",AF Capital Inmobiliario,Llamar,"AF Capital Inmobiliario ofrece para la Venta bello y confortable apartaestudio de 2 ambientes con elegantes acabados y una excelente ubicación sobre la avenida principal de Chipre y cerca a la zona rosa. Cuenta con 1 alcoba con closet, un baño, sala comedor con salida a un agradable balcón, cocina integral con servicio de gas natural domiciliario, zona de ropas, pisos en cerámica. Parqueadero. Edificio con portería 24 horas, ascensor. Agenda tu cita: ***.",[],5.0698982914838,-75.524223371162,,,,,,,,,,,,,,2026-08-02
"Apartamento en Venta en Ondas del Otún, Manizales",https://www.fincaraiz.com.co/apartamento-en-venta-en-ondas-del-otun-manizales/193619161,193619161,https://cdn4.fincaraiz.com.co/repo/img/th.outside384x275.69dab1c7dd9ef_infocdn__behsgjqovmqcfmwohy3xsulisls9vnwkiqlhjivpjpg.jpg,[],$ 320.000.000,3 Habs. 2 Baños 62 m²,"Apartamento en venta en ondas del otún, manizales","Apartamento enManizales, Caldas",Inmobiliaria Lucia Prada,Llamar,"¡Espectacular apartamento en venta en el sector Ondas de Otún!Cuenta con un área de 62.20 m², distribuidos en 3 habitaciones, la principal con baño privado, además de un baño social completo. Dispone de sala comedor con amplio  balcón, cocina funcional y zona de ropas independiente. Incluye parqueadero privado.El edificio ofrece terraza, salón social y parqueadero para visitantes.Ubicado en un sector con  excelente servicio de transporte público y a tan solo 10 minutos del centro. A su alrededor encontrarás ferreterías, colegios, restaurantes y todo lo que necesitas para tu día a día.¡Contáctanos, será un gusto atenderte! ***",[],5.0638252,-75.504509,,,,,,,,,,,,,,2026-08-02
"Casa en Venta en Villapilar, Manizales",https://www.fincaraiz.com.co/casa-en-venta-en-villapilar-manizales/193476649,193476649,https://cdn4.fincaraiz.com.co/repo/img/th.outside384x275.69aca4a37648e_infocdn__s8u6bfrsc6tdoifgae7ul1n7hzrns0iunuk7c2fkjpg.jpg,[],$ 470.000.000,5 Habs. 3 Baños 130 m²,"Casa en venta en villapilar, manizales","Casa enManizales, Caldas",Inmobiliaria Lucia Prada,Llamar,"Vendo linda y amplia casa en conjunto cerrado, ubicada en el sector de Villa Pilar, en excelentes condiciones, ideal para familias que buscan comodidad y buena ubicación.La propiedad está distribuida en tres niveles y cuenta con 5 confortables habitaciones, 3 baños, moderna cocina integral, zona de ropas amplia y ventilada, y parqueadero exterior privado para un vehículo.El conjunto ofrece excelentes áreas sociales como piscina, salón social, juegos infantiles, parqueadero de visitantes y vigilancia las 24 horas.Sector estratégico por su cercanía al centro de la ciudad, supermercados y con fácil acceso a transporte público.Contáctanos y agenda tu visita ***",[],5.0863351,-75.5269421,,,,,,,,,,,,,,2026-08-02
"Apartamento en Venta en Chipre, Manizales",https://www.fincaraiz.com.co/apartamento-en-venta-en-chipre-manizales/193705823,193705823,https://cdn4.fincaraiz.com.co/repo/img/th.outside384x275.69f8fb9c16a95_infocdn__nlirlooo5y8jb6sqoml90fl4tminqkb49paylllkjpg.jpg,[],$ 360.000.000,2 Habs. 1 Baño 64 m²,"Apartamento en venta en chipre, manizales","Apartamento enManizales, Caldas",Inmobiliaria Lucia Prada,Llamar,"Vendo apartamento en ChipreSe vende cómodo apartamento de 64 m², distribuido en sala comedor, cocina, zona de ropas, 2 habitaciones y 1 baño. Además, cuenta con garaje.Está ubicado en un sector privilegiado, a pocos minutos del centro de la ciudad, supermercados, restaurantes, farmacias, con fácil acceso a transporte público.Contáctanos para mayor información: ***",[],5.0751039,-75.527589,,,,,,,,,,,,,,2026-08-02
"Apartamento en Venta en La castilla, Manizales",https://www.fincaraiz.com.co/apartamento-en-venta-en-la-castilla-manizales/194010127,194010127,https://cdn4.fincaraiz.com.co/repo/img/th.outside384x275.6a62200b3ac18_infocdn__gr-venta-apartamento-2-alcobas-ca-1784562288-424-9149jpeg.jpeg,[],$ 260.000.000,2 Habs. 2 Baños 42 m²,"Apartamento en venta en la castilla, manizales","Apartamento enManizales, Caldas",AF Capital Inmobiliario,Llamar,"Capital Inmobiliario ofrece para la Venta iluminado y cómodo apartamento ubicado sobre la Avenida Kevin Ángel a pocos metros de la Universidad Autónoma. Cuenta con 2 alcobas con closet (principal con baño privado), baño auxiliar completo, sala comedor con salida a un agradable balcón con linda vista panorámica, cocina semintegral con servicio de gas natural domiciliario, zona de ropas, calentador a gas, pisos en cerámica. Parqueadero y depósito. El edificio cuenta con portería diurna, ascensor, salón social. Agenda tú cita: ***.",[],5.0675320617636,-75.504966544859,,,,,,,,,,,,,,2026-08-02
"Apartamento en  Venta en La carolita, Manizales",https://www.fincaraiz.com.co/apartamento-en-venta-en-la-carolita-manizales/192061751,192061751,https://cdn4.fincaraiz.com.co/repo/img/th.outside384x275.67bc9e750b2f9_infocdn__idu2zwznmd6fsai8sb3opabjxfmn2v3pimefhvhljpg.jpg,[],$ 230.000.000,3 Habs. 2 Baños 72 m²,"Apartamento en  venta en la carolita, manizales","Apartamento enManizales, Caldas",LUGAR PARA TI INMOBILIARIA,Llamar,"Se vende apartamento en Conjunto cerrado Altos de Granada, Manizales. Consta de: 3 habitaciones con clóset, 2 baños, sala comedor, cocina integral y zona de ropas.Cuenta con parqueadero comunal, portería 24 horas. No tiene ascensor.El conjunto tiene salón comunal, cancha múltiple.Precio negociable.",[],5.0661522,-75.4858748,,,,,,,,,,,,,,2026-08-02
"Casa en venta en Chipre, Manizales",https://www.fincaraiz.com.co/casa-en-venta-en-chipre-manizales/7166046,7166046,https://s3.amazonaws.com/imagenesprof.fincaraiz.com.co/OVFR_COL/2022/4/1/3618361_295_0.jpg,[],$ 560.000.000,4 Habs. 2 Baños 134 m²,"Casa en venta en chipre, manizales","Casa enManizales, Caldas",Inmobiliaria Lucia Prada,Llamar,"Confortable casa en el sector de chipre,  con 134 m2,  4 habitaciones,  dos baños,  sala comedor aparte,  patio muy grande,  en muy buenas condiciones,  ideal para familia numerosa,  excelente ubicación,  secotr residencial ,  de mucha tranquilidad,  de alta valorización.  Contactanos ya.",[],5.07584047317505,-75.5254364013672,,,,,,,,,,,,,,2026-08-02
"Apartamento en Venta en Avenida Santander, Manizales",https://www.fincaraiz.com.co/apartamento-en-venta-en-avenida-santander-manizales/193781572,193781572,https://cdn4.fincaraiz.com.co/repo/img/th.outside384x275.6a10665f38de1_infocdn__1v95btdtsttikpdytjp1ovvijehs9opyxcejbottjpg.jpg,[],$ 615.000.000,3 Habs. 2 Baños 83 m²,"Apartamento en venta en avenida santander, manizales","Apartamento enManizales, Caldas",Vanessa González _ Propiedad raíz,Llamar,"¡Oportunidad de inversión inigualable! Asegura tu futuro con este espectacular apartamento en venta, ubicado en la prestigiosa Avenida Santander de Manizales.Este hermoso apartamento, parte del exclusivo Edificio Torre 40, te ofrece 83 m² de diseño moderno y funcional. Disfruta de un balcón excepcionalmente amplio, ideal para relajarte y admirar la majestuosa vista a los nevados. La cocina integral abierta se integra perfectamente con el área social, creando un ambiente ideal para el entretenimiento. Cuenta con un baño social completo y tres confortables habitaciones, garantizando espacio y privacidad para toda la familia.Además, incluye parqueadero y un práctico cuarto útil, añadiendo valor y comodidad a tu inversión.Actualmente en cesión de derechos para entrega en junio de 2027, esta es una oportunidad dorada para adquirir una propiedad con una proyección de valorización excepcional.No dejes pasar la oportunidad de ser propietario de este inmueble de ensueño y asegurar una inversión inteligente.",[],5.0658824,-75.5054359,,,,,,,,,,,,,,2026-08-02
"Apartamento en Venta en Niza, Manizales",https://www.fincaraiz.com.co/apartamento-en-venta-en-niza-manizales/193805733,193805733,https://cdn4.fincaraiz.com.co/repo/img/th.outside384x275.6a16fc78615e3_infocdn__gr-copia-de-arrienda-apartamento-1775073665-1689-2349jpeg.jpeg,[],$ 430.000.000,2 Habs. 2 Baños 64 m²,"Apartamento en venta en niza, manizales","Apartamento enManizales, Caldas",AF Capital Inmobiliario,Llamar,"AF Capital Inmobiliario ofrece para la Venta acogedor apartamento para estrenar con excelente iluminación natural ubicado en tranquila zona residencial sector Bosques De Niza. Cuenta con 2 alcobas con closet (principal con baño privado), baño auxiliar completo, sala y comedor independiente,  un cómodo balcón con linda vista panorámica,  cocina integral con servicio de gas natural domiciliario, zona de ropas independiente, calentador a gas, pisos en cerámica. Parqueadero cubierto. El conjunto cuenta con portería 24 horas, ascensor, salón social, cancha de fútbol sintética, gimnasio, zona de juegos infantiles, piscina. Agenda tú cita: ***.",[],5.0576409889089,-75.469535867342,,,,,,,,,,,,,,2026-08-02
"MIRADOR DEL SOL, Apartamento en Venta en Puerta del Sol, Manizales",https://www.fincaraiz.com.co/proyectos-vivienda/mirador-del-sol-apartamentos-en-venta-en-puerta-del-sol-manizales/15018460,15018460,https://cdn4.fincaraiz.com.co/repo/img/th.outside384x275.69f8cf85e176c_infocdn__6oxagn84bkzgylahgqqaa6uhuj9iwh9k79lmbvsxjpg.jpg,[],Desde $ 262.000.000,2 Habs. 1 Baño 47.7 m²,"Mirador del sol, apartamento en venta en puerta del sol, manizales","Apartamento enManizales, Caldas",CFC&A CONSTRUCCIONES,Llamar,"¿Por qué vivir en Mirador del Sol?Es la oportunidad de tener tu apartamento VIS en Puerta del Sol, un sector de crecimiento y gran proyección en Manizales, ideal para quienes buscan construir patrimonio en una zona que se transforma y se valoriza. Además de su ubicación estratégica, Mirador del Sol te brinda el privilegio de despertar y vivir cada día con una vista incomparable, donde los atardeceres y la majestuosidad del Nevado se convierten en parte de tu día a día. Un proyecto pensado para quienes sueñan con un hogar bien ubicado, con proyección y rodeado de la belleza única de la ciudad. Con el respaldo y la calidad de Construcciones CFC. Apartamentos VIS* (vivienda de interés social)",[],5.0860211,-75.5138175,¡Pregúntale!,¡Pregúntale!,¡Pregúntale!,¡Pregúntale!,Sobre planos,¡Pregúntale!,30% CUOTA INICIAL,¡Pregúntale!,¡Pregúntale!,¡Pregúntale!,¡Pregúntale!,¡Pregúntale!,4,2026-08-02
"Apartamento en Venta en Avenida Santander, Manizales",https://www.fincaraiz.com.co/apartamento-en-venta-en-avenida-santander-manizales/193976869,193976869,https://cdn4.fincaraiz.com.co/repo/img/th.outside384x275.6a5108a8010a2_infocdn__izuus9yfhvls2n1srhauso0rnmote0nnhk9lwtfijpg.jpg,[],$ 730.000.000,3 Habs. 2 Baños 104 m²,"Apartamento en venta en avenida santander, manizales","Apartamento enManizales, Caldas",Inmobiliaria Lucia Prada,Llamar,"En venta apartamento en la Avenida Santander – ManizalesDescubra la oportunidad de vivir en uno de los sectores más exclusivos y estratégicos de Manizales. Este amplio apartamento de 104 m² combina comodidad, excelente ubicación y una hermosa vista panorámica de la ciudad, ideal para quienes buscan calidad de vida o una excelente inversión.El apartamento está distribuido en tres amplias habitaciones, dos baños completos, sala-comedor, cocina integral funcional y espacios diseñados para brindar comodidad y aprovechamiento de cada ambiente. Además, cuenta con garaje privado, un gran valor agregado en esta zona de alta valorización.Su privilegiada ubicación, sobre la Avenida Santander y a pocos metros del sector empresarial y universitario de El Cable, le permitirá disfrutar de una excelente conectividad, cercanía a universidades, entidades financieras, restaurantes, cafés, supermercados y la reconocida zona gastronómica y de entretenimiento de El Cable.El edificio ofrece vigilancia y recepción las 24 horas, ascensor y circuito cerrado de televisión, proporcionando seguridad, tranquilidad y comodidad para todos sus residentes.Si busca un apartamento con excelente ubicación, amplios espacios y una espectacular vista de la ciudad, esta es una oportunidad que no puede dejar pasar.Contáctenos para recibir más información y agendar su visita.? ***",[],5.0613672,-75.4916808,,,,,,,,,,,,,,2026-08-02
Casa en Venta en Manizales,https://www.fincaraiz.com.co/casa-en-venta-en-manizales/192262714,192262714,https://cdn4.fincaraiz.com.co/repo/img/th.outside384x275.6a3aabf02ba8b_infocdn__gr138541720220505032835jpg.jpg,[],$ 300.000.000,4 Habs. 2 Baños 250 m²,Casa en venta en manizales,"Casa enManizales, Caldas",Vista Inmobiliaria,Llamar,"Código para WhatsApp: ***Vista Inmobiliaria ofrece en venta casa en el sector de Villahermosa, tiene un área de 250 Mt2, 4 habitaciones, 2 baños, cocina semi-integral, sala-comedor, pisos en cerámica. Ubicado cerca de Mall plaza, avenidas Principales y supermercados.Excelente opción para su negocio como siempre se ha imaginado, no dude en visitarlo. (los agentes Vista Inmobiliaria siempre dispuestos en brindar la mejor experiencia).",[],5.0678288350132,-75.49126625061,,,,,,,,,,,,,,2026-08-02
"Apartamento en Venta en Alta suiza, Manizales",https://www.fincaraiz.com.co/apartamento-en-venta-en-alta-suiza-manizales/193960556,193960556,https://cdn4.fincaraiz.com.co/repo/img/th.outside384x275.6a4c4d51c7f2e_infocdn__cce2wivao7f1scwy7k3rvduh3rhvfe1wgl6ekuldjpg.jpg,[],$ 440.000.000,3 Habs. 2 Baños 60 m²,"Apartamento en venta en alta suiza, manizales","Apartamento enManizales, Caldas",Inmobiliaria Lucia Prada,Llamar,"En venta – moderno apartamento en alta suizaDescubre este hermoso apartamento de 60 m², ubicado en uno de los sectores con mayor valorización y comodidad de la ciudad. cuenta con excelente iluminación natural y una distribución ideal para disfrutar cada espacio.el apartamento dispone de sala comedor integrada con acceso a balcón, cocina integral, zona de ropas, hall de habitaciones, 3 habitaciones, la principal con baño privado, además de un baño auxiliar. para mayor comodidad, cuenta con parqueadero privado y depósito.el conjunto residencial cuenta con cámaras de seguridad y vigilancia 24 horas, además de espectaculares zonas comunes como piscina, jacuzzi, turco, sauna, gimnasio, salón social, zona de juegos infantiles y canchas múltiples.ubicado en el sector de alta suiza, con fácil acceso a transporte público, cerca de centros comerciales como mall plaza y muy cerca de la zona de el cable, donde podrás encontrar múltiples servicios, comercio y entretenimiento.? contáctanos para mayor información al ***.",[],5.0527468,-75.4813043,,,,,,,,,,,,,,2026-08-02
"Casa en Venta en Versalles, Manizales",https://www.fincaraiz.com.co/casa-en-venta-en-versalles-manizales/192966517,192966517,https://cdn4.fincaraiz.com.co/repo/img/th.outside384x275.6a1770c09a8a2_infocdn__gr562862420251213124902jpg.jpg,[],$ 550.000.000,4 Habs. 3 Baños 107 m²,"Casa en venta en versalles, manizales","Casa enManizales, Caldas",INMOBILIARIA RESTREPO ECHEVERRI S.A.S,Llamar,"Casa en conjunto en venta, barrio Versalles, Manizales. Tres niveles, linda vista, iluminación natural. Área 107 m², 4 habitaciones, 3 baños, habitación principal con baño privado y vestier, habitaciones auxiliares con closet, estar de habitaciones, balcón, sala comedor, cocina integral, zona de ropas independiente, depósito y 1 parqueadero descubierto.Conjunto con  zona infantil y videoportero.Cita previa *** - *** - *** - *** - ***- ***",[],5.0593861,-75.5004827,,,,,,,,,,,,,,2026-08-02
"Apartaestudio en Venta en Chipre, Manizales",https://www.fincaraiz.com.co/apartaestudio-en-venta-en-chipre-manizales/193287149,193287149,https://cdn4.fincaraiz.com.co/repo/img/th.outside384x275.69a9e332e2fee_infocdn__gr-venta-apartaestudio-chipre-man-1768787853-051-4818jpeg.jpeg,[],$ 305.000.000,1 Hab 1 Baño 41 m²,"Apartaestudio en venta en chipre, manizales","Apartaestudio enManizales, Caldas",AF Capital Inmobiliario,Llamar,"AF Capital Inmobiliario ofrece para la Venta bello y confortable apartaestudio de 2 ambientes con elegantes acabados y una excelente ubicación sobre la avenida principal de Chipre y cerca a la zona rosa. Cuenta con 1 alcoba con closet, un baño, sala comedor con salida a un agradable balcón, cocina integral con servicio de gas natural domiciliario, zona de ropas, pisos en cerámica. Parqueadero. Edificio con portería 24 horas, ascensor. Agenda tu cita: ***.",[],5.0698982914838,-75.524223371162,,,,,,,,,,,,,,2026-08-02
"Casa en venta en La francia, Manizales",https://www.fincaraiz.com.co/casa-en-venta-en-la-francia-manizales/7011324,7011324,https://s3.amazonaws.com/imagenesprof.fincaraiz.com.co/OVFR_COL/2022/2/1/3521809_837_0.jpg,[],$ 700.000.000,7 Habs. 3 Baños 328 m²,"Casa en venta en la francia, manizales","Casa enManizales, Caldas",Infibank Inmobiliaria,Llamar,"Ubicada en sector tranquilo de la francia,  alrededores de gran proyección urbanística,  es una vivienda con amplios espacios,  con renta,  en el primer piso encontramos una vivienda independiente con 4 habitaciones,  2 baños,  sala comedor grande,  cocina integral,  patio; en el segundo piso hay un apartamento con 3 habitaciones,  baño,  sala comedor,  cocina,  y patio cubierto,  adicionalmente el inmueble tiene un antejardin con zona BBQ y parqueadero para tres vehículo..",[],5.06828260421753,-75.5325164794922,,,,,,,,,,,,,,2026-08-02
"Apartaestudio en Venta en El trebol, Manizales",https://www.fincaraiz.com.co/apartaestudio-en-venta-en-el-trebol-manizales/193842001,193842001,https://cdn4.fincaraiz.com.co/repo/img/th.outside384x275.6a21eb96cc9c8_infocdn__r5kzyfngcwg1do61qou7qm1djdbha217eay0pgwpjpg.jpg,[],$ 515.000.000,1 Hab 2 Baños 62 m²,"Apartaestudio en venta en el trebol, manizales","Apartaestudio enManizales, Caldas",,Llamar,"¡Hermoso apartamento para estrenar en El Trébol!Vive en uno de los sectores más exclusivos y tranquilos de la ciudad. Este moderno apartamento de 62 m² ha sido diseñado para brindar confort, funcionalidad y una excelente conexión con la naturaleza.Cuenta con una amplia sala-comedor integrada a un agradable balcón con vista natural, una alcoba independiente, dos baños, cocina integral equipada con lavavajillas, barra americana y zona de ropas independiente, creando espacios cómodos y acogedores para disfrutar cada día.Además, dispone de parqueadero privado, depósito y parqueadero para visitantes.Ubicado en conjunto residencial con vigilancia 24 horas, cerca del Bosque Popular, universidades, supermercados y otros servicios de interés, con fácil acceso a transporte público y excelentes vías de acceso.✨ Una excelente oportunidad para vivir o invertir en una zona de alta valorización.? Contáctanos y agenda tu visita al ***.",[],5.0415035,-75.4762529,,,,,,,,,,,,,,2026-08-02
"Casa en Venta en Chipre, Manizales",https://www.fincaraiz.com.co/casa-en-venta-en-chipre-manizales/193373050,193373050,https://cdn4.fincaraiz.com.co/repo/img/th.outside384x275.6989306182677_infocdn__9ulsuiildaqmzbyc8tlodqlyqwknivbnizrwxkeyjpg.jpg,[],$ 550.000.000,6 Habs. 2 Baños 196 m²,"Casa en venta en chipre, manizales","Casa enManizales, Caldas",,Llamar,"Vendo amplia casa en alto campohermoso, con 196 mtr2, consta de 6 confortables habitaciones, 2 baños, sala comedor , cocina moderna remodelada, patio y garaje , se desarrolla en dos niveles, es muy iluminada y con buena vista, hacia chipre y campohermoso, sector estratègico por su cercaìa  la universidad de Manizales, a Supermercados como de uno, Mercaldas. A transporte pùblico y al  comercio de chipre en general.Contàctanos y agenda tu cita.",[],5.0730993,-75.5236397,,,,,,,,,,,,,,2026-08-02
"Apartamento en  Venta en El centro, Manizales",https://www.fincaraiz.com.co/apartamento-en-venta-en-el-centro-manizales/192042746,192042746,https://cdn4.fincaraiz.com.co/repo/img/th.outside384x275.67b5ed201f86b_infocdn__yfnpgtybhpktfwzpk9rf78ihqrij2exvsxyqxyxjjpg.jpg,[],$ 300.000.000,3 Habs. 2 Baños 57 m²,"Apartamento en  venta en el centro, manizales","Apartamento enManizales, Caldas",,Llamar,"Apartamento con muy buenos acabados, iluminado, de 57 metros, 3 habitaciones, 2 baños completos, sala comedor, cocina integral, área de ropas, garaje, ubicado en el centro de la ciudad, en edificio moderno, con vigilancia 24 horas, salón social, piscina, cancha múltiple, gimnasio, ascensor.",[],5.0682854,-75.514366,,,,,,,,,,,,,,2026-08-02
Apartamento en Venta en Manizales,https://www.fincaraiz.com.co/apartamento-en-venta-en-manizales/193659349,193659349,https://cdn4.fincaraiz.com.co/repo/img/th.outside384x275.6a3ab792a04f4_infocdn__gr13854120260421113513jpg.jpg,[],$ 200.000.000,3 Habs. 1 Baño 47 m²,Apartamento en venta en manizales,"Apartamento enManizales, Caldas",,Llamar,"Código para WhatsApp: ***Apartamento en Venta – Puertas del Sol, ManizalesVista Inmobiliaria presenta este fantástico apartamento de 47.82m², ubicado en el tranquilo sector de Puertas del Sol, ideal para quienes buscan confort y calidad de vida a pocos minutos de la ciudad.Área: 47.82 m²Distribución: 3 habitaciones, 1 bañoAmbientes: Sala-comedor, cocina semi-integral, área de ropas Características: Excelente estado, aireado, iluminado, con acabados modernosEntorno: Zona residencial apacible, alejada del ruido y a solo 10 minutos de ManizalesUna excelente opción para vivir de forma cómoda y placentera, en un entorno sereno y bien cuidado.Los agentes de Vista Inmobiliaria están siempre listos para brindarle la mejor experiencia.",[],5.0847139084267,-75.513850450516,,,,,,,,,,,,,,2026-08-02
"Apartamento en Venta en Ondas del Otún, Manizales",https://www.fincaraiz.com.co/apartamento-en-venta-en-ondas-del-otun-manizales/193389405,193389405,https://cdn4.fincaraiz.com.co/repo/img/th.outside384x275.6a63df35b5c92_infocdn__usieg4p4awxs0z0tsobp3cufcktcrzt9gqkuftfjjpg.jpg,[],$ 250.000.000,2 Habs. 1 Baño 75 m²,"Apartamento en venta en ondas del otún, manizales","Apartamento enManizales, Caldas",,Llamar,"En venta apartamento ubicado en el sector Ondas de Otún, con un área de 75 m² distribuidos en sala comedor integrada, zona de ropas independiente, dos habitaciones, un baño y acceso a balcón con buena iluminación natural y agradable vista.El edificio cuenta con juegos infantiles y zona social. Está ubicado en un sector residencial con excelente transporte público, cercanía a centros comerciales, al centro de la ciudad y a universidades.Para mayor información, contáctanos al ***.DISPONIBLE A PARTIR DEL 1 DE MARZO",[],5.0644721,-75.507765,,,,,,,,,,,,,,2026-08-02
"Casa en Venta en San marcel, Manizales",https://www.fincaraiz.com.co/casa-en-venta-en-san-marcel-manizales/193141026,193141026,https://cdn4.fincaraiz.com.co/repo/img/th.outside384x275.6927126321538_infocdn__77yp9qccmgzvtaocys0isbafxwejzh1hrkvlfpqbjpg.jpg,[],$ 550.000.000,4 Habs. 4 Baños 120 m²,"Casa en venta en san marcel, manizales","Casa enManizales, Caldas",,Llamar,"Descubra esta magnífica casa de tres niveles, ubicada en el exclusivo Conjunto Portal del Bosque en Manizales. Diseñada para ofrecer el máximo confort y estilo de vida, esta espaciosa propiedad cuenta con cuatro luminosas habitaciones y cuatro baños elegantemente terminados, garantizando privacidad y comodidad para toda la familia. Disfrute de amplios espacios sociales que incluyen una sala acogedora y un comedor independiente, perfectos para reuniones familiares o entretenimiento. La cocina integral, moderna y funcional, es el sueño de todo chef, mientras que el patio de ropas independiente con cuarto de servicio añade una capa extra de practicidad. Además, la propiedad dispone de un garaje privado y una encantadora terraza, ideal para relajarse y disfrutar del entorno.El Conjunto Portal del Bosque eleva la experiencia de vivir con sus excepcionales amenidades: portería con vigilancia 24 horas para su tranquilidad, una refrescante piscina para los días soleados, un elegante salón social para eventos y una zona infantil segura y divertida para los más pequeños. Esta casa no es solo una propiedad, es una invitación a un estilo de vida superior en una de las zonas más deseables de Manizales. El precio es negociable, brindándole una oportunidad única para adquirir la casa de sus sueños.",[],5.0362436,-75.4697865,,,,,,,,,,,,,,2026-08-02
"Apartaestudio en  Venta en Saenz, Manizales",https://www.fincaraiz.com.co/apartaestudio-en-venta-en-saenz-manizales/191821878,191821878,https://cdn4.fincaraiz.com.co/repo/img/th.outside384x275.67698c485b168_infocdn__hcqosxk6yopcrs7acgxwknjsmawb4rciypa7qt0hjpg.jpg,[],$ 155.000.000,1 Hab 1 Baño 30 m²,"Apartaestudio en  venta en saenz, manizales","Apartaestudio enManizales, Caldas",,Llamar,"Se vende apartaestudio en Sáenz, Manizales. Consta de: área principal, espacio de habitación con persianas, cocina integral y baño.Ubicado en piso 4, estrato 4.No paga administración.Precio fijo.",[],5.0662966013215,-75.502562633827,,,,,,,,,,,,,,2026-08-02
"Apartamento en Venta en Baja suiza, Manizales",https://www.fincaraiz.com.co/apartamento-en-venta-en-baja-suiza-manizales/193781449,193781449,https://cdn4.fincaraiz.com.co/repo/img/th.outside384x275.6a10625ccfe68_infocdn__hqxy0ek0mt8mspbzf8ydonadl2fu9lgymlaybwsejpg.jpg,[],$ 300.000.000,1 Hab 1 Baño 36 m²,"Apartamento en venta en baja suiza, manizales","Apartamento enManizales, Caldas",,Llamar,"Descubre la vida urbana en su máxima expresión en este encantador apartaestudio ubicado en el exclusivo sector de Ciprés de Bella Suiza. Este moderno espacio de una alcoba ha sido diseñado para ofrecer confort y estilo, ideal para profesionales, parejas o inversores que buscan una propiedad con alta valorización.El conjunto residencial es un verdadero oasis de bienestar y entretenimiento, con una impresionante variedad de amenidades que transformarán tu día a día. Disfruta de momentos inolvidables en el salón social, refréscate en la piscina para adultos o diviértete con los más pequeños en la piscina infantil.Para tu relajación y cuidado personal, el conjunto cuenta con sauna y turco, perfectos para desconectar después de un largo día. Mantente en forma y activo en el gimnasio completamente equipado o desafía a tus amigos en la cancha sintética. Los más pequeños de la casa disfrutarán de horas de diversión en los juegos infantiles, mientras que la comodidad de tus visitas está garantizada con el amplio parqueadero de visitantes.Este apartaestudio no solo te ofrece un hogar, sino un estilo de vida vibrante y lleno de posibilidades en una de las zonas más cotizadas de la ciudad.",[],5.0580396,-75.4804352,,,,,,,,,,,,,,2026-08-02
"Apartamento en Venta en Avenida Kevin Angel, Manizales",https://www.fincaraiz.com.co/apartamento-en-venta-en-avenida-kevin-angel-manizales/193051644,193051644,https://cdn4.fincaraiz.com.co/repo/img/th.outside384x275.690520683e1f9_infocdn__1m1mskthezcbaay8tbcpxfqjnvc8t6hozpcdpdccjpg.jpg,[],$ 500.000.000,3 Habs. 2 Baños 80 m²,"Apartamento en venta en avenida kevin angel, manizales","Apartamento enManizales, Caldas",,Llamar,"¡Vendo apartamento en la Avenida Kevin Angel, Manizales!Este hermoso apartamento es de 80 m² distribuidos en 3 habitaciones (la principal con baño), 2 baños, sala comedor con acceso a balcón, cocina integral y zona de ropas. Tiene parqueadero para 1 vehículo, deposito.El edificio en el que se encuentre cuenta con ascensor, salón social, zona infantil, cancha deportiva y vigilancia las 24 horas. Está ubicado sobre una de las avenidas principales de la ciudad, lo que facilita el acceso al transporte, centros comerciales, colegios y universidades.¡Contáctanos y agenda tu cita ***!",[],5.0654125,-75.4902894,,,,,,,,,,,,,,2026-08-02
"Apartamento en venta en El trebol, Manizales",https://www.fincaraiz.com.co/apartamento-en-venta-en-el-trebol-manizales/10195326,10195326,https://d3s5pkt10pk3ga.cloudfront.net/resizedImages/384x275/site/fincaraiz_service/media/listing/fde25d98-8cac-4c11-9f99-4ea7dcac2f5e/photos/fde25d98-8cac-4c11-9f99-4ea7dcac2f5e_1_True_17cfc69d-35b0-47e8-87f3-b2c278838dc7.jpeg,[],$ 640.000.000,3 Habs. 2 Baños 96 m²,"Apartamento en venta en el trebol, manizales","Apartamento enManizales, Caldas",,Llamar,"Vendo apartamento en el sector del Trébol,  vista para la Florida, hermosos acabados, sala comedor abierto, cocina integral con barra abierta, zona de ropas ampliada, estudio y estar. El cuarto principal cuenta con  baño ampliado, vestier de gran tamaño. Los cuartos auxiliares cuentan con closet.   Se vende con bodega y parqueadero y amoblado.Este conjunto es de reciente construccion, cuenta con areas sociales, vigilancia 24 horas, cerca a trasnporte publico.",[],5.0419706,-75.4779315,,,,,,,,,,,,,,2026-08-02
"Apartamento en Venta en Colseguros, Manizales",https://www.fincaraiz.com.co/apartamento-en-venta-en-colseguros-manizales/193974157,193974157,https://cdn4.fincaraiz.com.co/repo/img/th.outside384x275.6a501800d1ced_infocdn__rxi5qz8qnixdxgvtnsdg8drncppmyhwsfdhinujnjpg.jpg,[],$ 550.000.000,3 Habs. 2 Baños 74 m²,"Apartamento en venta en colseguros, manizales","Apartamento enManizales, Caldas",,Llamar,"Encantador apartamento listo para ser tuyo! Ubicado en sector de alta valorización de Manizales, este inmueble de lujo cuenta con una espectacular vista panorámica que te dejará sin aliento. Con una área construida de 74 M2, este apartamento es la opción perfecta para una vida cómoda y llena de estilo.Cuenta con 3 cómodas alcobas, ideales para un ambiente relajante y acogedor, perfecto para descansar después de un largo día de trabajo. Además, dispone de 2 baños, uno de ellos en la habitación principal, para mayor privacidad, y un baño auxiliar para recibir a tus invitados.Esta propiedad cuenta con todas las comodidades que puedas desear: la barra estilo americano en la cocina es perfecta para disfrutar de una comida rápida o una cena en compañía de tus seres queridos, baño auxiliar, parqueadero doble y depósito, vista panorámica, todo completamente reformado para brindarte una experiencia única y placentera.Disfruta de todas las ventajas que te ofrece la urbanización cerrada, con áreas sociales para reunirte con tus amigos y familiares, ascensor para mayor comodidad, y un circuito cerrado de televisión para tu seguridad y tranquilidad. Además, cuenta con gimnasio para que puedas mantenerte en forma, parques cercanos para disfrutar al aire libre, portería y recepción para una atención excepcional, salón comunal para tus eventos y celebraciones, y una vigilancia permanente para tu tranquilidad.Aprovecha su cercanía con centros comerciales, colegios y universidades de prestigio, y múltiples zonas verdes y deportivas para vivir en un ambiente saludable y agradable. Cercano a Universidades y colegios, es el lugar perfecto para una familia en crecimiento. Y con el transporte público cercano, llegar a cualquier lugar de la ciudad es fácil y rápido.¡No esperes más para vivir en el hogar de tus sueños! Contáctanos ahora y agenda una visita para conocer este maravilloso apartamento en Manizales.",[],5.0546184,-75.4781737,,,,,,,,,,,,,,2026-08-02
"Apartamento en Venta en Milan, Manizales",https://www.fincaraiz.com.co/apartamento-en-venta-en-milan-manizales/192514828,192514828,https://cdn4.fincaraiz.com.co/repo/img/th.outside384x275.68498adab6382_infocdn__q1jjp0oylcprubq4unnuho0n97p343eksbw3sgcnjpg.jpg,[],$ 730.000.000,3 Habs. 3 Baños 104 m²,"Apartamento en venta en milan, manizales","Apartamento enManizales, Caldas",,Llamar,"VENDO APARTAMENTO EN MILÁN!Reserva de milan?730 millones?Área 104 mts?Piso alto con excelente vista?️ 3 alcobas? 2 baños?️ Sala comedor?️ Cocina integral? Balcón? 1 Parqueaderos cubiertos?? Vigilancia 24hrsÁreas comunes?‍♀️Piscina climatizada y cubierta para niños y adultos?jacuzzi?‍♀️Sauna, turco? Juegos infantiles?salón social?️‍♀️gimnasio?Yogario?bbq?Zona de lecturaCita previa",[],5.0461665,-75.4792134,,,,,,,,,,,,,,2026-08-02
"Casa en Venta en Fatima, Manizales",https://www.fincaraiz.com.co/casa-en-venta-en-fatima-manizales/192940055,192940055,https://cdn4.fincaraiz.com.co/repo/img/th.outside384x275.68de856de5015_infocdn__nugrtoigffm9uvukt71fo2wau7wvxccoiuoentnjjpg.jpg,[],$ 452.000.000,4 Habs. 1 Baño 120 m²,"Casa en venta en fatima, manizales","Casa enManizales, Caldas",,Llamar,"Casa en venta en Fatima, cerca lugares de interés como Universidad de Caldas y Universidad Nacional, centro comercial Sancancio, el Ica, con muy buenas Vías de acceso, la casa esta remodelada, cuenta con 4 habitaciones, 1 baño, sala comedor, cocina, patio, terraza y garaje.",[],5.0540977,-75.4940597,,,,,,,,,,,,,,2026-08-02
"Casa en Venta en El centro, Manizales",https://www.fincaraiz.com.co/casa-en-venta-en-el-centro-manizales/193398753,193398753,https://cdn4.fincaraiz.com.co/repo/img/th.outside384x275.69932decdfce3_infocdn__4x271c6pxdygoe8u5jprp1dswlnpaxx9bttsobxojpg.jpg,[],$ 400.000.000,11 Habs. 3 Baños 241 m²,"Casa en venta en el centro, manizales","Casa enManizales, Caldas",,Llamar,"Oportunidad, casa ubicada en el centro de la ciudad,  con 3 rentas, servicios independientes, la vivienda del segundo piso tiene 4 habitaciones, sala comedor, baño, cocina y terraza cubierta, el primer piso cuenta con sala comedor amplia, 4 habitaciones, baño, cocina y patio, y los bajos son 3 habitaciones, baño, sala comedor y zona de ropas. la casa es en material, pisos en ceramica y madera, 241 metros construidos.",[],5.064603,-75.515169,,,,,,,,,,,,,,2026-08-02
"Casa en  Venta en Milan, Manizales",https://www.fincaraiz.com.co/casa-en-venta-en-milan-manizales/191401569,191401569,https://cdn4.fincaraiz.com.co/repo/img/th.outside384x275.66e84923efd50_infocdn__sveuowcdjtsim5stgg6bjztz0fvvqs4gdmtjizb7jpg.jpg,[],$ 675.000.000,4 Habs. 3 Baños 230 m²,"Casa en  venta en milan, manizales","Casa enManizales, Caldas",,Llamar,"Vendo casa en Milán ideal para familia grande, empresa o institución. Consta de 230m2, viene con parqueadero cubierto y tiene en el primer nivel sala comedor seguido, baño social, estudio, cocina abierta con barra y en el segundo piso hay 4 alcobas, dos baños. Esta casa es iluminada y tiene remodelaciones.Contáctanos ***.",[],5.09774,-75.46575,,,,,,,,,,,,,,2026-08-02
"Apartamento en Venta en Milan, Manizales",https://www.fincaraiz.com.co/apartamento-en-venta-en-milan-manizales/193712711,193712711,https://cdn4.fincaraiz.com.co/repo/img/th.outside384x275.6a4572f7182de_infocdn__gr-copia-de-venta-apartamento-3-a-1778027978-2833-2545jpeg.jpeg,[],$ 650.000.000,2 Habs. 2 Baños 87 m²,"Apartamento en venta en milan, manizales","Apartamento enManizales, Caldas",,Llamar,"AF Capital Inmobiliario ofrece para la Venta confortable y elegante apartamento con finos acabados ubicado en exclusivo conjunto residencial sector Milán. A pocos metros de la zona gastronómica, supermercados, colegios y con fácil acceso al servicio de transporte público. Cuenta con 2 alcobas con closet (principal con baño privado y vestier), baño auxiliar completo, sala comedor con salida a un agradable balcón con linda vista panorámica, cocina integral con servicio de gas natural domiciliario, zona de ropas, calentador a gas, pisos en cerámica y madera flotante. Parqueadero y depósito. El conjunto cuenta con portería 24 horas, ascensor, salón social, gimnasio, piscina, sauna y turco, sendero ecológico, zona de juegos infantiles. Agenda tú cita: ***.",[],5.0465607050561,-75.478150064285,,,,,,,,,,,,,,2026-08-02
"Casa en  Venta en San marcel, Manizales",https://www.fincaraiz.com.co/casa-en-venta-en-san-marcel-manizales/191539463,191539463,https://cdn4.fincaraiz.com.co/repo/img/th.outside384x275.6a3aae8c29a1a_infocdn__gr138544220240522050349jpg.jpg,[],$ 1.100.000.000,3 Habs. 3 Baños 126 m²,"Casa en  venta en san marcel, manizales","Casa enManizales, Caldas",,Llamar,"Código para WhatsApp: ***Vista Inmobiliaria tiene en venta fantástica casa en conjunto cerrado en el sector de San Marcel, Manizales, sector tranquilo, casa aireada e iluminada, con un área construida de 126 Mt2, 3 habitaciones, 3 baños, 1 parqueadero, 1 depósito, sala, comedor, pisos en cerámica, cerca de supermercados: Mercaldas, Carulla, cerca al Aeropuerto La Nubia, Universidad Nacional sede la Nubia, Sena, Bosque popular el prado, transporte público a la mano. El conjunto cuenta con vigilancia y portería 24 Horas, juegos infantiles, zonas verdes y deportivas, piscina.Excelente opción para vivir de una manera cómoda y placentera como siempre se ha imaginado, no dude en visitarlo. (los agentes Vista Inmobiliaria siempre dispuestos a brindar la mejor experiencia).",[],5.0354413893047,-75.471085309982,,,,,,,,,,,,,,2026-08-02
"Apartamento en  Venta en Chipre, Manizales",https://www.fincaraiz.com.co/apartamento-en-venta-en-chipre-manizales/191537085,191537085,https://cdn4.fincaraiz.com.co/repo/img/th.outside384x275.6a3aab7f8ceb4_infocdn__gr13854520220523053817jpg.jpg,[],$ 320.000.000,3 Habs. 2 Baños 70 m²,"Apartamento en  venta en chipre, manizales","Apartamento enManizales, Caldas",,Llamar,"Código para WhatsApp: ***Vista Inmobiliaria ofrece en venta fantástico apartamento en Chipre, ManizalesÁrea: 70 m²Habitaciones: 3Baños: 2Parqueadero: 1Sala / comedorPisos en cerámicaAireado e iluminadoUbicación: sector tranquilo de ChipreCercanías: supermercados, Iglesia de Chipre, Monumento a los ColonizadoresExcelente opción para vivir de manera cómoda y placentera, tal como siempre lo ha imaginado. No dude en visitarlo: los agentes de Vista Inmobiliaria están siempre dispuestos a brindar la mejor experiencia.",[],5.0545326,-75.4877431,,,,,,,,,,,,,,2026-08-02
"Apartamento en Venta en Minitas, Manizales",https://www.fincaraiz.com.co/apartamento-en-venta-en-minitas-manizales/193174994,193174994,https://cdn4.fincaraiz.com.co/repo/img/th.outside384x275.6a3ab405ef398_infocdn__gr13854820251205050606jpg.jpg,[],$ 237.000.000,3 Habs. 1 Baño 60 m²,"Apartamento en venta en minitas, manizales","Apartamento enManizales, Caldas",,Llamar,"Código para WhatsApp: ***Apartamento en Venta – Sector Minitas, ManizalesUbicada en una zona residencial tranquila y bien conectada, este Apartamento ofrece una excelente oportunidad para quienes buscan comodidad y cercanía a servicios esenciales. Con un área de 60 metros cuadrados, cuenta con:Tres habitaciones ampliasUn bañoProximidad a supermercados y transporte públicoUna opción ideal para familias o profesionales que valoran la ubicación y el confort. Los agentes de Vista Inmobiliaria están siempre dispuestos a brindar la mejor experiencia, acompañándote en cada paso del proceso.No dudes en visitarlo. Este puede ser tu próximo Apartamento.",[],5.0633777278641,-75.476551651955,,,,,,,,,,,,,,2026-08-02
"Casa en Venta en San peregrino, Manizales",https://www.fincaraiz.com.co/casa-en-venta-en-san-peregrino-manizales/192931532,192931532,https://cdn4.fincaraiz.com.co/repo/img/th.outside384x275.68dbfb35db13e_infocdn__1u3fuy1croi0yfjqdjprhheszmn2wupyo6omvrtyjpg.jpg,[],$ 927.000.000,4 Habs. 3 Baños 253 m²,"Casa en venta en san peregrino, manizales","Casa enManizales, Caldas",,Llamar,"Se vende casa en vereda San Peregrino, Manizales. Consta de: lote de 625mt², 253mt² construidos.Tiene licencia de construcción, 4 habitaciones, 3 baños completos, jacuzzi, cuarto de ropas independiente, bodega, parqueadero doble techado, 2 deck.Excelente ubicación, excelente vista; servicios públicos de Manizales.Precio negociable.",[],5.0558074,-75.5678796,,,,,,,,,,,,,,2026-08-02
Casa Campestre en Venta en San bernardo del viento,https://www.fincaraiz.com.co/casa-campestre-en-venta-en-san-bernardo-del-viento/192913838,192913838,https://cdn4.fincaraiz.com.co/repo/img/th.outside384x275.68d55f8f82ca3_infocdn__jj3krr0vfjwa0l4xsvjkdfgvjcwruvvuatmpgzw4jpg.jpg,[],$ 2.250.000.000,3 Habs. 5 Baños 250 m²,Casa campestre en venta en san bernardo del viento,"Casa Campestre enManizales, Caldas",,Llamar,"¡Vendo hermosa Casa campestre!En San Bernardo del Viento, área construida 250m2 y área lote de 1502m2, la casa cuenta con sala comedor, cocina integral, zona de ropas, 5 baños 3 habitaciones, estudio, cuenta con habitación y baño de servicio, vista panorámica, piscina, jacuzzi, zona BBQ, cuenta con parqueadero de hasta 3 vehículos.Cuenta con vigilancia 24 horas, jardinería, y zonas verdes con árboles frutales.¡Contáctanos y separa tu cita ***!",[],5.0521037,-75.5881968,,,,,,,,,,,,,,2026-08-02
"Apartamento en Venta en Chipre, Manizales",https://www.fincaraiz.com.co/apartamento-en-venta-en-chipre-manizales/192996982,192996982,https://cdn4.fincaraiz.com.co/repo/img/th.outside384x275.68f39f086da56_infocdn__nrmre9fhpno5j6jvannkpphb1nscxcqdfjvhll9xjpg.jpg,[],$ 602.383.950,3 Habs. 2 Baños 89 m²,"Apartamento en venta en chipre, manizales","Apartamento enManizales, Caldas",,Llamar,"Vendo confortable apartamento, área de 89.71m², en Edificio residencial, sector Chipre, cuenta con sala comedor con balcón, 3 habitaciones, 2 baños, cocina integral y zona de ropas, parqueadero, deposito, vigilancia las 24 horas, ascensor.El apartamento se encuentra cerca de supermercados, tiendas, panaderías, entre otros, a pocos minutos del centro de la ciudad, con excelente transporte público.¡Contáctanos y separa tu cita ***!",[],5.0696308,-75.523951,,,,,,,,,,,,,,2026-08-02
"Edificio en Venta en El centro, Manizales",https://www.fincaraiz.com.co/edificio-en-venta-en-el-centro-manizales/193175115,193175115,https://cdn4.fincaraiz.com.co/repo/img/th.outside384x275.69336a671c17f_infocdn__0akfebjshumsrw3cwpvcobxur196znneul8lrrgyjpg.jpg,[],$ 2.700.000.000,1 Hab 10 Baños 585 m²,"Edificio en venta en el centro, manizales","Edificio enManizales, Caldas",,Llamar,"¡Gran oportunidad de inversión en el Centro de Manizales!Se vende edificio de 3 pisos compuesto por 8 apartaestudios y 2 locales comerciales.Propiedad altamente rentable en un sector estratégico y de gran demanda.En el primer nivel se encuentran 2 locales comerciales,  con 133 m², baño privado, cortina metálica de seguridad y un espacio independiente ideal para oficina o almacenamiento.En el segundo y tercer nivel se distribuyen 8 apartaestudios en total:2 apartaestudios amplios de 45 m², cada uno con dos ambientes: cocina integral con estufa empotrada, barra americana, espacio para sala-comedor, habitación independiente con clóset y baño moderno con división en vidrio templado y calentador eléctrico.6 apartaestudios de 40 m², todos de un solo ambiente, equipados con cocina integral, gas natural, barra americana, clóset y baño con división en vidrio templado y calentador eléctrico.El edificio cuenta con una zona de lavandería comunal, además de citofonía y un sistema de iluminación de emergencia en las zonas comunes.El edificio cuenta con una excelente ubicación en el sector Centro, a solo 3 cuadras del Parque Caldas, con fácil acceso a transporte público y una amplia oferta de servicios.Para más información, contáctanos al ***.",[],5.0692503,-75.514602,,,,,,,,,,,,,,2026-08-02
"Casa en Venta en Chipre, Manizales",https://www.fincaraiz.com.co/casa-en-venta-en-chipre-manizales/193326755,193326755,https://cdn4.fincaraiz.com.co/repo/img/th.outside384x275.6979139fdad90_infocdn__gkquwvdopwjukqions53wmhpt8pmocwd12n8dnnajpg.jpg,[],$ 700.000.000,4 Habs. 4 Baños 200 m²,"Casa en venta en chipre, manizales","Casa enManizales, Caldas",,Llamar,"Se vende casa en Chipre viejo, Manizales. Consta de 3 pisos distribuidos así:- Piso 1Garaje amplioSala comedorCocina con islaBaño socialPatio de ropas techado con áreas verdes- Piso 2:Tres habitaciones auxiliares (dos de ellas con baño privado)Sala de TV- Piso 3:Habitación Principal con baño privado y vestierHall para estudioY terraza ampliaEl precio es negociable",[],5.080321,-75.525987,,,,,,,,,,,,,,2026-08-02
"Apartamento en Venta en Campohermoso, Manizales",https://www.fincaraiz.com.co/apartamento-en-venta-en-campohermoso-manizales/193418770,193418770,https://cdn4.fincaraiz.com.co/repo/img/th.outside384x275.69989245391db_infocdn__prsuwjnqh1xehmexpc0yjlqodyuzr3hh6w4zs5azjpg.jpg,[],$ 260.000.000,3 Habs. 2 Baños 67 m²,"Apartamento en venta en campohermoso, manizales","Apartamento enManizales, Caldas",,Llamar,"Se vende apartamento en Campohermoso, Manizales. Consta de: 3 habitaciones, 2 baños completos, sala comedor, cocina integral y zona de ropas.Ubicado en piso 5, cuenta con parqueadero privado y depósito. No cuenta con portería, ni ascensor.El precio es negociable.",[],5.0731009,-75.5222463,,,,,,,,,,,,,,2026-08-02
"Apartaestudio en Venta en Milan, Manizales",https://www.fincaraiz.com.co/apartaestudio-en-venta-en-milan-manizales/193868224,193868224,https://cdn4.fincaraiz.com.co/repo/img/th.outside384x275.6a2b1de679f01_infocdn__fwssuovid2w2mvxyrdnntaxgrphlzh6tezenkjp4jpg.jpg,[],$ 310.000.000,1 Hab 1 Baño 36 m²,"Apartaestudio en venta en milan, manizales","Apartaestudio enManizales, Caldas",,Llamar,"Vendo apartaestudio en conjunto cerrado con ascensor, ubicado en el sector de Milán, una zona de excelente acceso. El inmueble es muy iluminado y cuenta con una agradable vista. Dispone de una habitación con vestier, baño completo, sala-comedor, cocina integral con amplios espacios de almacenamiento, zona de ropas, parqueadero y depósito. El conjunto ofrece salón social, piscina zona húmeda, gimnasio, juegos infantiles y parqueaderos para visitantes.",[],5.0461665,-75.4792134,,,,,,,,,,,,,,2026-08-02
"Apartamento en Venta en Niza, Manizales",https://www.fincaraiz.com.co/apartamento-en-venta-en-niza-manizales/194032657,194032657,https://cdn4.fincaraiz.com.co/repo/img/th.outside384x275.6a6401a591ae0_infocdn__drn3y3r58bju0j4xwi6gprc5tpjk9gnvfystojuyjpg.jpg,[],$ 430.000.000,3 Habs. 2 Baños 65 m²,"Apartamento en venta en niza, manizales","Apartamento enManizales, Caldas",,Llamar,"*Exclusivo Apartamento en Venta en Niza: Tu Oasis de Bienestar Urbano*Descubre la perfecta armonía entre naturaleza, elegancia y confort en este excepcional apartamento, ubicado en el codiciado sector de Niza. Un verdadero santuario diseñado para elevar tu calidad de vida y la de tu familia.*Características del Inmueble:*Con 65 m² inteligentemente distribuidos, este hogar te ofrece:* **Espacios Íntimos:** Tres acogedoras alcobas y dos baños completos, ideales para el descanso y la privacidad.* **Cocina Integral:** Un espacio funcional y moderno, perfecto para tus creaciones culinarias.* **Áreas Sociales:** Una luminosa sala comedor que invita a la convivencia y al relax.* **Balcón Privado:** Disfruta de impresionantes paisajes naturales que se extienden desde cada rincón de tu hogar, un verdadero privilegio.* **Comodidad Adicional:** Área de ropas independiente para mayor practicidad.*Amenidades Exclusivas del Conjunto:*Este complejo residencial te brinda un estilo de vida inigualable con:* **Estacionamiento:** Parqueadero cubierto en S1, garantizando seguridad y comodidad.* **Recreación Acuática:** Refrescantes piscinas para disfrutar en familia.* **Deportes y Entretenimiento:** Cancha de fútbol para los amantes del deporte y un elegante salón social para tus eventos.* **Diversión Infantil:** Juegos especialmente diseñados para los más pequeños.*Un Refugio de Paz y Conexión:*Este apartamento no es solo una propiedad, es un estilo de vida. Despierta cada día rodeado de paisajes naturales, en un entorno que promueve el bienestar y la tranquilidad.*Precio de Oportunidad:* $430.000.000*Administración:* $300.000No dejes pasar la oportunidad de vivir la feliz sensación de tu nuevo hogar. Agendemos una visita y permítenos mostrarte el lugar donde tus sueños se hacen realidad. ¡Contáctanos ahora! ?",[],5.0574121,-75.4719624,,,,,,,,,,,,,,2026-08-02
"Casa en Venta en La carola, Manizales",https://www.fincaraiz.com.co/casa-en-venta-en-la-carola-manizales/193556856,193556856,https://cdn4.fincaraiz.com.co/repo/img/th.outside384x275.6a3afb0a72eef_infocdn__gr461794220260324113712jpeg.jpeg,[],$ 450.000.000,5 Habs. 3 Baños 240 m²,"Casa en venta en la carola, manizales","Casa enManizales, Caldas",,Llamar,"Capital Inmobiliario tiene para la venta casa de 4 niveles con amplios y funcionales espacios, ubicada a pocas cuadras del Centro Comercial Mall Plaza y de la Avenida Kevin Ángel, en un sector de fácil acceso y excelente conectividad. En el primer nivel encontrarás garaje, una alcoba y una entrada independiente con baño, ideal para independizar un espacio o generar renta tipo apartaestudio. En el segundo nivel está la entrada principal, con sala y comedor independientes, una habitación auxiliar o estudio, un baño completo y cocina semi integral. El tercer nivel cuenta con tres habitaciones con clóset y un baño completo, con ducha y sanitario independientes, además de doble lavamanos. En el cuarto nivel se encuentra una amplia terraza con vista 360°, excelente iluminación natural y ventilación, perfecta para disfrutar en familia. La propiedad también cuenta con calentador y pisos en cerámica. Una excelente opción para quienes buscan comodidad, amplitud y una oportunidad de inversión en un solo lugar.Se recibe permuta por fincaAgenda tu cita: 318 / 658 / 5089",[],5.0672298896212,-75.487768249768,,,,,,,,,,,,,,2026-08-02
"Apartamento en Venta en Baja suiza, Manizales",https://www.fincaraiz.com.co/apartamento-en-venta-en-baja-suiza-manizales/193717257,193717257,https://cdn4.fincaraiz.com.co/repo/img/th.outside384x275.6a318e866ee5a_infocdn__gr-venta-apartamento-3-alcobas-co-1755096756-0598-7030jpeg.jpeg,[],$ 480.000.000,3 Habs. 2 Baños 74 m²,"Apartamento en venta en baja suiza, manizales","Apartamento enManizales, Caldas",,Llamar,"AF Capital Inmobiliario ofrece para la Venta cómodo e iluminado apartamento con linda vista panorámica ubicado en agradable conjunto residencial sector Baja Suiza. Cerca a Home Center, Carabineros, Avenida Kevin Ángel y a pocos minutos del Cable y toda su zona empresarial. Cuenta con 3 alcobas con closet (principal con baño privado), baño auxiliar completo, sala comedor,  cocina semintegral con servicio de gas natural domiciliario, zona de ropas, calentador a gas, pisos en cerámica y madera flotante. Parqueadero y depósito. El conjunto cuenta con portería 24 horas, ascensor, salón social, cancha de fútbol sintética, gimnasio, piscina, sauna y turco, zona de mascotas. No sé permiten mascotas. Agenda tú cita: ***.",[],5.0573506877419,-75.482237347669,,,,,,,,,,,,,,2026-08-02
"Apartaestudio en Venta en Campohermoso, Manizales",https://www.fincaraiz.com.co/apartaestudio-en-venta-en-campohermoso-manizales/193309670,193309670,https://cdn4.fincaraiz.com.co/repo/img/th.outside384x275.6a446007d287b_infocdn__gr-venta-apartaestudio-campohermo-1769134309-0339-6417jpeg.jpeg,[],$ 142.000.000,2 Habs. 1 Baño 30 m²,"Apartaestudio en venta en campohermoso, manizales","Apartaestudio enManizales, Caldas",,Llamar,"Af Capital Inmobiliario ofrece para la Venta apartaestudio Duplex en dos ambientes en el sector de Campohermoso, con un área de 30 mts aprox distribuidos en una alcoba, sala o comedor, cocina sencilla con gas propano, baño, conexión para lavadora. Excelente ubicación cerca a supermercado, iglesia, colegio, Universidad de Manizales lo cual hace que se pueda rentar fácil si deseas invertir tu dinero y recibir tu renta mensual; fácil acceso a servicio de transporte pùblico, tiene parqueadero para moto. Agenda una cita ahora mismo. ***.",[],5.0728370334752,-75.523712930544,,,,,,,,,,,,,,2026-08-02
"Apartamento en Venta en Palermo, Manizales",https://www.fincaraiz.com.co/apartamento-en-venta-en-palermo-manizales/193974664,193974664,https://cdn4.fincaraiz.com.co/repo/img/th.outside384x275.6a50387d524af_infocdn__06f8ef95-e12d-4136-b92d-884c935d7ec7-e315d716e044e8be1d8a2b396ab533b1.jpeg,[],$ 620.000.000,3 Habs. 3 Baños 168 m²,"Apartamento en venta en palermo, manizales","Apartamento enManizales, Caldas",,Llamar,Código ***Descubre este apartamento en venta de 168 m². una excelente oportunidad para quienes buscan amplitud. comodidad y una ubicación privilegiada para disfrutar en familia.El inmueble cuenta con 3 habitaciones. 4 clósets. 2 baños completos con división en vidrio templado. 1 baño social. estudio. amplia sala-comedor. cocina semi integral. área de ropas y calentador a gas. ofreciendo una distribución funcional y espacios generosos para cada integrante del hogar.Sus pisos en cerámica y madera flotante. la excelente iluminación natural y la iluminación LED crean ambientes elegantes. cálidos y confortables. Además. dispone de parqueadero privado cubierto. brindando mayor comodidad y seguridad.El edificio cuenta con vigilancia privada las 24 horas y dos accesos con portería. proporcionando tranquilidad. control de ingreso y facilidad de acceso para residentes y visitantes.Si buscas un apartamento amplio. con excelentes acabados y espacios ideales para vivir con comodidad. esta es una oportunidad que no puedes dejar pasar.¡Contáctanos y agenda tu visita! Estaremos encantados de ayudarte a conocer tu próximo hogar.,[],5.053199,-75.484647,,,,,,,,,,,,,,2026-08-02
"Apartamento en Venta en Guayacanes, Manizales",https://www.fincaraiz.com.co/apartamento-en-venta-en-guayacanes-manizales/194060983,194060983,https://cdn4.fincaraiz.com.co/repo/img/th.outside384x275.6a6d50a3df727_infocdn__tfneine0o4pnu7nc7zkbux1vmxvtwavdw3pjrg4cjpg.jpg,[],$ 360.000.000,1 Hab 2 Baños 51 m²,"Apartamento en venta en guayacanes, manizales","Apartamento enManizales, Caldas",,Llamar,"OPORTUNIDAD VENTA  APARTAESTUDIO CON ASCENSOR DE 51M2, en excelente ubicación a una cuadra de la iglesia de Palermo, con una excelente vista, perfecto para vivir o como inversión con excelentes acabados: Consta de sala comedor, cocina integral con barra americana, gran habitación con baño privado, baño auxiliar,  zona de ropas. que se complementa con parqueadero cubierto y depósoto. El conjunto ofrece, portería de 800am a 400pm,  sistema de videoportero, planta eléctrica, tanque de agua. Cita Previa: ***",[],5.0523597,-75.4874064,,,,,,,,,,,,,,2026-08-02
"Apartamento en Venta en Villa Carmenza, Manizales",https://www.fincaraiz.com.co/apartamento-en-venta-en-villa-carmenza-manizales/192554805,192554805,https://cdn4.fincaraiz.com.co/repo/img/th.outside384x275.6a3ab182538ca_infocdn__gr138541220250620103812jpg.jpg,[],$ 250.000.000,3 Habs. 1 Baño 64 m²,"Apartamento en venta en villa carmenza, manizales","Apartamento enManizales, Caldas",,Llamar,"Código para WhatsApp: ***Venta de Apartamento en Villa Carmenza – Vista InmobiliariaVista Inmobiliaria ofrece en venta un acogedor apartamento ubicado en el sector de Villa Carmenza, con un área de 64 m².Características del apartamento:Habitaciones: 3Baños: 1Iluminación: Excelente luz natural y buena aireaciónUbicación: Cerca de supermercados y con acceso fácil a transporte públicoEste apartamento es una gran opción para quienes buscan comodidad y bienestar en su nuevo hogar. ¡No dude en visitarlo!Los agentes de Vista Inmobiliaria están siempre disponibles para ofrecerle la mejor experiencia en su búsqueda de vivienda.",[],5.0602517819589,-75.509001016617,,,,,,,,,,,,,,2026-08-02
"Casa en  Venta en Cable, Manizales",https://www.fincaraiz.com.co/casa-en-venta-en-cable-manizales/192043574,192043574,https://cdn4.fincaraiz.com.co/repo/img/th.outside384x275.6a3ab04349e60_infocdn__gr138542220250219113315jpg.jpg,[],$ 800.000.000,5 Habs. 3 Baños 234 m²,"Casa en  venta en cable, manizales","Casa enManizales, Caldas",,Llamar,"Código para WhatsApp: ***Vista Inmobiliaria  ofrece para la venta  fantástica casa comercial  de 2 niveles en el sector de Vizcaya, casa en excelente estado, con espacios amplios, iluminación natural, aireada, apta para inversionistas, tiene un área construida  de 234 mt2, 5 alcobas con closet, 3 baños, garage  para 1 carro,  pisos en mármol y madera, cocina integral, sala y comedor , recibidor, 2 subniveles, casa amplia con excelente distribución,  ubicación ideal en la ciudad, cerca al batallón, centros comerciales,  zona rosa del cable, zona gourmet de Milan, estadio palogrande, universidad nacional sede arquitectura, universidad de Caldas, universidad Luis Amigo, Católica.Excelente opción para vivir de una manera cómoda y placentera como siempre se a imaginado, no dude en visitarlo. (los agentes Vista Inmobiliaria siempre dispuestos en brindar la mejor experiencia).",[],5.0544059554212,-75.487988591194,,,,,,,,,,,,,,2026-08-02
"Apartamento en venta en Avenida Alberto Mendoza, Manizales",https://www.fincaraiz.com.co/apartamento-en-venta-en-avenida-alberto-mendoza-manizales/10744070,10744070,https://d3s5pkt10pk3ga.cloudfront.net/resizedImages/384x275/site/fincaraiz_service/media/listing/7a783948-ac1c-4dae-a5de-6e30c6f6e282/photos/7a783948-ac1c-4dae-a5de-6e30c6f6e282_1_True_6ff45b05-33c7-49ad-824e-239a95992d1b.jpg,[],$ 600.000.000,3 Habs. 2 Baños 87 m²,"Apartamento en venta en avenida alberto mendoza, manizales","Apartamento enManizales, Caldas",,Llamar,"Hermoso apartamento en sector exclusivo de la ciudad, vista panorámica, muy iluminado, excelentes acabados, 87 metros, 3 habitaciones cada una con su closet, 2 baños completos, sala comedor grande, cocina integral, barra americana, área de ropas, balcón, estudio, closet de linos, garaje y depósito, en edificio con ascensor, vigilancia 24 horas, salón social, zona infantil, la zona es muy tranquila y segura.",[],5.0454735,-75.4853644,,,,,,,,,,,,,,2026-08-02
"Apartamento en venta en 20 de julio, Manizales",https://www.fincaraiz.com.co/apartamento-en-venta-en-20-de-julio-manizales/10733295,10733295,https://d3s5pkt10pk3ga.cloudfront.net/resizedImages/384x275/site/fincaraiz_service/media/listing/3a13ffd7-95e2-436b-ae47-af8680ed885b/photos/3a13ffd7-95e2-436b-ae47-af8680ed885b_1_True_53ee2896-91ba-4efd-a338-8ecc6f697da7.jpg,[],$ 230.000.000,2 Habs. 2 Baños 56 m²,"Apartamento en venta en 20 de julio, manizales","Apartamento enManizales, Caldas",,Llamar,"Con inmejorables acabados, 56 metros, muy iluminado, 2 habitaciones cada una con su closet, dos baños completos con división en vidrio templado, estudio, sala comedor amplia, cocina integral con barra americana, área de ropas, calentador, parqueadero comunal, en edificio con ascensor, vigilancia 24 horas, salón social, juegos infantiles. Ubicado contiguo al parque de la francia, muy buen acceso a transporte público, supermercados, panaderías, farmacias cerca.",[],5.0614246,-75.5197655,,,,,,,,,,,,,,2026-08-02
"Apartamento en Venta en Avenida Alberto Mendoza, Manizales",https://www.fincaraiz.com.co/apartamento-en-venta-en-avenida-alberto-mendoza-manizales/193646809,193646809,https://cdn4.fincaraiz.com.co/repo/img/th.outside384x275.69e2b2ae8a653_infocdn__sbfuf6i0getnxt11ursn3k2dveru4o0vcvauujj6jpg.jpg,[],$ 1.750.000.000,4 Habs. 3 Baños 172 m²,"Apartamento en venta en avenida alberto mendoza, manizales","Apartamento enManizales, Caldas",,Llamar,"VENDO ESPECTACULAR APARTAMENTO CON ASCENSOR EN EL SECTOR TREBOL PARA ESTRENAR, desarrollado en uno de los sectores exclusivos de la ciudad de Manizales, cerca de la ciudad, rodeado de naturaleza, ubicado en el sector de Expferias. Contiguo a supermercados como Carulla y Mercaldas, cerca de la clínica San Marcel, a solo 5 minutos del aeropuerto La Nubia. A un paso de la zona rosa de la ciudad y del sector gastronómico de Milán. El apartamento consta de gran sala comedor que se integra armoniosamente con un balcón en L, cocina integral con  isla abierta, 3 habitaciones, la principal con  amplio walking closet,  hall, zona de ropas independiente, cuarto de servicio,  parqueadero cubierto doble e independiente, dos depositos.Dentro de unidad cerrada con muchos extras, car lobby, gym, coworking, oratorio, salon social. EXCELENTE OPCION!!. CITA PREVIA .314-7277799.",[],5.0415035,-75.4762529,,,,,,,,,,,,,,2026-08-02
"Apartamento en Venta en Avenida Alberto Mendoza, Manizales",https://www.fincaraiz.com.co/apartamento-en-venta-en-avenida-alberto-mendoza-manizales/193839637,193839637,https://cdn4.fincaraiz.com.co/repo/img/th.outside384x275.6a219d1c8a894_infocdn__ak4gg2xazskikpimbssbsmtntwtgglwfgqpreofxjpg.jpg,[],$ 670.000.000,2 Habs. 2 Baños 90 m²,"Apartamento en venta en avenida alberto mendoza, manizales","Apartamento enManizales, Caldas",,Llamar,"Descubra la esencia del lujo y la comodidad en este exclusivo apartamento, estratégicamente ubicado en uno de los sectores más prestigiosos de Manizales. Cada rincón de esta propiedad ha sido diseñado con un gusto impecable, irradiando elegancia y ofreciendo un confort inigualable para una experiencia de vida superior.",[],5.0415035,-75.4762529,,,,,,,,,,,,,,2026-08-02
"Apartamento en Venta en Cable, Manizales",https://www.fincaraiz.com.co/apartamento-en-venta-en-cable-manizales/193823127,193823127,https://cdn4.fincaraiz.com.co/repo/img/th.outside384x275.6a1cf6aa82196_infocdn__a8tskyg1pjuasmkmdvn0u7vxqbd0uwcnp1ybzzxkjpg.jpg,[],$ 690.000.000,4 Habs. 3 Baños 87 m²,"Apartamento en venta en cable, manizales","Apartamento enManizales, Caldas",,Llamar,"Vendo hermoso apartamento totalmente remodelado en Laureles, Manizales, a pocos minutos del Centro Comercial Cable Plaza. Ubicado en edificio con ascensor y con agradables vistas panorámicas, este inmueble se destaca por su excelente estado de conservación y sus acabados de muy buena calidad. Cuenta con 3 alcobas, incluida una habitación principal con baño privado, además de cuarto de servicio. Su amplia sala-comedor ofrece excelente iluminación natural, complementada por una moderna cocina integral, zona de ropas independiente, parqueadero doble y depósito. Una excelente oportunidad para vivir con comodidad en una ubicación estratégica. Cita previa: ***.",[],5.0562832,-75.4855675,,,,,,,,,,,,,,2026-08-02
"Apartamento en Venta en Palermo, Manizales",https://www.fincaraiz.com.co/apartamento-en-venta-en-palermo-manizales/192646044,192646044,https://cdn4.fincaraiz.com.co/repo/img/th.outside384x275.6877c55542f37_infocdn__f6r6wbrnaga8fbljrjb3spbjv8rhu8vl3ecwevzujpg.jpg,[],$ 890.000.000,3 Habs. 2 Baños 97 m²,"Apartamento en venta en palermo, manizales","Apartamento enManizales, Caldas",,Llamar,"Vendo hermoso apartamento AMOBLADO en Palermo, Manizales. Consta de 97m2, mas parqueadero doble, se distribuye en sala comedor amplio con balcón, cocina integral, baño social y auxiliar completo, zona de estar, tres alcobas amplias con closet, la principal con baño y amplios ventanales al exterior. El edificio tiene ascensor, buena vista, es de construcción reciente y tiene salón para eventos y portería las 24 horas. Cerca está la iglesia de Palermo, la vía principal donde pasa el transporte público y el centro comercial Sancancio.¡Contáctanos, ***es un gusto atenderte!",[],5.0629743,-75.5027698,,,,,,,,,,,,,,2026-08-02
"Apartamento en Venta en La francia, Manizales",https://www.fincaraiz.com.co/apartamento-en-venta-en-la-francia-manizales/193960330,193960330,https://cdn4.fincaraiz.com.co/repo/img/th.outside384x275.6a4c434c6c4f5_infocdn__gr-arriendo-apartamento-la-franci-1753223485-9899-883jpeg.jpeg,[],$ 350.000.000,2 Habs. 2 Baños 58 m²,"Apartamento en venta en la francia, manizales","Apartamento enManizales, Caldas",,Llamar,"Capital Inmobiliario ofrece en venta apartamento con excelentes acabados en el sector de la francia, magnifica vista, iluminacion y ventilacion natural en todas las areas del inmueble, 58 mts distribuidos en dos amplias habitaciones, la principal con baño privado, baño de alcobas, ambos baños con ducha de hidro masajes, sala comedor con balcon, cocina totalmente integral, zona de ropas, parqueadero cubierto, deposito, sector residencial, muy tranquilo, rodeado de naturaleza, cerca a supermercado, colegio, iglesia, parques.Contáctanos! ***",[],5.0689351,-75.5319276,,,,,,,,,,,,,,2026-08-02
"Apartamento en Venta en Expoferias, Manizales",https://www.fincaraiz.com.co/apartamento-en-venta-en-expoferias-manizales/193882019,193882019,https://cdn4.fincaraiz.com.co/repo/img/th.outside384x275.6a31d165ea0cb_infocdn__rfw6jwaombuuqkcbyrjyrtgkuia5ujv0mxbx099ojpg.jpg,[],$ 1.300.000.000,2 Habs. 2 Baños 148 m²,"Apartamento en venta en expoferias, manizales","Apartamento enManizales, Caldas",,Llamar,"Descubra este excepcional apartamento en venta, una residencia unifamiliar moderna y luminosa diseñada para el confort y el estilo de vida actual. Con una antigüedad de 9 a 15 años y un precio de $1.300.000.000, esta propiedad ofrece una experiencia de vida sofisticada y funcional.  Disfrute de amplios espacios inundados de luz natural, realzados por ventanales de piso a techo que ofrecen espectaculares vistas panorámicas a las montañas y la ciudad.",[],5.0449061,-75.4788579,,,,,,,,,,,,,,2026-08-02
"Casa en Venta en La carola, Manizales",https://www.fincaraiz.com.co/casa-en-venta-en-la-carola-manizales/192894542,192894542,https://cdn4.fincaraiz.com.co/repo/img/th.outside384x275.68cddfff5f057_infocdn__qu3oww9gckyvzal0icojfjy8nyx3soyyniozpm8tjpg.jpg,[],$ 550.000.000,3 Habs. 3 Baños 144 m²,"Casa en venta en la carola, manizales","Casa enManizales, Caldas",,Llamar,"Vendo Casa, área de 144m2, en el sector La carola, cuenta con sala comedor, cocina, 3 habitaciones, 3 baños, terraza, garaje y zona de ropas.La Casa se encuentra en sector residencial con excelente ubicación, cerca del Centro comercial Mall Plaza, panadería, supermercados, a pocos minutos del sector el Cable, entre otros.¡Contáctanos y separa tu cita ***!",[],5.0677029,-75.4865191,,,,,,,,,,,,,,2026-08-02
"Casa en Venta en La arboleda, Manizales",https://www.fincaraiz.com.co/casa-en-venta-en-la-arboleda-manizales/193053945,193053945,https://cdn4.fincaraiz.com.co/repo/img/th.outside384x275.69389b5c5ff85_infocdn__vr2yn6zpybkyzva3ggpcfykkvarlygwvwni1mbojjpg.jpg,[],$ 550.000.000,4 Habs. 3 Baños 107 m²,"Casa en venta en la arboleda, manizales","Casa enManizales, Caldas",,Llamar,"Vendo casa en conjunto, área de 107m2, en el sector la Arboleda, sector de  VersallesCuenta con sala comedor, cocina, 4 habitaciones, 3 baños, zona de ropas, estudio, parqueadero.Cuenta con videoportero.La casa se encuentra en sector residencial con excelente ubicación, cerca a colegios, hospitales, universidades y centros médicos, parques, supermercados,¡Contáctanos y separa tu cita ***!",[],5.0594062935881,-75.500557405005,,,,,,,,,,,,,,2026-08-02
"Casa en Venta en La francia, Manizales",https://www.fincaraiz.com.co/casa-en-venta-en-la-francia-manizales/193815997,193815997,https://cdn4.fincaraiz.com.co/repo/img/th.outside384x275.6a19dcf8749c3_infocdn__qm4ilavnjy2koalw0sv3ujsa7kwzg4wfkio0ofhkjpg.jpg,[],$ 530.000.000,5 Habs. 3 Baños 162 m²,"Casa en venta en la francia, manizales","Casa enManizales, Caldas",,Llamar,"¡Hermosa casa en venta en conjunto cerrado sector La Francia!En venta amplia y encantadora casa de diseño exclusivo, ubicada en un sector tranquilo y privilegiado de la ciudad. Cuenta con 162 m² distribuidos en tres niveles, ofreciendo espacios cómodos, funcionales y llenos de confort.La vivienda dispone de 5 habitaciones, la principal con baño privado, además de 2 baños adicionales, amplia sala-comedor, cocina integral con salida al patio, dos depósitos y parqueadero cubierto privado. Su excelente distribución, iluminación natural y hermosa vista hacia La Francia hacen de esta propiedad un lugar ideal para vivir.Ubicada en un conjunto cerrado de solo 30 casas, con un ambiente campestre dentro de la ciudad, cuenta con vigilancia, zonas tranquilas y un entorno familiar.Su ubicación estratégica permite tener cerca supermercados, panaderías, droguerías, parque infantil, iglesia y transporte público, facilitando tu día a día.¡No pierdas esta oportunidad! Contáctanos y agenda tu visita.? ***",[],5.0682728,-75.5326201,,,,,,,,,,,,,,2026-08-02
"Local en Venta en Palermo, Manizales",https://www.fincaraiz.com.co/local-en-venta-en-palermo-manizales/193862836,193862836,https://cdn4.fincaraiz.com.co/repo/img/th.outside384x275.6a29d8118c625_infocdn__ayxxolgeri8u31fq6qfp89cubjazgroxll01nmwkjpg.jpg,[],$ 1.380.000.000,1 Ambiente 2 Baños 114 m²,"Local en venta en palermo, manizales","Local Comercial enManizales, Caldas",,Llamar,"¡Gran Oportunidad de Inversión: Local Comercial en Venta en Sector Palermo!Se vende amplio local comercial con un área de 114 m², más un mezanine de 55 m² destinado para uso administrativo. El inmueble cuenta con dos baños y dos bodegas internas, ofreciendo espacios funcionales para diferentes tipos de negocio.Ubicado al interior de un reconocido centro comercial con alto flujo de visitantes y gran actividad comercial, lo que garantiza una excelente visibilidad y potencial para tu empresa.El centro comercial dispone de una variada oferta de servicios y comercio, incluyendo restaurantes, bancos, gimnasio, supermercado de cadena, almacenes de ropa, heladería y mucho más.Una propiedad ideal para inversionistas o empresarios que buscan una ubicación estratégica y de alta valorización.Para más información o agendar una visita, comunícate al ***.",[],5.0535978,-75.4901251,,,,,,,,,,,,,,2026-08-02
"Casa en Venta en La Florida, Manizales",https://www.fincaraiz.com.co/casa-en-venta-en-la-florida-manizales/193398170,193398170,https://cdn4.fincaraiz.com.co/repo/img/th.outside384x275.699281f6c2947_infocdn__0epcqrx5bqqr60cqzyuiippaszfw6immfci2lkhhjpg.jpg,[],$ 590.000.000,3 Habs. 3 Baños 117 m²,"Casa en venta en la florida, manizales","Casa enManizales, Caldas",,Llamar,"Vendo hermosa casa en la Florida Manizales, ubicada en conjunto cerrado, consta de 117m2, sala comedor, estudio, terraza interior, baño social, cocina abierta con barra, tres alcobas, dos baños completos, acabados modernos. En el exterior se puede parquear dos vehículos. El conjunto cuenta con salón social, juegos infantiles, parqueadero para visitantes y portería las 25 horas  ¡Contáctanos y separa tu cita ***!",[],5.0629743,-75.5027698,,,,,,,,,,,,,,2026-08-02
"Apartamento en Venta en Los laureles, Manizales",https://www.fincaraiz.com.co/apartamento-en-venta-en-los-laureles-manizales/192611543,192611543,https://cdn4.fincaraiz.com.co/repo/img/th.outside384x275.686c89a90d082_infocdn__e8seyalgweyz9vsdxrakfiequjplxedz6saz3lexjpg.jpg,[],$ 520.000.000,3 Habs. 2 Baños 77 m²,"Apartamento en venta en los laureles, manizales","Apartamento enManizales, Caldas",,Llamar,"VENDO CESION  PRECIOSO ARTAMENTO EN UN EDIFICIO DE NUEVA CONSTRUCCIÓN EN EL SECTOR DE LA ALTA SUIZA, CESIÓN, VISTA INTERIOR A URAPANES, PROXIMA ENTREGA, CESIÓN $135.000.000 A LA CONSTRUCTORA $385.000.000 dentro de conjunto cerrado con piscina, salen social, gym, zona coworking, cancha deportiva. Donde podrá disfrutar de unas vistas y amplias zonas sociales El apartamento consta 3 alcobas, la principal con baño y vestier, sala-comedor, cocina integral con amplia barra, balcón con excelentes vistas a Manizales, deposito y parqueadero doble. CITA PREVIA ***",[],5.0534142,-75.4817444,,,,,,,,,,,,,,2026-08-02
"Casa en  Venta en Chipre, Manizales",https://www.fincaraiz.com.co/casa-en-venta-en-chipre-manizales/192208350,192208350,https://cdn4.fincaraiz.com.co/repo/img/th.outside384x275.67e80b1dae520_infocdn__gr87943520250329094310jpg.jpg,[],$ 722.000.000,5 Habs. 3 Baños 320 m²,"Casa en  venta en chipre, manizales","Casa enManizales, Caldas",,Llamar,"Cuenta con parqueadero interno y externo. Al ingresar, nos encontramos con una amplia sala-comedor, cocina integral, patio y baño principal. Al subir al segundo nivel, encontramos un pasillo amplio, una terraza, y en el medio del pasillo, un baño social. Además, tiene tres habitaciones amplias con closet, dos de ellas con vista externa. La casa también cuenta con un apartaestudio de un solo ambiente, con su baño y cocina sencilla, el cual genera un ingreso mensual de $800.000.",[],5.0757691492751,-75.524911880493,,,,,,,,,,,,,,2026-08-02
"Apartamento en Venta en Avenida Santander, Manizales",https://www.fincaraiz.com.co/apartamento-en-venta-en-avenida-santander-manizales/193841199,193841199,https://cdn4.fincaraiz.com.co/repo/img/th.outside384x275.6a21d2c04986b_infocdn__b2ilgczrjnp5a8w0flcuiu0igkb82shixydalsgzjpg.jpg,[],$ 600.000.000,2 Habs. 2 Baños 64 m²,"Apartamento en venta en avenida santander, manizales","Apartamento enManizales, Caldas",,Llamar,"¡Descubra la vida de lujo en TORRES MAKALUAv . Santander, Manizales! Este espectacular apartamento ha sido diseñado para ofrecerle el máximo confort y estilo. Disfrute de dos amplias alcobas, una sala comedor luminosa, cocina integral moderna y dos baños elegantemente terminados. El balcón privado le regala una increíble vista  de la vibrante ciudad de Manizales, el escenario perfecto para sus mañanas o atardeceres.La comodidad se extiende con un parqueadero exclusivo y un práctico depósito. Pero lo que realmente distingue a Torres Makalu son sus zonas sociales premium : una portería privada con seguridad 24 horas, sauna, turco, jacuzzi, dos piscinas para su disfrute, un gimnasio completamente equipado, zona de BBQ, un sofisticado Sky Lounge para eventos inolvidables y un moderno espacio de coworking.",[],5.0610957,-75.488747,,,,,,,,,,,,,,2026-08-02
"Apartamento en Venta en Villapilar, Manizales",https://www.fincaraiz.com.co/apartamento-en-venta-en-villapilar-manizales/194025356,194025356,https://cdn4.fincaraiz.com.co/repo/img/th.outside384x275.6a626014452e5_infocdn__gr562861620260723011759jpg.jpg,[],$ 330.000.000,3 Habs. 2 Baños 67 m²,"Apartamento en venta en villapilar, manizales","Apartamento enManizales, Caldas",,Llamar,"Apartamento en Venta, barrio Villa Pilar, Manizales. Excelente ubicación, iluminación y linda vista. Área 67 m², 3 habitaciones, 2 baños, la principal con baño privado, sala comedor, con dos balcones, cocina integral, zona de ropas y 1 parqueadero cubierto.Edificio con vigilancia 24 horas, ascensor, juegos infantiles, gimnasio y salón social.Cita previa ***- *** - *** - *** - *** - *** - ***",[],5.081663,-75.524123,,,,,,,,,,,,,,2026-08-02
"Apartamento en Venta en Milan, Manizales",https://www.fincaraiz.com.co/apartamento-en-venta-en-milan-manizales/194026511,194026511,https://cdn4.fincaraiz.com.co/repo/img/th.outside384x275.6a6294cb85552_infocdn__gr562861820260723104317jpg.jpg,[],$ 570.000.000,3 Habs. 2 Baños 100 m²,"Apartamento en venta en milan, manizales","Apartamento enManizales, Caldas",,Llamar,"Apartamento en Venta, barrio Milán, Manizales. Excelente ubicación y buena iluminación. Área 100 m², 3 habitaciones, 2 baños, sala comedor, cocina integral, zona de ropas, 2 parqueaderos cubiertos y depósito.Edificio con vigilancia 24 horas y shut  de residuos.Cita previa ***- *** - *** - *** - *** - *** - ***",[],5.0457876123497,-75.480496207964,,,,,,,,,,,,,,2026-08-02
"Apartamento en Venta en Palogrande, Manizales",https://www.fincaraiz.com.co/apartamento-en-venta-en-palogrande-manizales/193849312,193849312,https://cdn4.fincaraiz.com.co/repo/img/th.outside384x275.6a2452e2d7adf_infocdn__pydiqdtyvov2acvffmji8wh4ppssmtsilqiafl4bjpg.jpg,[],$ 695.000.000,3 Habs. 2 Baños 82 m²,"Apartamento en venta en palogrande, manizales","Apartamento enManizales, Caldas",,Llamar,"¡Apartamento en Venta  con una vista espectacular en Palogrande!Ubicado en uno de los sectores más exclusivos y estratégicos de la ciudad, este moderno apartamento en Palogrande ofrece una combinación perfecta entre confort, ubicación y una vista inigualable. A pocos minutos de Cable Plaza, el estadio, centros comerciales, supermercados, tiendas y zonas de entretenimiento.El inmueble cuenta con 3 habitaciones, 2 baños, parqueadero privado y espacios totalmente terminados, con diseños modernos y acabados de alta calidad. Listo para habitar y disfrutar.Su altura privilegiada le brinda una vista espectacular al Estadio Palogrande, al paso del cable aéreo y a hermosos atardeceres que harán de cada día una experiencia única. Un espacio ideal para quienes valoran la tranquilidad sin alejarse de todo lo que necesitan.El edificio cuenta con portería, lobby, salón social, coworking, gimnasio y está ubicado en una zona de alto desarrollo y valorización, perfecta tanto para vivir como para invertir.Viva cerca de su lugar de trabajo, estudio y todo lo que necesita, en un entorno cómodo, moderno y con una vista que lo enamorará.¡No deje pasar esta oportunidad! Contáctenos y agende su visita.",[],5.0538419,-75.4863461,,,,,,,,,,,,,,2026-08-02
"Apartamento en Venta en Bavaria, Manizales",https://www.fincaraiz.com.co/apartamento-en-venta-en-bavaria-manizales/193670288,193670288,https://cdn4.fincaraiz.com.co/repo/img/th.outside384x275.6a3413d877f79_infocdn__gr-venta-apartamento-2-alcobas-se-1776989134-1166-5795jpeg.jpeg,[],$ 215.000.000,2 Habs. 1 Baño 45 m²,"Apartamento en venta en bavaria, manizales","Apartamento enManizales, Caldas",,Llamar,"AF Capital Inmobiliario ofrece para la Venta iluminado apartamento ubicado en tradicional complejo residencial sector Bavaria. Cerca al Hospital De Caldas y a pocas cuadras de la Avenida Paralela. Cuenta con 2 alcobas, 1 baño, sala comedor, cocina semintegral con servicio de gas natural domiciliario, pequeña zona de ropas, calentador a gas, pisos en cerámica. Parqueadero exterior de uso común. Edificio con portería 24 horas, salón social y zonas verdes. Agenda tu cita: ***.",[],5.062624338832,-75.501986432225,,,,,,,,,,,,,,2026-08-02
"Apartamento en Venta en San sebastian, Manizales",https://www.fincaraiz.com.co/apartamento-en-venta-en-san-sebastian-manizales/193578672,193578672,https://cdn4.fincaraiz.com.co/repo/img/th.outside384x275.69ea908acb6e1_infocdn__gr-venta-apartamento-3-alcobas-sa-1774881516-9508-7365jpeg.jpeg,[],$ 145.000.000,3 Habs. 1 Baño 54 m²,"Apartamento en venta en san sebastian, manizales","Apartamento enManizales, Caldas",,Llamar,"AF Capital Inmobiliario ofrece para la Venta acogedor apartamento en buen estado de conservación ubicado en tradicional complejo residencial de San Sebastián. Fácil acceso al servicio de transporte público, a tiendas, droguería y colegio. Cuenta con 3 alcobas, 1 baño, sala comedor, cocina integral con servicio de gas natural domiciliario, pequeña zona de ropas, pisos en cerámica. No posee parqueadero. No paga administraciónAgenda tu cita: 318 / 658 / 5089.",[],5.0891385819985,-75.488788547818,,,,,,,,,,,,,,2026-08-02
"Casa en Venta en El trebol, Manizales",https://www.fincaraiz.com.co/casa-en-venta-en-el-trebol-manizales/194047209,194047209,https://cdn4.fincaraiz.com.co/repo/img/th.outside384x275.6a69794609806_infocdn__n0gyw28mksfszax3zfbdn4xpgcszq1yvs5sqlapgjpg.jpg,[],$ 750.000.000,4 Habs. 3 Baños 141 m²,"Casa en venta en el trebol, manizales","Casa enManizales, Caldas",,Llamar,"Excelente casa en conjunto residencial en el sector de San Marcel, excelente ubicación y facilidad de transporte, tiene cerca supermercados, y zona comercial. cuenta con todas las comodidades de los conjuntos. Consta de  3 habitaciones, incluyendo la principal con estudio,  3 baños (2 completos), cocina integral, sala comedor,cuarto de sevicio y una gran terraza con pérgola perfecta para el entretenimiento al aire libre y parqueadero. El conjunto tiene, cancha deportiva,, parque infantil, portería las 24 horas. Si deseas mas información contáctame ***",[],5.0371239,-75.4731106,,,,,,,,,,,,,,2026-08-02
"Casa en Venta en San marcel, Manizales",https://www.fincaraiz.com.co/casa-en-venta-en-san-marcel-manizales/193949731,193949731,https://cdn4.fincaraiz.com.co/repo/img/th.outside384x275.6a6b767432c4e_infocdn__gr562862220260702040913jpg.jpg,[],$ 900.000.000,3 Habs. 3 Baños 140 m²,"Casa en venta en san marcel, manizales","Casa enManizales, Caldas",,Llamar,"Casa en conjunto en venta, San Marcel, Manizales. Área 140 m², dos niveles, 3 habitaciones, habitación principal con baño y vestier, 3 baños, sala, comedor, cocina integral, zona de ropas independiente, parqueadero para un  vehículo cubierto.Conjunto con vigilancia 24 horas, salón social, cancha de basquetbol y futbol, piscina climatizada y salón social.Cita previa *** - *** - *** - *** - ***- ***",[],5.0349309,-75.4721617,,,,,,,,,,,,,,2026-08-02
"Apartamento en Venta en Aranjuez, Manizales",https://www.fincaraiz.com.co/apartamento-en-venta-en-aranjuez-manizales/192744928,192744928,https://cdn4.fincaraiz.com.co/repo/img/th.outside384x275.6a3aaede249ca_infocdn__gr13854120220423114703jpg.jpg,[],$ 220.000.000,2 Habs. 2 Baños 60 m²,"Apartamento en venta en aranjuez, manizales","Apartamento enManizales, Caldas",,Llamar,"Código para WhatsApp: ***Vista Inmobiliaria ofrece en venta apartamento en Aranjuez, tiene un área de 65 mt2, 2 alcobas, 2 baños, sala /comedor y área de ropas, parqueadero propio descubierto. El edificio tiene vigilancia 24 horas, salón social, cctv, ascensor, garaje de visitantes y tanque de reserva, ubicado cerca del terminal de transporte, av panamericana y supermercados.",[],5.0427141441462,-75.501887798309,,,,,,,,,,,,,,2026-08-02
"Apartamento en venta en Avenida Alberto Mendoza, Manizales",https://www.fincaraiz.com.co/apartamento-en-venta-en-avenida-alberto-mendoza-manizales/10575009,10575009,https://d3s5pkt10pk3ga.cloudfront.net/resizedImages/384x275/site/fincaraiz_service/media/listing/24e4b5e4-1ae1-4620-84d6-d77e5f3a2a95/photos/24e4b5e4-1ae1-4620-84d6-d77e5f3a2a95_1_True_00419769-d61e-4776-9df8-1d51aac89ca9.jpeg,[],$ 780.000.000,3 Habs. 2 Baños 93 m²,"Apartamento en venta en avenida alberto mendoza, manizales","Apartamento enManizales, Caldas",,Llamar,"Vendo Apartamento en San Marcel en uno de los edificios más modernos y lujosos de la zona. Se desarrolla en 93 m², tiene balcón en   la sala, cocina abierta con barra americana, tres habitaciones completas, la principal con baño y vestier. Viene con un parqueadero cubierto y está ubicado en un segundo piso. El edificio tiene club social, gimnasio, piscina, área infantil, vigilancia las 24 horas y locales comerciales.",[],5.0352731,-75.4691404,,,,,,,,,,,,,,2026-08-02
"Apartamento en Venta en El trebol, Manizales",https://www.fincaraiz.com.co/apartamento-en-venta-en-el-trebol-manizales/193846712,193846712,https://cdn4.fincaraiz.com.co/repo/img/th.outside384x275.6a23367e3ca6f_infocdn__fqto5elai5scpx0xlg2oixbtshqjeziokwbsfcbujpg.jpg,[],$ 650.000.000,2 Habs. 2 Baños 79 m²,"Apartamento en venta en el trebol, manizales","Apartamento enManizales, Caldas",,Llamar,"Vendo apartamento en el trébolSe vende confortable apartamento de 79.21m², distribuido en sala comedor, cocina, zona de ropas, balcón, 2 habitaciones y 2 baños. Además, cuenta con parqueadero cubierto y deposito.El conjunto cuenta con vigilancia 24 horas, ascensor, juegos infantiles, cancha de futbol, gimnasio, salón social y jacuzzi.Está ubicado en un sector privilegiado, a pocos minutos del sector el cable, supermercados, restaurantes, bancos, farmacias, con fácil acceso a transporte público.Contáctanos para mayor información: ***",[],5.0441526,-75.4725914,,,,,,,,,,,,,,2026-08-02
"Casa en Venta en La asuncion, Manizales",https://www.fincaraiz.com.co/casa-en-venta-en-la-asuncion-manizales/192984322,192984322,https://cdn4.fincaraiz.com.co/repo/img/th.outside384x275.68efc291e3222_infocdn__l0krqahrzrg6skmzpvooaxdvjfmtcszmifvzsihbjpg.jpg,[],$ 360.000.000,3 Habs. 1 Baño 78 m²,"Casa en venta en la asuncion, manizales","Casa enManizales, Caldas",,Llamar,"Descubra esta encantadora casa esquinera de tres niveles en el codiciado sector de La Asunción, una oportunidad excepcional para quienes buscan un hogar con potencial y estilo. Con 78m² inteligentemente distribuidos, esta propiedad ofrece un ambiente acogedor y funcional. En su interior, encontrará tres luminosas habitaciones, un baño completo, una espaciosa sala comedor ideal para el entretenimiento y una moderna cocina integral que invita a la creación culinaria. Disfrute de momentos de relax al aire libre en su propia terraza privada. Una de las características más atractivas de esta casa es su notable potencial de ampliación, permitiéndole personalizar y aumentar el espacio según sus necesidades y sueños. Aunque no cuenta con parqueadero propio, su ubicación privilegiada en La Asunción garantiza fácil acceso a servicios y transporte. No pierda la oportunidad de transformar esta casa en el hogar de sus sueños.",[],5.0629743,-75.5027698,,,,,,,,,,,,,,2026-08-02
"Apartamento en Venta en Cámbulos, Manizales",https://www.fincaraiz.com.co/apartamento-en-venta-en-cambulos-manizales/193989086,193989086,https://cdn4.fincaraiz.com.co/repo/img/th.outside384x275.6a569e2058e4f_infocdn__wcacs0aflwmlfjzzfoklxu7u0xufw3miqxcpilzfjpg.jpg,[],$ 300.000.000,2 Habs. 2 Baños 51 m²,"Apartamento en venta en cámbulos, manizales","Apartamento enManizales, Caldas",,Llamar,"Se vende apartamento en sector Los Cámbulos, Manizales. Consta de: 2 habitaciones (principal con clóset y baño privado), 1 baño social completo, cocina integral, sala comedor amplia, zona de ropas independiente.Ubicado en piso 12, cuenta con parqueadero privado cubierto, ascensor, portería 24 horas.El conjunto cuenta con zona bbq, cancha sintética, salón social y zona infantil.",[],5.0472672,-75.5057152,,,,,,,,,,,,,,2026-08-02
"Apartamento en Venta en Milan, Manizales",https://www.fincaraiz.com.co/apartamento-en-venta-en-milan-manizales/192354533,192354533,https://cdn4.fincaraiz.com.co/repo/img/th.outside384x275.69fd05ff60d50_infocdn__gr-venta-apartamento-3-alcobas-y-1746554031-1912-750jpeg.jpeg,[],$ 785.000.000,3 Habs. 3 Baños 100 m²,"Apartamento en venta en milan, manizales","Apartamento enManizales, Caldas",,Llamar,"AF Capital Inmobiliario ofrece para la Venta confortable y elegante apartamento con finos y exclusivos acabados ubicado en tranquila zona residencial del Barrio Milán. Cerca a supermercados, restaurantes, colegios, parques y con fácil acceso al servicio de transporte público. Cuenta con 3 alcobas con closet (principal con baño privado inteligente con sensores y ducha hidromasaje y vestier), baño auxiliar completo, hall de alcobas, cómoda sala comedor con salida a un agradable balcón, baño social, moderna cocina integral con diseño único con servicio de gas natural domiciliario, zona de ropas independiente, calentador a gas, pisos en cerámica y madera flotante. Parqueadero y depósito. El edificio cuenta con ascensor peatonal y vehicular, citofonia virtual y terraza en el último piso de uso común. Agenda tú cita: ***.",[],5.0482007096203,-75.478336023748,,,,,,,,,,,,,,2026-08-02
"Apartamento en Venta en El trebol, Manizales",https://www.fincaraiz.com.co/apartamento-en-venta-en-el-trebol-manizales/194046367,194046367,https://cdn4.fincaraiz.com.co/repo/img/th.outside384x275.6a6931c462950_infocdn__mcecdoej95lj1l63ehhtqi5klgsvbuxjspbwxclyjpg.jpg,[],$ 445.000.000,3 Habs. 2 Baños 64 m²,"Apartamento en venta en el trebol, manizales","Apartamento enManizales, Caldas",,Llamar,"Oportunidad única de vivienda en el sector del Batallón / trébolSe vende hermoso apartamento con excelente ubicación.Cuenta con tres habitaciones,todas con clóset, muy buena iluminación natural. La alcoba principal incluye baño privado para mayor comodidad.La propiedad dispone de:Dos bañosSala-comedor con balcónCocina moderna con lavaplatos automáticoZona de ropas independienteParqueadero cubiertoCuarto útilEl edificio ofrece zonas comunes ideales para disfrutar en familia:Cancha múltipleSalón socialGimnasio totalmente dotadoJacuzziUn espacio ideal para vivir con tranquilidad, comodidad y todos los beneficios de un entorno residencial completo.¡Contáctanos para más información o agendar tu cita!",[],5.0417109,-75.4753017,,,,,,,,,,,,,,2026-08-02
"Apartamento en Venta en Niza, Manizales",https://www.fincaraiz.com.co/apartamento-en-venta-en-niza-manizales/193994389,193994389,https://cdn4.fincaraiz.com.co/repo/img/th.outside384x275.6a57dc56326c7_infocdn__06f8ef95-e12d-4136-b92d-884c935d7ec7-b83a0477ba2502ca05f519483b43c744.jpeg,[],$ 430.000.000,2 Habs. 2 Baños 64 m²,"Apartamento en venta en niza, manizales","Apartamento enManizales, Caldas",,Llamar,Código ***Descubre este apartamento en venta de 64 m². una excelente opción para quienes buscan un hogar moderno. cómodo y ubicado en un conjunto residencial con completas zonas comunes.El inmueble cuenta con 2 habitaciones. ambas con clóset. 2 baños completos con división en vidrio templado. estudio. amplia sala-comedor. balcón. cocina semi integral con isla. zona de ropas y calentador a gas. ofreciendo espacios funcionales y bien distribuidos para disfrutar en familia.Sus pisos en cerámica. la excelente iluminación natural y la iluminación LED brindan un ambiente moderno. acogedor y de fácil mantenimiento.El edificio cuenta con vigilancia privada las 24 horas. ascensor. cancha deportiva. parque infantil. parqueadero para visitantes y zonas verdes. espacios ideales para el bienestar. la recreación y la tranquilidad de sus residentes.Si buscas un apartamento con excelentes acabados. amplios espacios y un entorno seguro. esta es una oportunidad que no puedes dejar pasar.¡Contáctanos y agenda tu visita! Estaremos encantados de ayudarte a conocer tu próximo hogar o inversión.,[],5.058472,-75.473554,,,,,,,,,,,,,,2026-08-02
"Apartamento en Venta en Palermo, Manizales",https://www.fincaraiz.com.co/apartamento-en-venta-en-palermo-manizales/193899111,193899111,https://cdn4.fincaraiz.com.co/repo/img/th.outside384x275.6a36e9156cac6_infocdn__lda0hkitwmy96gn5bfcw1rbq2b6jsptnogt3bmsvjpg.jpg,[],$ 1.300.000.000,4 Habs. 4 Baños 188 m²,"Apartamento en venta en palermo, manizales","Apartamento enManizales, Caldas",,Llamar,"Bienvenido a tu nuevo lugar de ensueño, vendo  apartamento en conjunto cerrado ubicado en el sector Palermo, con 188 m² con vistas panorámicas a nevados, montañas, con acabados de alta calidad, situado cerca al morro de Sncancio, .  El apartamento consta de 4 habitaciones, 3 baños, amplia sala comedor, cocina integral con amplios espacios de almacenamientos, torre de hornos, amplios gabinetes, zona de ropas adicional cuenta con 2 parqueadero cubiertos, deposito. Conjunto con vigilancia zonas sociales, cuenta con Lobby central,  oficina administrativa. VISITALO. Cita previa ***",[],5.0490453,-75.4887042,,,,,,,,,,,,,,2026-08-02
"Apartamento en Venta en Expoferias, Manizales",https://www.fincaraiz.com.co/apartamento-en-venta-en-expoferias-manizales/194017165,194017165,https://cdn4.fincaraiz.com.co/repo/img/th.outside384x275.6a6031573ea46_infocdn__gr56286420250715035625png.png,[],$ 725.000.000,2 Habs. 2 Baños 91 m²,"Apartamento en venta en expoferias, manizales","Apartamento enManizales, Caldas",,Llamar,"Apartamento en venta, sector Expoferias, Manizales. Piso alto, linda vista. Área 91.60 m²,2 habitaciones, la principal con baño privado, 2 baños, sala comedor, balcón, cocina integral,  zona de ropas, depósito y 1 parqueadero.Edificio con coworking, cancha de squash, salón social, gimnasio, zona de mascotas, juegos infantiles y locales comerciales.Cita previa *** – *** - *** - ***3116765086 ***",[],5.0422069702585,-75.473397652189,,,,,,,,,,,,,,2026-08-02
"Casa en Venta en Chipre, Manizales",https://www.fincaraiz.com.co/casa-en-venta-en-chipre-manizales/192888704,192888704,https://cdn4.fincaraiz.com.co/repo/img/th.outside384x275.68cc32ca57619_infocdn__5kcgqznzbqzifgi76ns3gmcbf4civeez61o0uggnjpg.jpg,[],$ 450.000.000,4 Habs. 2 Baños 130 m²,"Casa en venta en chipre, manizales","Casa enManizales, Caldas",,Llamar,"¡Oportunidad Única! Casa de 4 Habitaciones con Chimenea y Garaje en ChipreDescubre esta espaciosa casa de 130 m² en venta, ubicada en el tradicional y deseado barrio Chipre, Manizales. Perfecta para una familia que busca comodidad y un ambiente acogedor.Esta propiedad te ofrece: Garaje para tu comodidad y seguridad - Acogedora chimenea, ideal para las noches frías - 4 habitaciones, brindando amplios espacios - 2 baños completos - Cocina - Amplia sala comedor.Terraza, perfecta para disfrutar del aire libre.Servicio de gas propano.Precio de Venta: $490'000.000Vive en una de las zonas con las mejores vistas de Manizales, en un hogar con gran potencial y todas las comodidades.¡No dejes pasar esta excelente oportunidad de inversión en Chipre! Contáctanos para más información y agendar una visita.",[],5.0761043551669,-75.523055322754,,,,,,,,,,,,,,2026-08-02
"Casa en Venta en El trebol, Manizales",https://www.fincaraiz.com.co/casa-en-venta-en-el-trebol-manizales/193850086,193850086,https://cdn4.fincaraiz.com.co/repo/img/th.outside384x275.6a24d369acc2a_infocdn__l8bzbwaasvf9wdkb5ezsnfflkyjyhcugf0ye6ozajpg.jpg,[],$ 895.000.000,4 Habs. 2 Baños 145 m²,"Casa en venta en el trebol, manizales","Casa enManizales, Caldas",,Llamar,"vivienda que puede ser suya, excelente ubicación y facilidad de transporte, tiene cerca supermercados, y zona comercial. cuenta con todas las comodidades de los conjuntos... Consta  de  4 habitaciones, incluyendo principal con vestier amplio, 3 baños (2 completos), sala comedor aparte, cocina integral moderna, zona de ropas,  pérgola perfecta para el entretenimiento al aire libre y parqueadero para 2 vehículos cubierto. El condominio tiene pisicna, canacha multideporte, club house, parque infantil, portería las 24 horas. Si deseas mas información contáctame ***",[],5.0371239,-75.4731106,,,,,,,,,,,,,,2026-08-02
"Casa en Venta en El trebol, Manizales",https://www.fincaraiz.com.co/casa-en-venta-en-el-trebol-manizales/193919165,193919165,https://cdn4.fincaraiz.com.co/repo/img/th.outside384x275.6a3dd52982da2_infocdn__p1byy5hvykfnqsm7xfbugxivwnwfs00yqpic0wlbjpg.jpg,[],$ 2.800.000.000,4 Habs. 5 Baños 414 m²,"Casa en venta en el trebol, manizales","Casa enManizales, Caldas",,Llamar,"Disfruta del lujo y el confort de esta exclusiva casa campestre con espectaculares vistas panorámicas en el sector del Trebol Manizales . Con un lote de 900 m² y 414 m² construidos, esta casa en dos niveles ofrece espacios amplios y modernos. Cuenta con 4 habitaciones,  todas con vestier amplio, 5 baños (4 completos), estudio, ccocina integral con isla, cuarto despensa, amplia sala comedor con techos altos y una gran terraza con pérgola perfecta para el entretenimiento al aire libre, patio de ropas, cuarto servicio y parqueadero para 2 vehículos cubierto. ¡No dejes pasar esta oportunidad de vivir en el paraíso urbano!. Conjunto cerrado con cerramiento y vigilancia privada¡Si deseas recibir más información! contáctanos, Tel: ***",[],5.0359802,-75.4719721,,,,,,,,,,,,,,2026-08-02
"Casa en Venta en La rambla, Manizales",https://www.fincaraiz.com.co/casa-en-venta-en-la-rambla-manizales/193687706,193687706,https://cdn4.fincaraiz.com.co/repo/img/th.outside384x275.69f1823114848_infocdn__swofqfr78zfighijwvtityuvdsonfaeujy7mxwdnjpg.jpg,[],$ 650.000.000,3 Habs. 3 Baños 128 m²,"Casa en venta en la rambla, manizales","Casa enManizales, Caldas",,Llamar,"Vendo casa en el sector de Rambla de  Área 130  m² mas terraza cubierta, en buenas condiciones, muy ventilada e iluminada con increibles  vistas a zonas verdes y ciudad en una ubicación estratégica cerca de zonas comerciales, transporte publico, colegios, avenidos, consta de  3 habitaciones,  estudio, 3 baños, cocina integral blanca y negra moderna independiente con amplios espacios,  parqueadero  VISITALA. Cita previa ***",[],5.0596448,-75.485327,,,,,,,,,,,,,,2026-08-02
"Apartamento en Venta en Avenida Kevin Angel, Manizales",https://www.fincaraiz.com.co/apartamento-en-venta-en-avenida-kevin-angel-manizales/193634463,193634463,https://cdn4.fincaraiz.com.co/repo/img/th.outside384x275.69dfbd0386e29_infocdn__dpyiwu7w3qahbhrsqr1ptaq8torxiol68oa5aeqnjpg.jpg,[],$ 490.000.000,3 Habs. 2 Baños 80 m²,"Apartamento en venta en avenida kevin angel, manizales","Apartamento enManizales, Caldas",,Llamar,"Eslava Gestión Inmobiliaria tiene el gusto de presentar en venta este fantástico apartamento de construcción reciente ubicado frente a Mall Plaza. Exclusivo proyecto de reconocida constructora de la ciudad, el sistema de construcción es tradicional.Conjunto dotado de doble ascensor, salón social, cancha múltiple, juegos infantiles, zona de lectura, gimnasio y vigilancia privada 24 horas.El apartamento cuenta con parqueadero cubierto y amplio depósito.¡Ven a conocerlo, es el lugar ideal para ti y tu familia!",[],5.0660378,-75.4903691,,,,,,,,,,,,,,2026-08-02
"Apartamento en Venta en Palermo, Manizales",https://www.fincaraiz.com.co/apartamento-en-venta-en-palermo-manizales/193770640,193770640,https://cdn4.fincaraiz.com.co/repo/img/th.outside384x275.6a0f3802bd402_infocdn__gr461792020260520103915jpeg.jpeg,[],$ 350.000.000,2 Habs. 1 Baño 60 m²,"Apartamento en venta en palermo, manizales","Apartamento enManizales, Caldas",,Llamar,"Capital inmobiliario ofrece para la Venta amplio e iluminado apartamento en Palermo sector  residencial y tranquilo, cerca a la iglesia, centro comercial Sancancio, supermercados, droguerías y con excelente acceso vehicular. El apartamento cuenta con un área de 60 mtrs2 distribuidos en sala comedor, cocina integral, patoi de ropas,  2 alcobas amplias  con closet, baño de alcobas completo. el piso es de madera sólida y las puertas y clósets son en Cedro Negro. Agenda tu cita: 318 / 658 / 5089.",[],5.0499477,-75.4900414,,,,,,,,,,,,,,2026-08-02
"Apartamento en Venta en El trebol, Manizales",https://www.fincaraiz.com.co/apartamento-en-venta-en-el-trebol-manizales/193390118,193390118,https://cdn4.fincaraiz.com.co/repo/img/th.outside384x275.69962fdd9ed88_infocdn__urnqecu5ie43pcs7x4ybsc56ku0c1esbmvbd15t6jpg.jpg,[],$ 810.000.000,3 Habs. 3 Baños 110 m²,"Apartamento en venta en el trebol, manizales","Apartamento enManizales, Caldas",,Llamar,"En venta apartamento ubicado en el sector El Trébol, con un área de 110 m² distribuidos en sala comedor con acceso a balcón y ventanales de piso a techo que brindan excelente iluminación natural. Cuenta con cocina integral de concepto abierto con barra tipo americana y extractor, zona de ropas independiente, tres habitaciones con clósets remodelados y tres baños. Las habitaciones están dotadas con vidrios antirruido, brindando mayor aislamiento acústico y un ambiente más silencioso y cómodo. Además, dispone de parqueadero cubierto doble y bodega con piso en cerámica y estanterías.El conjunto ofrece vigilancia 24 horas, recepción, salón social, terrazas con vista panorámica, gimnasio y juegos infantiles.Ubicado a pocos minutos del sector del Cable y de Milán, cerca del Bosque Popular El Prado y rodeado de zonas verdes.Contáctanos para mayor información al ***",[],5.0413856,-75.4781309,,,,,,,,,,,,,,2026-08-02
"Apartaestudio en Venta en Palermo, Manizales",https://www.fincaraiz.com.co/apartaestudio-en-venta-en-palermo-manizales/193415001,193415001,https://cdn4.fincaraiz.com.co/repo/img/th.outside384x275.6997796bad6ea_infocdn__fu5u3p1pumfwz7ckzayu29cg83vdex82rldbtb2vjpg.jpg,[],$ 165.000.000,1 Hab 1 Baño 21 m²,"Apartaestudio en venta en palermo, manizales","Apartaestudio enManizales, Caldas",,Llamar,"En venta apartaestudio en el sector Palermo.Cuenta con un área de 21 m², distribuidos de manera funcional en un solo ambiente, con espacio para sala y alcoba, cocina integral y baño completo.El inmueble se vende amoblado, listo para habitar o generar ingresos desde el primer día. Además, cuenta con posibilidad de parquear un vehículo en la zona de bahía, brindando mayor comodidad.Es una excelente opción para una persona sola, estudiante o como inversión para renta, gracias a su ubicación estratégica y alta demanda en el sector.Se encuentra cerca de transporte público, universidades, supermercados y zonas comerciales, lo que facilita la movilidad y el acceso a todos los servicios necesarios.? Contáctanos para más información al ***y agenda tu visita.",[],5.0545266,-75.4843016,,,,,,,,,,,,,,2026-08-02
"Apartamento en  Venta en Avenida Santander, Manizales",https://www.fincaraiz.com.co/apartamento-en-venta-en-avenida-santander-manizales/191746310,191746310,https://cdn4.fincaraiz.com.co/repo/img/th.outside384x275.674b427069877_infocdn__km2vvfho489nefbhsqmhnvitykgsxuhqjtf4nhenjpg.jpg,[],$ 530.000.000,3 Habs. 3 Baños 112 m²,"Apartamento en  venta en avenida santander, manizales","Apartamento enManizales, Caldas",,Llamar,"La Inmobiliaria Lucía Prada te ofrece para la venta Apartamento en excelente ubicación, con hermosa vista, esquinero lo cual lo hace con mayor iluminación natural, cuenta con un área de 112 metros cuadrados construidos, distribuidos en 3 alcobas generosas, todas con su closteh, la principal con vestier y baño privado con tina, sala comedor amplia, estudio, cocina integral amplia, zona de ropas, alcoba de servicio con baño, tambien cuenta con su propio parqueadero privado.El edificio cuenta con vigilancia las 24 horas, ascensor.Date la oportunidad de conocerlo y contactanos al ***",[],5.0613672,-75.4916808,,,,,,,,,,,,,,2026-08-02
"Apartamento en Venta en San jorge, Manizales",https://www.fincaraiz.com.co/apartamento-en-venta-en-san-jorge-manizales/193490565,193490565,https://cdn4.fincaraiz.com.co/gen-ai/th.outside384x275.enhanced_image_20260311140846.png,[],$ 420.000.000,4 Habs. 2 Baños 279 m²,"Apartamento en venta en san jorge, manizales","Apartamento enManizales, Caldas",,Llamar,"Se vende casa en el corazón del barrio San Jorge, en sector comercial, este inmueble tiene gran vocación comercial debido a su ubicación estratégica y posibilidad de ampliación y remodelación, cuenta con una casa mixta, de 4 habitaciones, 2 baños , cocina sencilla y sala comedor, patio y lote de 143 metros que permite adaptar a diferentes tipos de construcción.",[],5.067448,-75.499259,,,,,,,,,,,,,,2026-08-02
"Apartaestudio en  Venta en Lleras, Manizales",https://www.fincaraiz.com.co/apartaestudio-en-venta-en-lleras-manizales/192022390,192022390,https://cdn4.fincaraiz.com.co/repo/img/th.outside384x275.6a579e918de68_infocdn__61-0-50820392jpeg.jpeg,[],$ 220.000.000,1 Hab 1 Baño 52 m²,"Apartaestudio en  venta en lleras, manizales","Apartaestudio enManizales, Caldas",,Llamar,"Apartaestudio en excelente sector, ubicado sobre la Av paralela,  cuenta con 1 alcoba independiente, 1 baño, sala comedor, cocina semintegral cpn gas natural y patio de ropas.",[],5.0641844265155,-75.501939179376,,,,,,,,,,,,,,2026-08-02
"Apartamento en Venta en Sector Tejares, Manizales",https://www.fincaraiz.com.co/apartamento-en-venta-en-sector-tejares-manizales/193459467,193459467,https://cdn4.fincaraiz.com.co/repo/img/th.outside384x275.69a75047b9ea7_infocdn__e80mfjb0dsyn7tkp5mfhwch9nc2uytonpa7zj6nhjpg.jpg,[],$ 650.000.000,3 Habs. 2 Baños 90 m²,"Apartamento en venta en sector tejares, manizales","Apartamento enManizales, Caldas",,Llamar,"Apartamento en venta con hermosa vista a las montañasApartamento con 90 m² de área construida más 20 m² de terraza, ideal para disfrutar de una espectacular vista a las montañas y de amplios espacios llenos de tranquilidad.El inmueble está distribuido en sala comedor seguida, pequeño estudio, cocina integral, patio independiente amplio y ventilado (mitad techado), 3 habitaciones con clóset y 2 baños con ducha. Cuenta además con pisos en madera y 1 garaje cubierto.Ubicado en un sector campestre, rodeado de naturaleza y tranquilidad, perfecto para quienes buscan un ambiente relajado y confortable.El edificio ofrece ascensor, vigilancia privada las 24 horas, salón social para eventos y juegos infantiles, ideales para disfrutar en familia.? Contáctanos para más información o agendar tu visita:***.",[],5.04554,-75.485495,,,,,,,,,,,,,,2026-08-02
"Apartamento en Venta en Milan, Manizales",https://www.fincaraiz.com.co/apartamento-en-venta-en-milan-manizales/192354566,192354566,https://cdn4.fincaraiz.com.co/repo/img/th.outside384x275.69fd05e69f737_infocdn__gr-venta-apartamento-3-alcobas-y-1746554021-2423-250jpeg.jpeg,[],$ 791.000.000,3 Habs. 3 Baños 100 m²,"Apartamento en venta en milan, manizales","Apartamento enManizales, Caldas",,Llamar,"AF Capital Inmobiliario ofrece para la Venta confortable y elegante apartamento con finos y exclusivos acabados ubicado en tranquila zona residencial del Barrio Milán. Cerca a supermercados, restaurantes, colegios, parques y con fácil acceso al servicio de transporte público. Cuenta con 3 alcobas con closet (principal con baño privado inteligente con sensores y ducha hidromasaje y vestier), baño auxiliar completo, hall de alcobas, cómoda sala comedor con salida a un agradable balcón, baño social, moderna cocina integral con diseño único con servicio de gas natural domiciliario, zona de ropas independiente, calentador a gas, pisos en cerámica y madera flotante. Parqueadero y depósito. El edificio cuenta con ascensor peatonal y vehicular, citofonia virtual y terraza en el último piso de uso común. Agenda tú cita: ***.",[],5.0482007096203,-75.478336023748,,,,,,,,,,,,,,2026-08-02
"Oficina en Venta en El centro, Manizales",https://www.fincaraiz.com.co/oficina-en-venta-en-el-centro-manizales/193974607,193974607,https://cdn4.fincaraiz.com.co/repo/img/th.outside384x275.6a503e3894734_infocdn__06f8ef95-e12d-4136-b92d-884c935d7ec7-a4005fbb5d7f179a040543a92fe8309c.jpeg,[],$ 90.000.000,20 m²,"Oficina en venta en el centro, manizales","Oficina enManizales, Caldas",,Llamar,Código ***Descubre esta oficina en venta de 20.8 m². una excelente oportunidad para establecer tu empresa o realizar una inversión en pleno centro de la ciudad. una zona de alta actividad comercial y empresarial.El inmueble cuenta con pisos en cerámica. vitrina frontal. excelente iluminación natural e iluminación LED. ofreciendo un espacio cómodo. funcional y con gran visibilidad para oficinas. consultorios o actividades administrativas.El edificio dispone de portería y vigilancia las 24 horas y ascensor. brindando mayor seguridad. comodidad y fácil acceso para colaboradores y visitantes.Su ubicación estratégica te permitirá estar cerca de oficinas. bancos. supermercados. iglesias. restaurantes. cafeterías. almacenes y una amplia zona comercial. además de contar con fácil acceso al transporte público y a las principales vías de la ciudad.Si buscas una oficina bien ubicada. con excelente presentación y gran potencial para tu negocio. esta es una oportunidad que no puedes dejar pasar.¡Contáctanos y agenda tu visita! Estaremos encantados de ayudarte a conocer el espacio ideal para tu empresa!,[],5.067788,-75.518657,,,,,,,,,,,,,,2026-08-02
"Casa en Venta en La enea, Manizales",https://www.fincaraiz.com.co/casa-en-venta-en-la-enea-manizales/194004719,194004719,https://cdn4.fincaraiz.com.co/repo/img/th.outside384x275.6a5a932ebd2d9_infocdn__06f8ef95-e12d-4136-b92d-884c935d7ec7-f0e9c0ff7dc50b37320f4d66dadbb01f.jpeg,[],$ 570.000.000,4 Habs. 2 Baños 171 m²,"Casa en venta en la enea, manizales","Casa enManizales, Caldas",,Llamar,Código ***Descubre esta casa en venta de 171 m² construidos. una excelente opción para quienes buscan amplitud. comodidad y espacios versátiles en una ubicación estratégica de la ciudad.La vivienda cuenta con 4 habitaciones. 3 clósets. hall. sala y comedor independientes. cocina integral. patio de ropas con doble altura y garaje. ofreciendo una distribución funcional y cómoda para toda la familia.Sus pisos en cerámica. mármol. madera flotante y tablilla lacada. junto con la excelente iluminación natural e iluminación LED. crean ambientes cálidos. elegantes y de fácil mantenimiento.Como valor agregado. la propiedad dispone de un local comercial. el cual también puede utilizarse como garaje. según las necesidades del comprador. brindando una excelente alternativa para desarrollar un negocio o contar con un espacio adicional de parqueo.Su ubicación privilegiada permite estar cerca de avenidas principales. supermercados. cafeterías. tiendas. almacenes. carnicerías. ferreterías. parques. escuelas y colegios. además de contar con fácil acceso al transporte público y a las principales vías de la ciudad.Si buscas una casa amplia. bien ubicada y con espacios que se adapten a tus necesidades. esta es una excelente oportunidad para vivir o invertir.¡Contáctanos y agenda tu visita! Estaremos encantados de ayudarte a conocer tu próximo hogar.,[],5.031756,-75.458425,,,,,,,,,,,,,,2026-08-02
"Apartamento en Venta en Villa Carmenza, Manizales",https://www.fincaraiz.com.co/apartamento-en-venta-en-villa-carmenza-manizales/193992721,193992721,https://cdn4.fincaraiz.com.co/repo/img/th.outside384x275.6a57aff0b3205_infocdn__06f8ef95-e12d-4136-b92d-884c935d7ec7-e4fdee88cd117160aa398b2cb7c9af31.jpeg,[],$ 330.000.000,3 Habs. 2 Baños 59 m²,"Apartamento en venta en villa carmenza, manizales","Apartamento enManizales, Caldas",,Llamar,Código ***Descubre este apartamento en venta en Villa Carmenza. Manizales. con acabados modernos. excelente ventilación e iluminación natural. ideal para quienes buscan comodidad. seguridad y una excelente ubicación para vivir o invertir.El inmueble cuenta con 3 habitaciones. 2 de ellas con clóset. 2 baños completos con división en vidrio templado. amplia sala-comedor. cocina integral con barra americana. área de ropas independiente. balcón. gas natural. calentador a gas y parqueadero comunal cubierto y descubierto. ofreciendo espacios cómodos. funcionales y bien distribuidos.Sus pisos en porcelanato aportan un estilo moderno y elegante. además de facilitar el mantenimiento. El conjunto residencial dispone de excelentes zonas comunes como portería y vigilancia privada las 24 horas. doble ascensor. lobby. salón social. parque infantil. senderos peatonales y terraza. ideales para disfrutar en familia y brindar mayor calidad de vida.Su ubicación estratégica en Villa Carmenza permite estar cerca de colegios. jardines infantiles. supermercados. parques. iglesias. comercio y contar con fácil acceso al transporte público y a las principales vías de Manizales.Si buscas un apartamento moderno. con excelentes acabados y en un sector de alta valorización. esta es una oportunidad que no puedes dejar pasar.¡Contáctanos y agenda tu visita! Estaremos encantados de ayudarte a conocer tu próximo hogar o inversión.,[],5.06195,-75.509071,,,,,,,,,,,,,,2026-08-02
Apartamento en  Venta en Manizales,https://www.fincaraiz.com.co/apartamento-en-venta-en-manizales/191913384,191913384,https://cdn4.fincaraiz.com.co/repo/img/th.outside384x275.6a61a12763cf4_infocdn__gr138541420241028113436jpg.jpg,[],$ 190.000.000,3 Habs. 1 Baño 57 m²,Apartamento en  venta en manizales,"Apartamento enManizales, Caldas",,Llamar,"Código para WhatsApp: ***Código para WhatsApp: ***Vista Inmobiliaria tiene en venta fantástico apartamento en el sector de Puertas del Sol, Manizales, apartamento en excelente estado, aireado e Iluminado, con acabados modernos, tiene un área de 57 Mt2, 3 habitaciones, 1 baño, cocina semi/integral, sala/comedor y área de ropas,  lugar tranquilo alejado del ruido, a 15 minutos de Manizales.Excelente opción para vivir de una manera cómoda y placentera como siempre se ha imaginado, no dude en visitarlo. (los agentes Vista Inmobiliaria siempre dispuestos a brindar la mejor experiencia).",[],5.0847139084267,-75.513850450516,,,,,,,,,,,,,,2026-08-02
"Apartaestudio en Venta en Campo hermoso, Manizales",https://www.fincaraiz.com.co/apartaestudio-en-venta-en-campo-hermoso-manizales/192744899,192744899,https://cdn4.fincaraiz.com.co/repo/img/th.outside384x275.6a3aaecb6358a_infocdn__gr138541320240715053110jpg.jpg,[],$ 180.000.000,1 Hab 1 Baño 35 m²,"Apartaestudio en venta en campo hermoso, manizales","Apartaestudio enManizales, Caldas",,Llamar,"Código para WhatsApp: ***Vista inmobiliaria tiene en venta fantástico apartaestudio en el sector de Campohermoso, con un área de 35 Mt2, 1 habitación, 1 baño, pisos en cerámica y área de ropas, ubicación ideal cerca del centro de la ciudad de Manizales, universidad de Manizales, iglesia de Chipre y San Andresito, piso 3 sin ascensor.Excelente opción para vivir de una manera cómoda y placentera como siempre se ha imaginado, no dude en visitarlo. (los agentes Vista Inmobiliaria siempre dispuestos a brindar la mejor experiencia).",[],5.0757691492751,-75.521221160889,,,,,,,,,,,,,,2026-08-02
"Apartamento en Venta en Alta suiza, Manizales",https://www.fincaraiz.com.co/apartamento-en-venta-en-alta-suiza-manizales/193417796,193417796,https://cdn4.fincaraiz.com.co/repo/img/th.outside384x275.699868b1506f8_infocdn__78gljhrwetnl4qakhtsvk6mfk4ytcbqkisgxa7xijpg.jpg,[],$ 480.000.000,3 Habs. 2 Baños 92 m²,"Apartamento en venta en alta suiza, manizales","Apartamento enManizales, Caldas",,Llamar,"Venta apartamento en el sector de la alta Suiza con una área de 92 metros cuadrados construidos distribuidos en tres alcobas amplias e iluminadas todas con su clóset la alcoba principal con baño privado y balcón, 1 baño completo, sala comedor con balcón cocina integral y zona de ropas independiente. Además, cuenta con parqueadero privado cubierto.El edificio dispone de vigilancia diurna y se encuentra ubicado en un sector tranquilo y de fácil acceso.Date la oportunidad de conocer este excelente inmueble.? Contáctanos al ***y agenda tu visita.",[],5.0527468,-75.4813043,,,,,,,,,,,,,,2026-08-02
"Apartamento en Venta en Alta suiza, Manizales",https://www.fincaraiz.com.co/apartamento-en-venta-en-alta-suiza-manizales/193175061,193175061,https://cdn4.fincaraiz.com.co/repo/img/th.outside384x275.6933643ae0af2_infocdn__ptb6lbhsy4biizyxew1rcverkqvtxb75gu8vj2awjpg.jpg,[],$ 429.000.000,3 Habs. 2 Baños 62.7 m²,"Apartamento en venta en alta suiza, manizales","Apartamento enManizales, Caldas",,Llamar,"Vendo confortable apartamento, área de 62.70m², en Conjunto residencial, sector Bella suiza, cuenta con sala comedor, 3 habitaciones, 2 baños, cocina y zona de ropas, vigilancia las 24 horas, ascensor.cuenta con parqueadero, deposito, piscina, cancha de futbol, juegos infantiles, gimnasio, entre otros.El apartamento se encuentra cerca de supermercados, tiendas, panaderías, entre otros, a pocos minutos del centro comercial Cable plaza, con excelente transporte público.¡Contáctanos y separa tu cita ***!",[],5.0580396,-75.4804352,,,,,,,,,,,,,,2026-08-02
"Casa en Venta en San marcel, Manizales",https://www.fincaraiz.com.co/casa-en-venta-en-san-marcel-manizales/193632432,193632432,https://cdn4.fincaraiz.com.co/repo/img/th.outside384x275.69dee5369c442_infocdn__alqdpvawfhqtcjdkb2wf9ghjkm5p9wowl4nw8n3cjpg.jpg,[],$ 720.000.000,4 Habs. 3 Baños 120 m²,"Casa en venta en san marcel, manizales","Casa enManizales, Caldas",,Llamar,"Eslava Gestión Inmobiliaria tiene el gusto de presentar para la venta casa en exclusivo conjunto cerrado, ubicado en el sector de san marcel frente al bosque popular para disfrutar al máximo del contacto con la naturaleza y una vista excelente. Cuenta con 4 habitaciones o 3 y estudio.Encontrarás tranquilidad de una unidad cerrada con vigilancia privada 24 horas, piscina, salón social, bahías de parqueadero para visitantes, entre otros.Transporte público en la entrada del conjunto y acceso al aeropuerto en 5 minutos.¡Ven a conocerla, es el lugar ideal para ti y tu familia!",[],5.035665,-75.4690041,,,,,,,,,,,,,,2026-08-02
"Apartamento en Venta en Palermo, Manizales",https://www.fincaraiz.com.co/apartamento-en-venta-en-palermo-manizales/193758938,193758938,https://cdn4.fincaraiz.com.co/repo/img/th.outside384x275.6a4eb35c140c5_infocdn__gr-arrienda-apartamento-3-alcobas-1778951957-1795-8825jpeg.jpeg,[],$ 600.000.000,3 Habs. 3 Baños 180 m²,"Apartamento en venta en palermo, manizales","Apartamento enManizales, Caldas",,Llamar,"AF Capital Inmobiliario ofrece para la Venta amplio apartamento duplex con buena iluminación natural y generosos espacios ubicado en tranquila zona residencial de Palermo. Cerca encontrarás supermercados, restaurantes, iglesia y a pocas cuadras el centro comercial Sancancio. Cuenta con 3 alcobas con closet (principal amplia con baño privado y tina), hall de alcobas, baño auxiliar completo, sala comedor, estudio, alcoba empleada con baño, cocina integral con servicio de gas natural domiciliario, zona de ropas, calentador a gas, pisos en cerámica y madera flotante. Adicional posee una cómoda terraza. Parqueadero doble y depósito. 4 piso sin ascensor. Edificio con citofonia.Agenda ahora: 318 / 658 / 5089.",[],5.0500623703418,-75.488798237921,,,,,,,,,,,,,,2026-08-02
Casa en Venta en Manizales,https://www.fincaraiz.com.co/casa-en-venta-en-manizales/193962724,193962724,https://cdn4.fincaraiz.com.co/repo/img/th.outside384x275.6a4d0fd533867_infocdn__06f8ef95-e12d-4136-b92d-884c935d7ec7-aaacf1129305ba2b97e1e560f2fa13b8.jpeg,[],$ 360.000.000,4 Habs. 3 Baños 125 m²,Casa en venta en manizales,"Casa enManizales, Caldas",,Llamar,Código ***Descubre esta casa en venta de 125 m² construidos. una excelente oportunidad para vivir e invertir gracias a su distribución. que incluye una vivienda principal y un apartaestudio independiente.La vivienda principal cuenta con 3 habitaciones. 2 clósets. 2 baños completos con división en vidrio templado. amplia sala-comedor. cocina semi integral. patio de ropas y espacios cómodos para disfrutar en familia.Además. la propiedad dispone de un apartaestudio de un solo ambiente. equipado con habitación. cocineta y baño privado. ideal para generar ingresos por arrendamiento. recibir visitas o destinarlo como oficina.El inmueble cuenta con pisos en cerámica. excelente iluminación natural. iluminación LED y una ubicación privilegiada sobre calle principal. cerca de restaurantes. cafeterías. ferreterías. instituciones educativas y con fácil acceso al transporte público.Si buscas una propiedad con doble funcionalidad. excelente ubicación y gran potencial de valorización. esta es una oportunidad que no puedes dejar pasar.¡Contáctanos y agenda tu visita! Estaremos encantados de ayudarte a conocer tu próxima inversión o hogar.,[],5.047152,-75.502745,,,,,,,,,,,,,,2026-08-02
"Apartamento en Venta en Palermo, Manizales",https://www.fincaraiz.com.co/apartamento-en-venta-en-palermo-manizales/193954334,193954334,https://cdn4.fincaraiz.com.co/repo/img/th.outside384x275.6a49b4c932145_infocdn__06f8ef95-e12d-4136-b92d-884c935d7ec7-97764b26bca446a90cb9db03f4266ee8.jpeg,[],$ 470.000.000,1 Hab 2 Baños 61 m²,"Apartamento en venta en palermo, manizales","Apartamento enManizales, Caldas",,Llamar,Código ***Descubre este apartamento dúplex en venta de 61 m² construidos. una excelente oportunidad para disfrutar de un hogar moderno. funcional y ubicado en un sector estratégico con fácil acceso a todo lo que necesitas.El apartamento cuenta con 1 amplia habitación con clóset. 1 baño completo con división en vidrio templado. 1 baño social. una confortable sala-comedor y cocina integral. Su diseño tipo dúplex ofrece una distribución inteligente que brinda mayor privacidad y un mejor aprovechamiento de los espacios.Los acabados incluyen pisos en madera flotante. cerámica y alfombra. además de excelente iluminación natural e iluminación LED. creando ambientes cálidos. elegantes y acogedores. También dispone de parqueadero privado cubierto. aportando comodidad y seguridad para tu vehículo.El edificio ofrece excelentes amenidades para disfrutar todos los días. entre ellas vigilancia privada las 24 horas. ascensor. terraza social. gimnasio. turco y zona BBQ. ideales para el descanso. la recreación y el bienestar.Su privilegiada ubicación sobre avenida principal te permitirá estar cerca de centros comerciales. supermercados. cafeterías. restaurantes. almacenes. el estadio. canchas deportivas. parques y transporte público. facilitando tu movilidad y acceso a una amplia oferta de servicios.Si buscas un apartamento con excelente distribución. modernas zonas comunes y una ubicación privilegiada. esta es una oportunidad que no puedes dejar pasar.¡Contáctanos y agenda tu visita! Estaremos encantados de ayudarte a encontrar tu próximo hogar.,[],5.065862,-75.515661,,,,,,,,,,,,,,2026-08-02
"Casa en Venta en La Florida, Manizales",https://www.fincaraiz.com.co/casa-en-venta-en-la-florida-manizales/192990253,192990253,https://cdn4.fincaraiz.com.co/repo/img/th.outside384x275.6a3ab35560855_infocdn__gr13854820251015101314jpg.jpg,[],$ 930.000.000,3 Habs. 3 Baños 110 m²,"Casa en venta en la florida, manizales","Casa enManizales, Caldas",,Llamar,"Código para WhatsApp: ***Vista Inmobiliaria presenta una espectacular casa nueva en venta en el exclusivo sector de La Florida, ubicado en un conjunto cerrado. Con una generosa área construida de 110 m², esta propiedad ofrece un diseño moderno y una distribución excepcional.La casa cuenta con:3 habitaciones amplias, ideales para el confort de tu familia.3 baños con acabados contemporáneos, que aportan elegancia y funcionalidad.1 parqueadero para mayor comodidad y seguridad.Espacios sociales acogedores: sala y comedor con diseño sofisticado.Cocina integral estilo americano, perfecta para quienes disfrutan de la gastronomía.Zonas de ropas prácticas y funcionales.Lindos jardines y ambientes agradables, ideales para compartir momentos inolvidables con amigos y familia.Esta propiedad está ubicada en un entorno exclusivo, a tan solo 15 minutos de la ciudad de Manizales, brindando acceso rápido y fácil a la urbe.Además, ofrece una vista única y permanente hacia un paisaje natural espectacular, donde podrás deleitarte con amaneceres maravillosos, acompañado del canto de los pájaros y rodeado de naturaleza.Excelente opción para vivir de una manera cómoda y placentera como siempre se ha imaginado, no dude en visitarlo. (los agentes Vista Inmobiliaria siempre dispuestos a brindar la mejor experiencia).",[],5.054523513696,-75.488069057465,,,,,,,,,,,,,,2026-08-02
Apartamento en Venta en Manizales,https://www.fincaraiz.com.co/apartamento-en-venta-en-manizales/192258695,192258695,https://cdn4.fincaraiz.com.co/repo/img/th.outside384x275.6a3ab04a8b6bf_infocdn__gr138541020250410113032jpg.jpg,[],$ 480.000.000,6 Habs. 2 Baños 200 m²,Apartamento en venta en manizales,"Apartamento enManizales, Caldas",,Llamar,"Código para WhatsApp: ***¡Vive en el corazón de Manizales con Vista Inmobiliaria!Este fantástico apartamento en el centro de la ciudad es justo lo que necesitas. Con un área de 200.43 m², este espacio aireado e iluminado ofrece 6 habitaciones para que toda la familia disfrute de su propio espacio, 3 baños modernos, perfectos para tu comodidad, y una acogedora sala-comedor ideal para reuniones y momentos familiares. La cocina semi-integral facilita la preparación de tus comidas, mientras que los pisos en cerámica añaden un toque de elegancia y facilidad de mantenimiento. Ubicado en el segundo piso, brinda fácil acceso y seguridad.Además, la ubicación es simplemente inmejorable. Estarás a solo pasos del centro comercial Fundadores y del parque Caldas, con transporte público a la mano para que moverte por la ciudad sea más cómodo.Excelente opción para vivir de una manera cómoda y placentera como siempre se ha imaginado, no dude en visitarlo. (los agentes Vista Inmobiliaria siempre dispuestos a brindar la mejor experiencia).",[],5.0671555602694,-75.51288485527,,,,,,,,,,,,,,2026-08-02
"Casa Lote en Venta en La primavera, Manizales",https://www.fincaraiz.com.co/casa-lote-en-venta-en-la-primavera-manizales/192446218,192446218,https://cdn4.fincaraiz.com.co/repo/img/th.outside384x275.6831f4540859f_infocdn__chzatgbqxpmw44hj5btrjdq2xwsfwcdkt8rs2lxxjpg.jpg,[],$ 370.000.000,5 Habs. 2 Baños 160 m²,"Casa lote en venta en la primavera, manizales","Casa Lote enManizales, Caldas",,Llamar,"¡Casa Lote de Dos Plantas con Gran Potencial en Venta en San Jorge!Descubre esta espaciosa casa lote de dos plantas, ideal para familias grandes o para quienes buscan generar ingresos adicionales. Con un total de 160 m² de predio, esta propiedad ofrece 5 habitaciones, 2 baños, 2 salas, 2 comedores y 2 patios de ropas con solar. Además, cuenta con un espacio perfecto para un local comercial o tienda. Ubicada en el tranquilo barrio San Jorge de Manizales. ¡Una oportunidad única para vivir y emprender!Contáctanos para más detalles y agenda tu visita.",[],5.0676067799251,-75.498805578682,,,,,,,,,,,,,,2026-08-02
"Apartamento en Venta en Cerro de Oro, Manizales",https://www.fincaraiz.com.co/apartamento-en-venta-en-cerro-de-oro-manizales/193974632,193974632,https://cdn4.fincaraiz.com.co/repo/img/th.outside384x275.6a503e565f921_infocdn__06f8ef95-e12d-4136-b92d-884c935d7ec7-71e2c6a190f160ed39820529b5cf553f.jpeg,[],$ 620.000.000,3 Habs. 2 Baños 78 m²,"Apartamento en venta en cerro de oro, manizales","Apartamento enManizales, Caldas",,Llamar,Código ***Descubre este apartamento en venta de 78 m². una excelente opción para quienes buscan comodidad. espacios bien distribuidos y completas zonas comunes en un entorno seguro.El inmueble cuenta con 3 habitaciones. 2 clósets y 1 vestier en la habitación principal. 2 baños completos con división en vidrio templado. amplia sala-comedor. estudio. balcón. cocina integral con barra americana. área de ropas y calentador a gas. Sus pisos en cerámica y madera flotante. la excelente iluminación natural y la iluminación LED crean ambientes modernos. cálidos y confortables.Además. dispone de 1 parqueadero privado cubierto. 1 parqueadero privado descubierto y cuarto útil. brindando mayor comodidad y espacio de almacenamiento.El conjunto residencial ofrece excelentes amenidades como vigilancia privada las 24 horas. ascensor. jacuzzi. sauna. turco. gimnasio. parque infantil. zonas verdes. planta eléctrica y tanque de reserva de agua. proporcionando bienestar. seguridad y calidad de vida para toda la familia.Si buscas un apartamento moderno. con excelentes acabados y completas zonas comunes. esta es una oportunidad que no puedes dejar pasar.¡Contáctanos y agenda tu visita! Estaremos encantados de ayudarte a conocer tu próximo hogar.,[],5.055275,-75.474494,,,,,,,,,,,,,,2026-08-02
"Apartamento en  Venta en Chipre, Manizales",https://www.fincaraiz.com.co/apartamento-en-venta-en-chipre-manizales/191367321,191367321,https://cdn4.fincaraiz.com.co/repo/img/th.outside384x275.66e1b1a3e81d6_infocdn__jq08yukenroz4zenaij1y0eeqr2fu3jvuqvy9mlijpg.jpg,[],$ 562.763.930,3 Habs. 2 Baños 89 m²,"Apartamento en  venta en chipre, manizales","Apartamento enManizales, Caldas",,Llamar,"¡Excelente inversión!Inmobiliaria Lucia Prada te presenta en Venta Apartamento PARA ESTRENAR en sector de Chipre, Manizales, con un área de 89.71m2 que consta de  Sala comedor con excelente iluminación y un balcón, cocina integral con acabados modernos con barra americana, 1 alcoba principal con closet tipo vestier y baño privado, 2 alcobas auxiliariares con closet, 1 baño auxiliar y zona de ropas. El apartamento cuenta con depósito y parqueadero.El edificio cuenta con salon social, ascensor, vigilancia y porteria 24horas.Sector turistico de la ciudad, en via principal, con transporte publico cercano, cerca auniversidades, zona rosa de la ciudad con miradores cerca y zona rosa de la ciudad.¡Contáctanos, ***y agenda tu cita!",[],5.0696271,-75.5239575,,,,,,,,,,,,,,2026-08-02
"Apartamento en  Venta en Palermo, Manizales",https://www.fincaraiz.com.co/apartamento-en-venta-en-palermo-manizales/191490425,191490425,https://cdn4.fincaraiz.com.co/repo/img/th.outside384x275.66f5e23ecf1db_infocdn__hlsf3lflwvqmgeslletmrregxxqmxl5spiywsmiqjpg.jpg,[],$ 550.000.000,3 Habs. 3 Baños 145 m²,"Apartamento en  venta en palermo, manizales","Apartamento enManizales, Caldas",,Llamar,"¡Excelente inversión!Inmobiliaria Lucia Prada te presenta en Venta Apartamento en edificio sector de Vizcaya Manizales, con un área de 145 m2 que consta de:  Sala comedor con grandes ventanales, cocina integral con isla y extractor, zona de ropas con closet, 1 alcoba principal con closet y con baño privado, 2 alcobas auxiliares con closet, 2 baños auxiliares 1 son ducha y parqueadero. Todos los espacios tienen excelente iluminación y ventilación natural, apartamento en 1er piso.El edificio tiene vigilancia 24 horas, puertas elecricas.Sector con muy buen transporte público y a menos de 10 minutos del sector del cable, supermercados, hospitales, zona gastronomicas y turisticas de la ciudad.¡Contáctanos, ***y agenda tu cita!",[],5.0535029252768,-75.484728709227,,,,,,,,,,,,,,2026-08-02
"Apartamento en  Venta en Cable, Manizales",https://www.fincaraiz.com.co/apartamento-en-venta-en-cable-manizales/192222825,192222825,https://cdn4.fincaraiz.com.co/repo/img/th.outside384x275.680f9df950267_infocdn__gr879431620250402091430jpeg.jpeg,[],$ 700.000.000,3 Habs. 2 Baños 112 m²,"Apartamento en  venta en cable, manizales","Apartamento enManizales, Caldas",,Llamar,"Amplio apartamento, ubicado en un tradicional edificio de la ciudad, sobre vía principal; el apartamento cuenta con 3 alcobas, la principal con baño; sala comedor muy amplios con balcón y hermosa vista, biblioteca, cocina integral, suelos en madera flotante, parqueadero privado para un vehículo y depósito.",[],5.0533512,-75.4842707,,,,,,,,,,,,,,2026-08-02
"Apartaestudio en Venta en El trebol, Manizales",https://www.fincaraiz.com.co/apartaestudio-en-venta-en-el-trebol-manizales/192817691,192817691,https://cdn4.fincaraiz.com.co/repo/img/th.outside384x275.68b5e12e93f76_infocdn__hfbepddq4rcpegz8gobct3c8zny2szq4gyeeeocrjpg.jpg,[],$ 520.000.000,1 Hab 2 Baños 65 m²,"Apartaestudio en venta en el trebol, manizales","Apartaestudio enManizales, Caldas",,Llamar,"Vendo hermoso apartamento para estrenar en sector  exclusivo,  el trébol.Con un  área de 65 m2, distribuidos en una alcoba independiente, sala comedor seguida  con balcón y vista hacia la naturaleza , 2 baños, cocina integral con lava vajillas,  barra  americana y zona de ropas independiente.Cuenta con parqueadero, deposito y parqueadero para visitantes.El apartamento se encuentra en conjunto residencial con vigilancia las 24 horas, cerca del bosque popular, universidades, supermercados entre otros, con excelente transporte público.¡Contáctanos y separa tu cita ***!",[],5.0415035,-75.4762529,,,,,,,,,,,,,,2026-08-02
"Casa en Venta en Java, Manizales",https://www.fincaraiz.com.co/casa-en-venta-en-java-manizales/193634922,193634922,https://cdn4.fincaraiz.com.co/gen-ai/th.outside384x275.enhanced_image_20260602232238.png,[],$ 450.000.000,3 Habs. 3 Baños 117 m²,"Casa en venta en java, manizales","Casa enManizales, Caldas",,Llamar,"Esta hermosa casa en venta se encuentra ubicada en el tranquilo sector del bajo tablazo en la ciudad de Manizales. Con un área construida de 117 metros cuadrados, este inmueble te ofrece todo el espacio y comodidad que necesitas para vivir en un lugar cómodo y elegante.La casa cuenta con 3 amplias alcobas, ideales para acomodar a tu familia y brindarles privacidad y confort. También dispone de 3 baños, incluyendo uno en la habitación principal que también cuenta con vestier y terraza, y un baño auxiliar para tus visitas.Al ingresar a la propiedad, notarás rápidamente los detalles que se encuentran en cada rincón, desde su moderna cocina integral con todo lo necesario para preparar tus comidas, hasta el amplio vestidor en la habitación principal.Además, esta casa cuenta con un estudio, perfecto para trabajar o estudiar desde la comodidad de tu hogar.No pierdas la oportunidad de adquirir esta increíble casa en una de las ciudades más hermosas de Colombia. Contáctanos ahora mismo para brindarte más información y agendar una visita. ¡Estamos seguros de que te encantará!",[],5.0193122,-75.5410796,,,,,,,,,,,,,,2026-08-02
"Lote en venta en El rosario, Manizales",https://www.fincaraiz.com.co/lote-en-venta-en-el-rosario-manizales/6791349,6791349,https://s3.amazonaws.com/imagenesprof.fincaraiz.com.co/OVFR_COL/2021/10/26/3382620_401_13.jpg,[],$ 1.651.140.000,9173 m²,"Lote en venta en el rosario, manizales","Lote enManizales, Caldas",,Llamar,"Eslava Gestión Inmobiliaria tiene el gusto de presentar en venta fantástico lote campestre en el exclusivo sector del Rosario, ubicado frente al Club Campestre de Manizales, apropiado para desarrollar proyecto de vivienda, turístico o de servicios, ya que se encuentra dentro del plan parcial de expansión urbana de Manizales, acceso por varias vías incluida la vía panamericana, hermosa vista al Club y a Chinchiná, rodeado del hermoso paisaje cultural cafetero. Lote licenciado como urbano.¡No dejes pasar esta oportunidad, agenda cita con nosotros!",[],5.02109336853027,-75.5918579101562,,,,,,,,,,,,,,2026-08-02
"Apartamento en Venta en Baja suiza, Manizales",https://www.fincaraiz.com.co/apartamento-en-venta-en-baja-suiza-manizales/194007450,194007450,https://cdn4.fincaraiz.com.co/repo/img/th.outside384x275.6a5bcc451b12f_infocdn__o5va8zs8yjlavgm1btrhtgjjuiu0gfgrdkj0lym1jpg.jpg,[],$ 380.000.000,3 Habs. 2 Baños 63 m²,"Apartamento en venta en baja suiza, manizales","Apartamento enManizales, Caldas",,Llamar,"Eslava Gestión Inmobiliaria tiene el gusto de presentar para la venta apartamento en el sector de Bella Suiza, ubicado a 5 minutos la zona rosa de la ciudad, cerca de universidades, centros comerciales y zona empresarial.Apartamento de 3 habitaciones con balcón, parqueadero y depósito.Estupendo conjunto con zonas sociales dotadas de piscina, terraza, juegos infantiles, cancha de futbol y salón para gimnasio, entre otros.¡No dejes pasar esta oportunidad, llama ya!",[],5.0591771,-75.4818927,,,,,,,,,,,,,,2026-08-02
"Oficina en  Venta en El centro, Manizales",https://www.fincaraiz.com.co/oficina-en-venta-en-el-centro-manizales/192242373,192242373,https://cdn4.fincaraiz.com.co/repo/img/th.outside384x275.67fe094f9c294_infocdn__gr87943420250407103020jpeg.jpeg,[],$ 160.000.000,1 Ambiente 1 Baño 28 m²,"Oficina en  venta en el centro, manizales","Oficina enManizales, Caldas",,Llamar,"Excelente oficina en venta en el centro de la ciudad con un área de 28 mts más parqueadero privado, la administración incluye agua y luz, tiene vista panorámica, baño privado ascensor, garaje N.7 sotano 1, ubicado en zona comercial.",[],5.0672207,-75.5151243,,,,,,,,,,,,,,2026-08-02
"Apartamento en Venta en Baja suiza, Manizales",https://www.fincaraiz.com.co/apartamento-en-venta-en-baja-suiza-manizales/193875363,193875363,https://cdn4.fincaraiz.com.co/repo/img/th.outside384x275.6a3580a382262_infocdn__h3gcaa28bmlwxxtyldgm6tiygz5a32pdqn301ja3jpg.jpg,[],$ 350.000.000,2 Habs. 2 Baños 48 m²,"Apartamento en venta en baja suiza, manizales","Apartamento enManizales, Caldas",,Llamar,"Presentamos para la venta apartamento en el sector de Bella Suiza, ubicado a 5 minutos la zona rosa de la ciudad, cerca de universidades, centros comerciales y zona empresarial.Apartamento de 2 habitaciones más parqueadero y depósito.Estupendo conjunto con zonas sociales dotadas de piscina, terraza, juegos infantiles, cancha de futbol y gimnasio.¡No dejes pasar esta oportunidad, llama ya!",[],5.0591771,-75.4818927,,,,,,,,,,,,,,2026-08-02
"Apartamento en Venta en Alta suiza, Manizales",https://www.fincaraiz.com.co/apartamento-en-venta-en-alta-suiza-manizales/193792001,193792001,https://cdn4.fincaraiz.com.co/repo/img/th.outside384x275.6a144cb9330c3_infocdn__nqrbbuurqfmax0gyqc6uvyhzbbpywuidwvj3es6hjpg.jpg,[],$ 500.000.000,3 Habs. 2 Baños 63 m²,"Apartamento en venta en alta suiza, manizales","Apartamento enManizales, Caldas",,Llamar,"Encantador apartamento en venta ubicado en una de las mejores zonas residenciales de la ciudad, ideal para quienes buscan comodidad, tranquilidad y excelente ubicación. Cuenta con 63.58 m², distribuidos en 3 habitaciones, 2 baños, moderna cocina integral con barra estilo americano, sala-comedor, excelente iluminación natural y una hermosa vista panorámica.El conjunto ofrece completas zonas comunes como piscina, gimnasio, turco, cancha de fútbol, zona infantil, zonas verdes, ascensor, parqueadero, vigilancia 24/7 y portería. Además, su ubicación estratégica te permite estar cerca de centros comerciales, colegios, clínicas, restaurantes y transporte público.¡Una excelente oportunidad para vivir o invertir! Contáctanos y agenda tu visita.",[],5.0527468,-75.4813043,,,,,,,,,,,,,,2026-08-02
Casa Campestre en Venta en El rosario,https://www.fincaraiz.com.co/casa-campestre-en-venta-en-el-rosario/193872912,193872912,https://cdn4.fincaraiz.com.co/repo/img/th.outside384x275.6a2ca9880abe3_infocdn__ajpf5jbywxvomuvygn8b3r5c3ikfq8lwt9thrjpfjpg.jpg,[],$ 3.500.000.000,5 Habs. 6 Baños 2200 m²,Casa campestre en venta en el rosario,"Casa Campestre enManizales, Caldas",,Llamar,"Exclusiva Casa Campestre en Venta – El RosarioSi buscas una excelente inversión y una propiedad que combine lujo, confort y exclusividad, esta espectacular casa campestre es para ti. Ubicada en un exclusivo conjunto residencial en El Rosario, a solo 20 minutos de Manizales (antes del peaje) y 40 minutos de Pereira, sobre la Autopista del Café.La casa, de reciente construcción, cuenta con 600 m² construidos, una amplia terraza de 140 m², piscina privada y un lote de 2.200 m². Su diseño moderno y acabados de alta calidad han sido pensados para brindar bienestar y comodidad en cada espacio.Dispone de 5 habitaciones, todas con baño privado; la alcoba principal cuenta con vestier, baño y salida directa a la terraza. Además, ofrece estudio, baño social, cocina integral con diseño práctico y elegante, despensa, zona de lavandería independiente y una amplia sala-comedor con acceso a la terraza y una privilegiada vista panorámica.En el exterior encontrarás piscina climatizada con iluminación incorporada, zona BBQ y dos agradables salas de estar, una de ellas con deck y pérgola, ideales para compartir momentos inolvidables con familiares y amigos.La propiedad cuenta con puerta principal con acceso mediante huella digital y cerradura electrónica, circuito cerrado de televisión, garaje para 4 vehículos, parqueadero para visitantes y vigilancia 24 horas. Adicionalmente, existe la posibilidad de negociar su venta completamente amoblada.? Contáctanos al ***para conocer esta extraordinaria propiedad.",[],5.0388493,-75.5813794,,,,,,,,,,,,,,2026-08-02
"Apartamento en  Venta en San marcel, Manizales",https://www.fincaraiz.com.co/apartamento-en-venta-en-san-marcel-manizales/192208588,192208588,https://cdn4.fincaraiz.com.co/repo/img/th.outside384x275.67e81b3d6b36c_infocdn__tlxoxk39lky9abu4inyvuff0ohilkwfsi7c3swstjpg.jpg,[],$ 500.000.000,2 Habs. 2 Baños 80 m²,"Apartamento en  venta en san marcel, manizales","Apartamento enManizales, Caldas",,Llamar,"Vendo apartamento en San marcel, consta de 80m2, viene con balcón, amplia zona de ropas, cocina integrada a la sala, estudio, dos alcobas grandes con ventanas para el exterior y modernos acabados. Este apartamento se vende con bodega y parqueadero cubierto. El edificio tiene vigilancia las 24 horas, juegos para niños, salón social, ascensor en cada torre y un amplio estar de recibo. El sector es de fácil acceso al transporte público, tiendas, clínicas y supermercados. Adicionalmente encontramos el Bosque popular el Prado.Contáctanos ***.",[],5.035665,-75.4690041,,,,,,,,,,,,,,2026-08-02
"Casa en Venta en El trebol, Manizales",https://www.fincaraiz.com.co/casa-en-venta-en-el-trebol-manizales/193389155,193389155,https://cdn4.fincaraiz.com.co/repo/img/th.outside384x275.698e1c2162107_infocdn__gez0iysp8xzvbvtmcqkq32qtlclz8bbxs65lnonyjpg.jpg,[],$ 2.500.000.000,5 Habs. 5 Baños 353 m²,"Casa en venta en el trebol, manizales","Casa enManizales, Caldas",,Llamar,"Oportunidad única VENDE HERMOSISÍMA Y AMPLIA CASA CAMPESTRE EN CONJUNTO CERRADO TREBOL CON VISTA A PAISAJES DE MONTAÑAS. De 450m2 construidos en 1200m2 de lote. Ubicada dentro de condominio excelentes espacios, acabados de lujo y hermosa vista. Consta de 4 habitaciones todas para acotación doble, la principal con vestier, terraza, estudio, gran sala comedor con salida a  terraza exterior,  estar  o sala alcobas, cocina integral completa,  alacenas amplias, cuarto de ropas,4 baños, cuarto de servicio con baño. En su parte exterior cuenta con garajes para 5 vehículos, en su parte interior para 5 carros totalmente cubierto, deposito. Portería con vigilancia privada y ronderos, malla perimetral etc. EXCELENTE OPCION!!. CITA PREVIA .314-7277799",[],5.0397535,-75.4799688,,,,,,,,,,,,,,2026-08-02
"Apartamento en Venta en Avenida Alberto Mendoza, Manizales",https://www.fincaraiz.com.co/apartamento-en-venta-en-avenida-alberto-mendoza-manizales/193777600,193777600,https://cdn4.fincaraiz.com.co/repo/img/th.outside384x275.6a4ec572c5566_infocdn__gr-arrienda-apartamento-2-alcobas-1779380278-3353-4700jpeg.jpeg,[],$ 540.000.000,2 Habs. 2 Baños 75 m²,"Apartamento en venta en avenida alberto mendoza, manizales","Apartamento enManizales, Caldas",,Llamar,"AF Capital Inmobiliario ofrece para la Venta bello y elegante apartamento con buena iluminación natural ubicado en exclusivo complejo residencial a pocos metros del Bosque Popular El Prado. Cuenta con 2 alcobas con closet (principal con baño privado y salida a un agradable balcón que conecta también con la sala comedor), baño auxiliar completo, sala comedor con balcón, pequeño estudio, cocina integral con servicio de gas natural domiciliario, zona de ropas independiente, calentador a gas, pisos en cerámica y madera flotante. Parqueadero y depósito. Edificio con portería 24 horas, ascensor, salón social, zona de juegos infantiles. Agenda tu cita: ***.",[],5.0366631491087,-75.472969256373,,,,,,,,,,,,,,2026-08-02
"Apartamento en Venta en Baja suiza, Manizales",https://www.fincaraiz.com.co/apartamento-en-venta-en-baja-suiza-manizales/193840039,193840039,https://cdn4.fincaraiz.com.co/repo/img/th.outside384x275.6a56b42dd1412_infocdn__gr-copia-de-venta-apartamento-2-h-1780590551-4194-6123jpeg.jpeg,[],$ 350.000.000,2 Habs. 2 Baños 43 m²,"Apartamento en venta en baja suiza, manizales","Apartamento enManizales, Caldas",,Llamar,"Capital Inmobilario ofrece en venta excelente apartamento en conjunto cerrado en el sector de baja Suiza. Cuenta con  2 alcobas, la principal con baño privado, baño de alcobas o social, sala comedor amplia, cocina semintegral con servicio de gas natural domiciliario, zona de ropas, pisos en cerámica. Parqueadero privado cubierto y depósito. El conjunto cuenta con piscinas climatizadas, gimnasio, coworking, juegos infantiles, salòn social, parqueadero para visitantes, vigilancia 24 horas, varios ascensores para zona de garajes, zona social, torres de apartamentos, sector muy cerca a mall plaza o a la zona del Cable y toda su zona empresarial y comercial. Agenda tu cita: ***.",[],5.0590400385749,-75.481514851872,,,,,,,,,,,,,,2026-08-02
"Apartamento en Venta en Milan, Manizales",https://www.fincaraiz.com.co/apartamento-en-venta-en-milan-manizales/193999232,193999232,https://cdn4.fincaraiz.com.co/repo/img/th.outside384x275.6a5fabbec08f1_infocdn__6ratvenia1chdnsbqjmybwin1uzouxkjy0m2duiejpg.jpg,[],$ 530.000.000,3 Habs. 3 Baños 100 m²,"Apartamento en venta en milan, manizales","Apartamento enManizales, Caldas",,Llamar,"Apartamento en venta en el sector Milán, ManizalesEste apartamento cuenta con 100 m² de área construida y una distribución cómoda y funcional. Dispone de 3 alcobas, 3 baños, sala-comedor, cocina integral, cuenta con buenos espacios de almacenamiento, zona de lavandería independiente y habitación de servicio.Se encuentra en un conjunto residencial con portería, vigilancia permanente, ascensor y acceso pavimentado, ofreciendo comodidad y seguridad para sus residentes.Su ubicación en el sector Milán permite fácil acceso al transporte público y está cerca de colegios, universidades, supermercados, restaurantes, cafés y una amplia oferta comercial, lo que lo convierte en una excelente opción para vivir o invertir.Contáctanos para más información o agenda tu visita al ***.",[],5.0473449,-75.4786873,,,,,,,,,,,,,,2026-08-02
"Apartamento en Venta en Palermo, Manizales",https://www.fincaraiz.com.co/apartamento-en-venta-en-palermo-manizales/193993560,193993560,https://cdn4.fincaraiz.com.co/repo/img/th.outside384x275.6a57bf5310af9_infocdn__06f8ef95-e12d-4136-b92d-884c935d7ec7-018359ae43b185348de702335d05dacd.jpeg,[],$ 500.000.000,1 Hab 1 Baño 70 m²,"Apartamento en venta en palermo, manizales","Apartamento enManizales, Caldas",,Llamar,Código ***Descubre este apartamento en venta en Palermo. Manizales. con un área de 70 m². ideal para quienes buscan comodidad. diseño moderno y una excelente ubicación en uno de los sectores más exclusivos de la ciudad.El inmueble cuenta con 1 habitación con clóset. 1 baño completo con división en vidrio templado. amplia sala-comedor. balcón. cocina integral. área de ropas. pisos en cerámica y laminado. parqueadero privado cubierto y depósito. ofreciendo espacios funcionales. confortables y de excelente distribución.El edificio dispone de completas zonas comunes como vigilancia privada las 24 horas. gimnasio. salón social. área de coworking y juegos infantiles. brindando un entorno seguro y espacios ideales para el bienestar. el trabajo y la recreación.Su privilegiada ubicación en Palermo permite estar cerca de colegios. universidades. clínicas. supermercados. restaurantes. centros comerciales. parques y contar con fácil acceso al transporte público y a las principales vías de la ciudad.Si buscas un apartamento moderno. con excelentes amenidades y gran potencial de valorización. esta es una oportunidad que no puedes dejar pasar.¡Contáctanos y agenda tu visita! Estaremos encantados de ayudarte a conocer tu próximo hogar o inversión.,[],5.049016,-75.488878,,,,,,,,,,,,,,2026-08-02
"Apartamento en Venta en Milan, Manizales",https://www.fincaraiz.com.co/apartamento-en-venta-en-milan-manizales/192745057,192745057,https://cdn4.fincaraiz.com.co/repo/img/th.outside384x275.6a3ab16c74157_infocdn__gr138541620250731105827jpg.jpg,[],$ 740.000.000,3 Habs. 3 Baños 119 m²,"Apartamento en venta en milan, manizales","Apartamento enManizales, Caldas",,Llamar,"Código para WhatsApp: ***? Apartamento en Venta – Milán, ManizalesVista Inmobiliaria presenta esta excelente oportunidad para vivir en una de las zonas con mayor valorización de la ciudad.? Características del inmuebleÁrea construida: 119 m²?️ 3 habitaciones? 3 baños?️ Cocina semi-integral?️ Sala y comedor independientes? Amplio e iluminado? Área de ropas? Piso 2? Ubicación estratégicaEn el corazón del sector MilánCerca de las universidades Católica, Nacional y de CaldasA pocos minutos de los centros comerciales Cable Plaza y SancancioZona residencial con excelente proyección y alta valorización2? Tu nuevo hogar te esperaEste apartamento ofrece una experiencia de vida cómoda, funcional y con excelente ubicación. Agenda tu visita y descubre por qué Milán es uno de los sectores más deseados de Manizales. Los agentes de Vista Inmobiliaria están listos para brindarte la mejor atención.",[],5.0474913539247,-75.478847622871,,,,,,,,,,,,,,2026-08-02
"Casa en Venta en Palermo, Manizales",https://www.fincaraiz.com.co/casa-en-venta-en-palermo-manizales/192273146,192273146,https://cdn4.fincaraiz.com.co/repo/img/th.outside384x275.67ff28fa434af_infocdn__gr87943620250410112608jpg.jpg,[],$ 855.000.000,4 Habs. 3 Baños 154 m²,"Casa en venta en palermo, manizales","Casa enManizales, Caldas",,Llamar,"Casa esquinera ubicada en la parte baja de Palermo, zona tranquila, cuenta con 4 habitaciones, la alcoba principal con vestier y baño, calentador, hall de alcobas, sala , comedor, gas natural, pisos en porcelanato y cerámica, patio, Parq. cubierto, Garaje N. 1, ubicado en zona comercial y residencial.",[],5.053094,-75.492125,,,,,,,,,,,,,,2026-08-02
"Apartamento en Venta en Baja suiza, Manizales",https://www.fincaraiz.com.co/apartamento-en-venta-en-baja-suiza-manizales/193914026,193914026,https://cdn4.fincaraiz.com.co/repo/img/th.outside384x275.6a3c5a2ae48ac_infocdn__dm8dpnqmbt5kn5af0torfwprfomldan4cnucnzswjpg.jpg,[],$ 425.000.000,3 Habs. 2 Baños 57 m²,"Apartamento en venta en baja suiza, manizales","Apartamento enManizales, Caldas",,Llamar,"Descubra este encantador apartamento esquinero en el prestigioso sector de Ciprés, Bella Suiza, una ubicación que combina tranquilidad y conveniencia.  Inteligentemente distribuido, este hogar ofrece un diseño funcional y acogedor.Disfrute de tres luminosas alcobas y dos baños completos, ideales para la comodidad de toda la familia. La sala comedor, espaciosa y bien iluminada, se integra armoniosamente con una moderna cocina y una práctica zona de ropas. Además, cuenta con un parqueadero privado, añadiendo un valor inigualable a esta propiedad.Su diseño esquinero garantiza mayor privacidad y entrada de luz natural, creando un ambiente cálido y vibrante. Este apartamento es la oportunidad perfecta para quienes buscan calidad de vida en uno de los barrios más deseados de la ciudad.",[],5.0580396,-75.4804352,,,,,,,,,,,,,,2026-08-02
"Apartamento en venta en Cerro de Oro, Manizales",https://www.fincaraiz.com.co/apartamento-en-venta-en-cerro-de-oro-manizales/10654459,10654459,https://d3s5pkt10pk3ga.cloudfront.net/resizedImages/384x275/site/fincaraiz_service/media/listing/8b8b7c61-0dbb-44c7-b5a4-77d20a530c42/photos/8b8b7c61-0dbb-44c7-b5a4-77d20a530c42_1_True_183197a4-b43e-4b7e-84dd-53ca0dabea4d.jpg,[],$ 961.860.000,3 Habs. 2 Baños 128 m²,"Apartamento en venta en cerro de oro, manizales","Apartamento enManizales, Caldas",,Llamar,"Si lo que deseas es un apartamento con una vista increíble, no busques más, aquí tienes la mejor de la ciudad. Eslava Gestión Inmobiliaria tiene el gusto de presentarte en venta este hermoso apartamento para estrenar en exclusivo edificio en construcción en el sector de Niza - Cerro de Oro, un lugar rodeado de naturaleza dentro de la ciudad.Este apartamento tiene un estupendo balcón para disfrutar de una de las mejores vistas de esta ciudad, el precio incluye un parqueadero. El proyecto cuenta con áreas sociales con gimnasio, coworking y zona para niños.¡Este apartamento tiene todo lo que necesitas. Llama ya para que sea tuyo!",[],5.05273609659034,-75.4763661344574,,,,,,,,,,,,,,2026-08-02
"Apartamento en Venta en La francia, Manizales",https://www.fincaraiz.com.co/apartamento-en-venta-en-la-francia-manizales/193635076,193635076,https://cdn4.fincaraiz.com.co/repo/img/th.outside384x275.69dfd3e67953f_infocdn__sgqn7neeylf3m6sl8goyec2ggxmjfe5oufscmftfjpg.jpg,[],$ 410.000.000,3 Habs. 2 Baños 80 m²,"Apartamento en venta en la francia, manizales","Apartamento enManizales, Caldas",,Llamar,"Este hermoso apartamento, ubicado en el barrio la Francia, es una oportunidad única para adquirir una propiedad con un área construida de 80 M2. Con modernos acabados, esta propiedad se destaca en el mercado debido a su espacio y excelente ubicación.Con 3 alcobas y 2 baños, este apartamento es ideal para familias o parejas que buscan un hogar acogedor y cómodo. Además, el baño auxiliar y el baño en la habitación principal brindan la privacidad y comodidad que necesitas.Esta propiedad se encuentra en una urbanización cerrada con vigilancia en el día, lo que te brindará seguridad y tranquilidad. Además, su ubicación estratégica te permitirá tener acceso a colegios y universidades. También encontrarás parqueadero para visitantes, facilitando la visita de tus amigos y familiares.Otra gran ventaja de esta propiedad es su cercanía al transporte público, lo que te permitirá moverte fácilmente por la ciudad y sus alrededores. Además, su ubicación en una zona residencial te brindará una tranquilidad inigualable.No pierdas la oportunidad de adquirir esta propiedad en una de las mejores zonas de Manizales. ¡Contáctanos hoy mismo!",[],5.0682728,-75.5326201,,,,,,,,,,,,,,2026-08-02
"Apartamento en Venta en Palermo, Manizales",https://www.fincaraiz.com.co/apartamento-en-venta-en-palermo-manizales/193765609,193765609,https://cdn4.fincaraiz.com.co/repo/img/th.outside384x275.6a637d17372ce_infocdn__371-1-1779208433jpg.jpg,[],$ 730.000.000,3 Habs. 2 Baños 95 m²,"Apartamento en venta en palermo, manizales","Apartamento enManizales, Caldas",,Llamar,"Hermoso apartamento en exclusivo sector de la ciudad, con supermercados, tiendas, cafeterías , iglesias y un centro comercial de fácil acceso. El conjunto cuenta con portería 24horas, parqueadero para visitantes, terraza y salón social. El apartamento esta ubicado en un cuarto piso con ascensor, consta de 3 alcobas con closet, sala comedor, cocina integral, patio de ropas independiente, 2 baños completos, cuarto útil en el mismo piso del apartamento y parqueadero doble lineal.",[],5.053738013401,-75.488798904926,,,,,,,,,,,,,,2026-08-02
"Casa en Venta en Palermo, Manizales",https://www.fincaraiz.com.co/casa-en-venta-en-palermo-manizales/193958832,193958832,https://cdn4.fincaraiz.com.co/repo/img/th.outside384x275.6a4c0afecf14b_infocdn__06f8ef95-e12d-4136-b92d-884c935d7ec7-b0885485c636a0459d7e213f3db7f0ab.jpeg,[],$ 2.300.000.000,8 Habs. 6 Baños 560 m²,"Casa en venta en palermo, manizales","Casa enManizales, Caldas",,Llamar,Código ***Descubre esta amplia casa en venta. una excelente oportunidad para quienes buscan espacios generosos. comodidad y múltiples posibilidades de uso. ya sea como vivienda familiar. inversión o para desarrollar un proyecto de renta.La propiedad cuenta con 8 habitaciones. 8 clósets. 1 vestier y 6 baños completos. con divisiones en acrílico y vidrio. además de un jacuzzi para disfrutar de momentos de descanso y relajación. Dispone de sala y comedor independientes. cocina semi integral. patio de ropas. cuarto útil y un cómodo garaje con capacidad para 2 vehículos.Uno de sus principales atractivos es que incluye un apartamento con entrada independiente. ideal para generar ingresos adicionales. recibir visitas o brindar mayor privacidad a un miembro de la familia.La vivienda también cuenta con balcón. excelente iluminación natural e iluminación LED. creando ambientes amplios. confortables y acogedores.Gracias a su distribución y amplitud. esta casa es ideal para familias numerosas o para quienes buscan una propiedad con gran potencial de valorización y múltiples alternativas de aprovechamiento.¡Contáctanos y agenda tu visita! Estaremos encantados de ayudarte a conocer esta excelente propiedad.,[],5.050243,-75.489932,,,,,,,,,,,,,,2026-08-02
"Casa en Venta en Alta suiza, Manizales",https://www.fincaraiz.com.co/casa-en-venta-en-alta-suiza-manizales/193962437,193962437,https://cdn4.fincaraiz.com.co/repo/img/th.outside384x275.6a4d040cada55_infocdn__06f8ef95-e12d-4136-b92d-884c935d7ec7-cf016bf1c7d21de3e6cc0c6165468f78.jpeg,[],$ 420.000.000,6 Habs. 3 Baños 145 m²,"Casa en venta en alta suiza, manizales","Casa enManizales, Caldas",,Llamar,Código ***Descubre esta casa en venta de tres niveles. una excelente oportunidad para remodelar y adaptar a tus necesidades. Gracias a su amplia distribución. es ideal para vivienda familiar. proyecto de inversión o desarrollo comercial.La propiedad cuenta con 6 habitaciones. 2 baños completos con división en acrílico. 1 baño social. sala-comedor. cocina sencilla. patio. bodega. terraza y garaje para un vehículo. ofreciendo espacios versátiles y con gran potencial de transformación.Sus pisos en madera. la iluminación LED y la distribución en tres pisos permiten múltiples posibilidades de remodelación y aprovechamiento del inmueble.Si buscas una propiedad amplia. con excelente potencial de valorización y la oportunidad de adecuarla a tu gusto. esta casa es una gran alternativa.¡Contáctanos y agenda tu visita! Estaremos encantados de ayudarte a conocer el potencial de esta propiedad.,[],5.051514,-75.479338,,,,,,,,,,,,,,2026-08-02
"Apartaestudio en Venta en Avenida Santander, Manizales",https://www.fincaraiz.com.co/apartaestudio-en-venta-en-avenida-santander-manizales/194046201,194046201,https://cdn4.fincaraiz.com.co/repo/img/th.outside384x275.6a6927975905b_infocdn__angvjsggqd322dxywvvl2dhljfrnetz4sj9lolvzjpg.jpg,[],$ 267.000.000,1 Hab 1 Baño 40 m²,"Apartaestudio en venta en avenida santander, manizales","Apartaestudio enManizales, Caldas",,Llamar,"✨ APARTAESTUDIO EN VENTA – AV. SANTANDER (CERCA A VERSALLES / PARQUE DE LA MUJER) ✨Si buscas un espacio moderno, cómodo y bien ubicado, ¡esta es una excelente oportunidad!Este hermoso apartaestudio se encuentra sobre la Avenida Santander, a pocos pasos de Versalles y el Parque de la Mujer, con fácil acceso a transporte, comercio, restaurantes y todo lo que necesitas para vivir o invertir.Características del Apartaestudio:•    Área interna: 40 m²•    2 ambientes: habitación independiente y sala-comedor•    Cocina integral moderna•    1 baño moderno•    No cuenta con parqueadero privado, pero el edificio dispone de parqueaderos para visitantesLo mejor:Cuenta con un Balcon que en la habitacion y Cuarto util.Edificio con excelentes comodidades:•    Portería y vigilancia 24 horas•    Doble ascensor•    Salón social✅ Ideal para inversión, excelente rentabilidad por su zona✅ Perfecto para vivir cómodo y cerca de todoSi deseas más información o agendar una visita, ¡contáctame! ?Con gusto te asesoro ?",[],5.0638006,-75.4959642,,,,,,,,,,,,,,2026-08-02
"Lote en Venta en Kilometro 41, Manizales",https://www.fincaraiz.com.co/lote-en-venta-en-kilometro-41-manizales/193819820,193819820,https://cdn4.fincaraiz.com.co/repo/img/th.outside384x275.6a1af4c69f3d2_infocdn__0sp6ebcaxslszf37tme66pq0gnyvv0prenlzofp2jpg.jpg,[],$ 180.000.000,1050 m²,"Lote en venta en kilometro 41, manizales","Lote enManizales, Caldas",,Llamar,"Venta de Lote Campestre Km 47 – Vía Manizales MedellínExcelente oportunidad para construir la casa campestre de sus sueños o una segunda vivienda en un entorno tranquilo, seguro y con alta proyección de valorización en el Eje Cafetero.Lote de 1.050 m², de forma cuadrada y topografía semiplana, ideal para desarrollar un proyecto residencial con amplias zonas verdes. Se encuentra completamente delimitado con seto vivo perimetral y rodeado de casas campestres ya construidas.Cuenta con energía eléctrica, alumbrado público, acueducto veredal y alcantarillado con planta de tratamiento. Además, el Acueducto Multiveredal de Neira, proyectado para finalizar en 2026, fortalecerá la infraestructura de la zona y su potencial de valorización.Ubicado en conjunto cerrado con vías internas en buen estado, vecindario consolidado y agradable paisaje de montaña con vista parcial a la cordillera. A solo 40 minutos de Manizales.Invierta hoy en bienestar, tranquilidad y valorizaciónPara más información y agendar una visita, contáctenos al ***.",[],5.1630988,-75.6631737,,,,,,,,,,,,,,2026-08-02
"Apartamento en Venta en Avenida Santander, Manizales",https://www.fincaraiz.com.co/apartamento-en-venta-en-avenida-santander-manizales/194047170,194047170,https://cdn4.fincaraiz.com.co/repo/img/th.outside384x275.6a69773d846ad_infocdn__qjcpuz5algdzlxy94vwyatgzmahrtaana8esvgpqjpg.jpg,[],$ 1.300.000.000,4 Habs. 4 Baños 185 m²,"Apartamento en venta en avenida santander, manizales","Apartamento enManizales, Caldas",,Llamar,"Espectacular apartamento totalmente remodelado en el sector del Cable en edificio dentro de conjunto cerrado de 183m2 Aprox!! , Ubicado en edificio con ascensor y con agradables vistas panorámicas, este inmueble se destaca por su excelente estado de conservación y sus acabados de muy buena calidad., cuenta  gran sala comedor independiente, cocina integral totalmente remodelada con isla,  4 habitaciones, incluyendo una principal con walking closet, 4 baños (3 completos), parqueadero para 2 vehículos cubierto y depósito . El edificio tiene portería las 24 horas. Si deseas mas información contáctame ***",[],5.0587429,-75.4872426,,,,,,,,,,,,,,2026-08-02
"Apartamento en Venta en Campohermoso, Manizales",https://www.fincaraiz.com.co/apartamento-en-venta-en-campohermoso-manizales/193829286,193829286,https://cdn4.fincaraiz.com.co/repo/img/th.outside384x275.6a1efa81ad23f_infocdn__gr-venta-apartamento-3-alcobas-ca-1780414685-906-649jpeg.jpeg,[],$ 290.000.000,3 Habs. 1 Baño 77 m²,"Apartamento en venta en campohermoso, manizales","Apartamento enManizales, Caldas",,Llamar,"Capital Inmobiliario ofrece para la Venta primer piso con un área de 77 metros ubicado cerca a la avenida principal de Campohermoso y a la glorieta de Bata. Cuenta con 3 alcobas, 1 baño, sala comedor, cocina sencilla con servicio de gas natural domiciliario, amplio patio de ropas, pisos en cerámica. No posee parqueadero. Agenda tú cita: ***.",[],5.0792349615126,-75.523267209264,,,,,,,,,,,,,,2026-08-02
"Local en Venta en Palermo, Manizales",https://www.fincaraiz.com.co/local-en-venta-en-palermo-manizales/192701503,192701503,https://cdn4.fincaraiz.com.co/repo/img/th.outside384x275.6a699109d15f6_infocdn__gr13854320250730085229jpg.jpg,[],$ 220.000.000,1 Baño 27 m²,"Local en venta en palermo, manizales","Local Comercial enManizales, Caldas",,Llamar,"Código para WhatsApp: ***Código para WhatsApp: ***Código para WhatsApp: ***Vista Inmobiliaria ofrece en venta un local comercial ubicado en el sector de Palermo, Manizales, una zona de alta valorización y gran afluencia de público. Esta propiedad cuenta con:Área: 27 m²Ubicación: Sector estratégico con excelente visibilidad y flujo de clientesPisos: Madera laminada, aportando un acabado moderno y eleganteIdeal para: Oficinas, boutiques, cafeterías, servicios profesionales y otros negociosUna oportunidad perfecta para emprendedores e inversionistas que buscan presencia en una de las zonas más dinámicas de la ciudad.No dudes en visitarlo; los agentes de Vista Inmobiliaria están siempre dispuestos a brindarte la mejor experiencia.",[],5.0536257954204,-75.489614009857,,,,,,,,,,,,,,2026-08-02
"Casa Campestre en  Venta en Santagueda, Manizales",https://www.fincaraiz.com.co/casa-campestre-en-venta-en-santagueda-manizales/192082147,192082147,https://cdn4.fincaraiz.com.co/repo/img/th.outside384x275.67c0e7115ce9d_infocdn__yswwehpf28jcf8blnwdyorqqqi9f6rqefu1feinwjpg.jpg,[],$ 1.190.000.000,3 Habs. 4 Baños 224 m²,"Casa campestre en  venta en santagueda, manizales","Casa Campestre enManizales, Caldas",,Llamar,"Vendo espectacular casa campestre, con excelente vista, en Condominio cerrado con Portería y vigilancia privada 24 horas,tiene agua propia y paneles solares.Consta de 4 baños, 3 alcobas grandes para dos camas dobles, con clóset y WC privado, cada una de ellas con aire acondicionado; la alcoba principal además tiene vestier,Áreas sociales: Sala-comedor, baño social, clóset de linos, cocina integral con torre para hornos y cubierta a gas de 5 puestos; despensa, cuarto útil, patio de ropas con lavadero, mesón y calentador de paso a gas, dos terrazas, una con pérgola; jacuzzi con su cuarto de máquinas y calentador a gas (propano), piscina en el condominio; amplias zonas verdes con prado, jardines y árboles frutales; redes para datos, TV y cámaras de seguridad; zona de parqueadero para varios vehículos, tiene piscina para adultos y para niños, salón social con billar y mesa de ping-pong, planta de tratamiento de agua potable, senderos, canchas múltiples.No dejes pasar esta excelente oportunidad para tu inversión, contáctanos ***.",[],5.0929487,-75.552873,,,,,,,,,,,,,,2026-08-02
"Casa Campestre en venta en Cuchilla del salado, Manizales",https://www.fincaraiz.com.co/casa-campestre-en-venta-en-cuchilla-del-salado-manizales/7570554,7570554,https://s3.amazonaws.com/imagenesprof.fincaraiz.com.co/OVFR_COL/2022/9/4/3870193_680_0.jpg,[],$ 947.000.000,6 Habs. 6 Baños 7980 m²,"Casa campestre en venta en cuchilla del salado, manizales","Casa Campestre enManizales, Caldas",,Llamar,"Espectacular propiedad campestre en venta,  en sector tranquilo y de gran proyección en la ciudad de Manizales,  hermoso paisaje,  con un lote de siete mil ochocientos noventa metros y dos casas con un área construida de 400 metros,  acabados excelentes,  amplias zonas verdes,  cada casa cuenta con 3 habitaciones,  3 baños,  sala comedor grande,  cocina integral,  sala de estar,  estudio,  terraza,  parqueaderos cubiertos..",[],5.11118698120117,-75.5377197265625,,,,,,,,,,,,,,2026-08-02
"Apartamento en Venta en Belen, Manizales",https://www.fincaraiz.com.co/apartamento-en-venta-en-belen-manizales/193951182,193951182,https://cdn4.fincaraiz.com.co/repo/img/th.outside384x275.6a4821f264db7_infocdn__lyhkfopvlybbhj2ipvgbwejrsxnazfmwj1eeskamjpg.jpg,[],$ 595.000.000,3 Habs. 3 Baños 102 m²,"Apartamento en venta en belen, manizales","Apartamento enManizales, Caldas",,Llamar,"Se vende apartamento en Belén, Manizales. Consta de: 3 habitaciones con clóset, 3 baños, balcón, zona de ropas independiente, sala comedor, cocina integral, barra americana y videoportero.Ubicado en piso 4, cuenta con parqueadero privado, ascensor, portería 12 horas; excelente vista en iluminación, cerca a todo.Precio negociable",[],5.0613405335753,-75.49298624667,,,,,,,,,,,,,,2026-08-02
"Casa Campestre en Venta en Bajo tablazo, Manizales",https://www.fincaraiz.com.co/casa-campestre-en-venta-en-bajo-tablazo-manizales/192512278,192512278,https://cdn4.fincaraiz.com.co/repo/img/th.outside384x275.6a3ab13d87b1a_infocdn__gr138541120250610095906jpg.jpg,[],$ 390.000.000,3 Habs. 2 Baños 120 m²,"Casa campestre en venta en bajo tablazo, manizales","Casa Campestre enManizales, Caldas",,Llamar,"Código para WhatsApp: ***Código para WhatsApp: ***? Casa Campestre en Venta – Naturaleza y Comodidad a Solo 15 Minutos de Manizales ?Vista Inmobiliaria te ofrece esta increíble oportunidad de vivir en el corazón del Paisaje Cultural Cafetero, en el sector del Bajo Tablazo. Disfruta de tranquilidad, aire puro y fácil acceso desde la vía principal.✨ Características de la propiedad:Área construida: 120 m², con amplios espacios.3 habitaciones, perfectas para el descanso.2 baños, brindando comodidad para toda la familia.1 parqueadero, para mayor tranquilidad.Pisos en cerámica, prácticos y de fácil mantenimiento.Gas domiciliario y calentador, para un hogar funcional.? Ubicación privilegiada: Situada en una zona campestre y tranquila, con acceso rápido a la ciudad. Perfecta para quienes buscan un equilibrio entre naturaleza y comodidad.Haz realidad el estilo de vida que siempre has imaginado. Los agentes de Vista Inmobiliaria están listos para brindarte la mejor experiencia. ¡Agenda tu visita hoy mismo!",[],5.0310221223414,-75.538483858109,,,,,,,,,,,,,,2026-08-02
"Apartamento en venta en Palermo, Manizales",https://www.fincaraiz.com.co/apartamento-en-venta-en-palermo-manizales/10976323,10976323,https://d3s5pkt10pk3ga.cloudfront.net/resizedImages/384x275/site/fincaraiz_service/media/listing/095cd9e1-bb1a-41ab-b79b-ce1546a21112/photos/095cd9e1-bb1a-41ab-b79b-ce1546a21112_1_True_b57e41f2-40b5-4c99-8cb9-604db21b46a7.jpg,[],$ 690.000.000,3 Habs. 4 Baños 180 m²,"Apartamento en venta en palermo, manizales","Apartamento enManizales, Caldas",,Llamar,"Amplio apartamento en el barrio Palermo, sector Sancancio, 3 piso, iluminado, duplex, ubicado en sector residencial, zona muy tranquila y segura, con muy buenos acabados, cuenta con 3 habitaciones, cuarto de servicio, 4 baños en total, sala y comedor independientes, estudio, cocina integral, zona de ropas, garaje doble y depósito.",[],5.0499047,-75.4884952,,,,,,,,,,,,,,2026-08-02
"Finca en Venta en Rio blanco, Manizales",https://www.fincaraiz.com.co/finca-en-venta-en-rio-blanco-manizales/192512964,192512964,https://cdn4.fincaraiz.com.co/repo/img/th.outside384x275.6848c1eb5a63f_infocdn__mhfpdzdnrh23vdivaqy4irnll95iwwt0rkiiivqujpg.jpg,[],$ 1.056.000.000,3 Habs. 1 Baño 450000 m²,"Finca en venta en rio blanco, manizales","Finca enManizales, Caldas",,Llamar,"El terreno está ubicado en uno de los parques nacionales más importantes de Colombia: la Reserva Río Blanco, hogar de más de 300 especies de aves e innumerables especies de flora y otra fauna. Río Blanco se encuentra a 8 kilómetros de Manizales con excelentes vías de acceso. El parque es altamente seguro y solo permite el ingreso a propietarios, empleados y visitantes autorizados.La propiedad presenta una increíble oportunidad de negocio para desarrollar un proyecto de ecoturismo (eco lodge, glamping, Airbnb) o una propiedad privada para su uso personal y exclusivo. El terreno en venta actualmente se está desarrollando como un destino de ecoturismo en estrecha cooperación con varias agencias gubernamentales que administran la Reserva.La finca cuenta con 45 hectáreas de terreno.¡No dejes pasar esta oportunidad, reserva tu visita!",[],5.0669692,-75.4486359,,,,,,,,,,,,,,2026-08-02
"Casa en venta en Palermo, Manizales",https://www.fincaraiz.com.co/casa-en-venta-en-palermo-manizales/10318015,10318015,https://d3s5pkt10pk3ga.cloudfront.net/resizedImages/384x275/site/fincaraiz_service/media/listing/48933902-21fb-4a45-b5d9-47b3401e92cd/photos/48933902-21fb-4a45-b5d9-47b3401e92cd_1_True_c0a22228-378b-4889-b23b-e8493096935c.jpg,[],$ 750.000.000,4 Habs. 3 Baños 153 m²,"Casa en venta en palermo, manizales","Casa enManizales, Caldas",,Llamar,"Espectacular casa en el barrio palermo de Manizales, remodelada, única en su tipo, 153 metros construidos, amplios espacios, 2 niveles, muy iluminada, inmejorables acabados, ubicada en sector tranquilo del barrio Palermo, a pocos metros del centro comercial Sancancio, cerca a supermercados, restaurantes, es una zona de gran desarrollo socio económico; la casa tiene 4 habitaciones, cada una con su closet, 3 baños dos de ellos con ducha, sala y comedor independientes, estudio, garaje con puerta eléctrica, cocina integral muy amplio al igual que patio cubierto grande, tiene depósito, pisos en cerámica.",[],5.0528575,-75.4925685,,,,,,,,,,,,,,2026-08-02
"Casa en Venta en Expoferias, Manizales",https://www.fincaraiz.com.co/casa-en-venta-en-expoferias-manizales/192282778,192282778,https://cdn4.fincaraiz.com.co/repo/img/th.outside384x275.67fff72b724a2_infocdn__phovemx4ovbvtembol0wc5g6pv9bsnkv5kfnyn5jjpg.jpg,[],$ 750.000.000,3 Habs. 3 Baños 116 m²,"Casa en venta en expoferias, manizales","Casa enManizales, Caldas",,Llamar,? Vendo hermosa casa en el sector Bosque Popular $750.000.000?116 m2?3 alcobas?1 Vestier?3 baños?️Sala comedor?️Cocina integral?Patio ropas?Garaje cubiertoDeck cubierto?️ Conjunto cerrado con áreas comunesBalcón??Piscina climatizada⛳Juegos para niños??Vigilancia 24 horas?Admon $368.000,[],5.0354725,-75.4779072,,,,,,,,,,,,,,2026-08-02
"Casa Campestre en Venta en La Cabaña Tres Puertas, Manizales",https://www.fincaraiz.com.co/casa-campestre-en-venta-en-la-cabaña-tres-puertas-manizales/193586842,193586842,https://cdn4.fincaraiz.com.co/repo/img/th.outside384x275.69cd3272df2f5_infocdn__lzadpbqi62gnqfntqm3okzipeulz4b8tuqbivhysjpg.jpg,[],$ 780.000.000,3 Habs. 2 Baños 1102 m²,"Casa campestre en venta en la cabaña tres puertas, manizales","Casa Campestre enManizales, Caldas",,Llamar,"Venta de casa campestre en el sector Tres Puertas, vía Manizales – MedellínHermosa casa campestre con un área construida de 125 m² sobre un lote de 1.102 m², ideal para quienes buscan tranquilidad y contacto con la naturaleza. La propiedad se caracteriza por sus espacios abiertos, excelente distribución y muy buena iluminación natural.Cuenta con sala comedor integrada a una moderna cocina integral, zona de ropas, baño social y tres habitaciones, destacándose la habitación principal con baño privado. Además, dispone de espacio de parqueadero externo.El conjunto ofrece completas zonas sociales como cancha múltiple, piscina, salón social y juegos infantiles, ideales para el disfrute en familia.Ubicada en un sector tranquilo, con fácil acceso y un entorno campestre que brinda comodidad y calidad de vida.? Contáctanos para mayor información ***",[],5.1234885,-75.6710431,,,,,,,,,,,,,,2026-08-02
"Apartamento en Venta en Palogrande, Manizales",https://www.fincaraiz.com.co/apartamento-en-venta-en-palogrande-manizales/193946068,193946068,https://cdn4.fincaraiz.com.co/repo/img/th.outside384x275.6a46ca425a7d5_infocdn__06f8ef95-e12d-4136-b92d-884c935d7ec7-ff293da929c454a582f3cff64bab077c.jpeg,[],$ 500.000.000,2 Habs.,"Apartamento en venta en palogrande, manizales","Apartamento enManizales, Caldas",,Llamar,Código ***Descubre este apartamento en venta de aproximadamente 66 m² construidos. una excelente oportunidad para vivir o invertir en un inmueble moderno. cómodo y con una ubicación estratégica cerca de los principales servicios de la ciudad.El apartamento cuenta con 2 habitaciones. ambas con clóset. 2 baños completos con división en vidrio templado. una amplia sala-comedor con acceso al balcón. cocina semi integral con barra americana y área de ropas independiente. ofreciendo una distribución funcional y espacios ideales para el confort diario.Sus acabados incluyen pisos en cerámica y SPC. excelente iluminación natural e iluminación tipo LED. creando ambientes modernos. cálidos y de fácil mantenimiento.Su privilegiada ubicación permite estar cerca del estadio. avenidas principales. restaurantes. cafeterías. cable aéreo. bancos. centro comercial. clínicas. canchas deportivas y una amplia oferta de comercio y servicios. Además. cuenta con fácil acceso al transporte público y a las principales vías de la ciudad.Este apartamento es una excelente alternativa para quienes buscan una propiedad con excelente distribución. acabados modernos y alto potencial de valorización.¡Contáctanos para obtener más información y programar una visita! Estaremos encantados de atenderte.,[],5.056524,-75.487301,,,,,,,,,,,,,,2026-08-02
"Casa en Venta en Vereda Gallinazo, Manizales",https://www.fincaraiz.com.co/casa-en-venta-en-vereda-gallinazo-manizales/193954059,193954059,https://cdn4.fincaraiz.com.co/repo/img/th.outside384x275.6a4958709122b_infocdn__fbtvt9coqrbhdvijqline32dsxzvbvdm0agomuvwjpg.jpg,[],$ 350.000.000,4 Habs. 1 Baño 130 m²,"Casa en venta en vereda gallinazo, manizales","Casa enManizales, Caldas",,Llamar,"Venta Casa en el sector de La Enea, con un área de 130 Mt2, 4 habitaciones, 2 baños, zona de ropas, 3 niveles, cerca de la Universidad Nacional sede la Nubia, parque cercano, a supermercados Mercaldas, Ara, D1, Carulla. Transporte público a la mano, sector seguro, tranquilo, ideal para vivir en familia, iluminada y aireada.Excelente opción para vivir de una manera cómoda y placentera como siempre se ha imaginado, no dude en visitarlo.",[],5.0303120697194,-75.458306468106,,,,,,,,,,,,,,2026-08-02
"Apartamento en Venta en Villa Carmenza, Manizales",https://www.fincaraiz.com.co/apartamento-en-venta-en-villa-carmenza-manizales/193947151,193947151,https://cdn4.fincaraiz.com.co/repo/img/th.outside384x275.6a46eda08d061_infocdn__6rfko4znacymrttdvqyns72r9t2o88ycz2lkcherjpg.jpg,[],$ 285.000.000,3 Habs. 1 Baño 65 m²,"Apartamento en venta en villa carmenza, manizales","Apartamento enManizales, Caldas",,Llamar,"Apartamento de 65 m2 en excelente estado de conservación, ubicado en Villa Carmenza BLOQUE V1, recién pintado, 3 habitaciones, 1 baño, cocina, sala-comedor, pisos en buen estado, lavadero y zona de ropas, ubicado en piso cuarto, servicios al día, facilidad a transporte público, cercanía a supermercados, tiendas, colegio y parque con cancha, parqueadero comunal, libre de deudas, estrato 3, cuenta con administración.",[],5.060842500412,-75.5086824706,,,,,,,,,,,,,,2026-08-02
"Apartamento en  Venta en Avenida Alberto Mendoza, Manizales",https://www.fincaraiz.com.co/apartamento-en-venta-en-avenida-alberto-mendoza-manizales/192246743,192246743,https://cdn4.fincaraiz.com.co/repo/img/th.outside384x275.67f53a316f4d9_infocdn__x14zqnt6kmodkrfqnkrt6pn6vjtc6tosvkkxkjutjpg.jpg,[],$ 580.000.000,3 Habs. 2 Baños 82.5 m²,"Apartamento en  venta en avenida alberto mendoza, manizales","Apartamento enManizales, Caldas",,Llamar,"Amplio apartamento con gran iluminación ubicado por el sector el trebol en el conjunto Moratto living , cerca a la zona de bosque popular , Milán y el cable . cuenta con 3 habitaciones ,2 baños ,zona de televisión o estudio y dos balcones con increibles vistas.ademas de esto también consta de un cuarto útil y parqueadero cubierto .",[],5.0428507,-75.4815591,,,,,,,,,,,,,,2026-08-02
"Casa en Venta en El rosario, Manizales",https://www.fincaraiz.com.co/casa-en-venta-en-el-rosario-manizales/193907366,193907366,https://cdn4.fincaraiz.com.co/repo/img/th.outside384x275.6a3aaad70d382_infocdn__4rat3v1aprygqqpeqmypdnbnojs19eorshsxiln8jpg.jpg,[],$ 1.700.000.000,4 Habs. 5 Baños 365 m²,"Casa en venta en el rosario, manizales","Casa enManizales, Caldas",,Llamar,"? Exclusiva Casa de Lujo en ManizalesDespierte cada mañana rodeado de montañas, disfrute de amplias terrazas, una espectacular zona de piscina y la tranquilidad de una propiedad única.✨ Características:✔ 4 Habitaciones✔ 5 Baños✔ 365 m² Construidos✔ Totalmente Amoblada✔ Piscina y Spa✔ Quiosco Social✔ Casa Auxiliar✔ Cocina Moderna✔ Amplias Terrazas✔ Jardines Tropicales✔ Vista Panorámica✔ Parqueadero para Varios VehículosIdeal para:✅ Vivienda Familiar✅ Casa de Descanso✅ Inversión Turística✅ Alquiler Vacacional de Lujo✅ Compradores Internacionales? Manizales, Colombia? Exclusiva Casa de Lujo en ManizalesDespierte cada mañana rodeado de montañas, disfrute de amplias terrazas, una espectacular zona de piscina y la tranquilidad de una propiedad única.✨ Características:✔ 4 Habitaciones✔ 5 Baños✔ 365 m² Construidos✔ Totalmente Amoblada✔ Piscina y Spa✔ Quiosco Social✔ Casa Auxiliar✔ Cocina Moderna✔ Amplias Terrazas✔ Jardines Tropicales✔ Vista Panorámica✔ Parqueadero para Varios VehículosIdeal para:✅ Vivienda Familiar✅ Casa de Descanso✅ Inversión Turística✅ Alquiler Vacacional de Lujo✅ Compradores Internacionales? Manizales, Colombia? $1.850.000.000 COP?[email protected]Visitas privadas con cita previa.#CasaDeLujo #Manizales #EjeCafetero #BienesRaices #Piscina #VistaPanoramica #Inversion? $1.850.000.000 COP?[email protected]Visitas privadas con cita previa.#CasaDeLujo #Manizales #EjeCafetero #BienesRaices #Piscina #VistaPanoramica #Inversion",[],5.0558074,-75.5678796,,,,,,,,,,,,,,2026-08-02
"Finca en Venta en La caba�a, Manizales",https://www.fincaraiz.com.co/finca-en-venta-en-la-caba�a-manizales/193698460,193698460,https://cdn4.fincaraiz.com.co/repo/img/th.outside384x275.69f4f58b51f47_infocdn__newrfqmzffp5ktm8au9apdbhmpj5nqdf3dve0vcwjpg.jpg,[],$ 1.500.000.000,7 Habs. 4 Baños 1500 m²,"Finca en venta en la caba�a, manizales","Finca enManizales, Caldas",,Llamar,"Espectacular finca ubicada en el exclusivo conjunto campestre El Agrado, a pocos minutos de Santagueda, una de las zonas más apetecidas del Eje Cafetero por su clima cálido, tranquilidad y alta valorización.La propiedad cuenta con un lote de 1.500 m² y una amplia casa de 400 m², diseñada para el descanso, el entretenimiento y la inversión turística.Dispone de 7 habitaciones y 4 baños, ideal para familias grandes o para explotación tipo alquiler vacacional. Sus espacios exteriores están pensados para disfrutar al máximo: piscina privada, jacuzzi, turco, kiosco BBQ y amplias zonas verdes con árboles frutales.Además, cuenta con parqueadero para hasta 8 vehículos, lo que la hace perfecta para recibir grupos o eventos.Ubicada dentro de un conjunto cerrado con vigilancia 24 horas, portería y excelentes zonas sociales, ofreciendo seguridad y comodidad en todo momento.? Ubicación estratégica, cerca de Santagueda? Clima cálido todo el año? Ideal para inversión turística (alta demanda en la zona)",[],5.07414,-75.63581,,,,,,,,,,,,,,2026-08-02
"Apartamento en Venta en Estambul, Manizales",https://www.fincaraiz.com.co/apartamento-en-venta-en-estambul-manizales/193857343,193857343,https://cdn4.fincaraiz.com.co/repo/img/th.outside384x275.6a287197468be_infocdn__t6qqnnx8n04tkehfvdrifpsckgitjzk1snfllqddjpg.jpg,[],$ 283.000.000,3 Habs. 2 Baños 56 m²,"Apartamento en venta en estambul, manizales","Apartamento enManizales, Caldas",,Llamar,"Moderno apartamento ubicado en el piso 12 Torre B del exclusivo Conjunto Cerrado Mirador de Estambul. Con menos de 6 años de construido, esta propiedad destaca por su diseño contemporáneo y el uso de los unos mejores acabados, ofreciendo un estándar de calidad superior.El apartamento cuenta con una maravillosa vista panorámica hacia la ciudad de Manizales que se puede apreciar gracias a su excelente altura. Pensando en el máximo confort, la habitación principal fue equipada con una ventana de doble pared (termoacústica) diseñada especialmente para aislar el ruido exterior y garantizar un descanso ideal. Además, la propiedad ofrece un excelente aprovechamiento arquitectónico mediante un altillo acondicionado como bodega independiente, optimizando de forma inteligente el espacio entre el techo y el apartamento para almacenamiento extra sin sacrificar área social. La oferta se complementa con un parqueadero privado asignado y la seguridad y zonas comunes que brinda el conjunto residencial.",[],5.0543181,-75.5272145,,,,,,,,,,,,,,2026-08-02
"Apartamento en Venta en Avenida Alberto Mendoza, Manizales",https://www.fincaraiz.com.co/apartamento-en-venta-en-avenida-alberto-mendoza-manizales/193847591,193847591,https://cdn4.fincaraiz.com.co/repo/img/th.outside384x275.6a238a2c04ebc_infocdn__a3auxsuqyvyy9q6gqvratnx15h6thnz0me310cpvjpg.jpg,[],$ 445.000.000,3 Habs. 2 Baños 67 m²,"Apartamento en venta en avenida alberto mendoza, manizales","Apartamento enManizales, Caldas",,Llamar,"Apartamento con Vista al Nevado del Ruiz-La Florida.Edif Alta Vista sector El Trebol- Alto del Perro.Piso 05 torre 2 (año de construcción 2020)Tres habitaciones con closet (con Iluminación y ventilación natural)Vistas al nevado del Ruiz2 baños con duchas - remodelado sobre planos con todas las paredes revestidas en cerámicaCocina remodelada sobre planos con diseño moderno y diferente a los originales según proyecto.Incluye lavavajillas automático empotrado marca Bosh.Estufa GE a gas de 5 puestos.Area de Lavandería - remodelado sobre planos con todas las paredes revestidas en cerámicaSala Comedor integrados con puerta-ventana de piso a techo hacia el Balcón (con vista al Nevado)Actualmente están pintando todas las fachadas del edificio lo que agregará mayor valor al inmueble en un futuro cercano.Parqueadero nro 46 cubierto, cuarto útil nro 55- ambos en el mismo piso del apartamento (piso 5)El  edificio tiene cancha sintética de usos múltiples salón social, gimnasio, jacuzzy, Parque infantil, casa de muñecas. Portería 24/7 y sistema cerrado de cámaras.Valor de Administración $361.000",[],5.0450019,-75.4815478,,,,,,,,,,,,,,2026-08-02
"Apartamento en Venta en Palo grande, Manizales",https://www.fincaraiz.com.co/apartamento-en-venta-en-palo-grande-manizales/193481693,193481693,https://cdn4.fincaraiz.com.co/repo/img/th.outside384x275.69af37e813ea0_infocdn__8j9nlwnqsa4ylnfnd35pss5pwzw2mmwlbecbw555jpg.jpg,[],$ 480.000.000,1 Hab 2 Baños 61 m²,"Apartamento en venta en palo grande, manizales","Apartamento enManizales, Caldas",,Llamar,"APARTAMENTO DUPLEX TIPO LOFT●1 Piso, Cocina abierta con barra, Espacio para sala y comedor, Baño●2 Piso, Alcoba grande, Baño con ducchaEstudio Abierto● Parqueadero■ El Edificio  Cuenta con■ Gimnasio, Sauna, Turco, Salón Social, Terrazas con BBQ, Portería 24 horas, ■Parqueadero para visitantesSector PalermoCerca al Estadio",[],5.0565083005654,-75.492310260083,,,,,,,,,,,,,,2026-08-02
"Apartaestudio en Venta en Los laureles, Manizales",https://www.fincaraiz.com.co/apartaestudio-en-venta-en-los-laureles-manizales/193824697,193824697,https://cdn4.fincaraiz.com.co/repo/img/th.outside384x275.6a1db4b3c9698_infocdn__mkwblk5dzduw1x8e1hcm7sy3ueud5t1qnvudzhzgjpg.jpg,[],$ 285.000.000,1 Hab 1 Baño 38 m²,"Apartaestudio en venta en los laureles, manizales","Apartaestudio enManizales, Caldas",,Llamar,"Venta Directa, oportunidad de inversión apartaestudio de 38m, 1 habitación, 1 baño, 1 vestier, 1 Parqueadero  y 1 deposito(opcional +15M). actualmente rentado, ubicado en un exclusivo condominio Torres de Milán con excelentes zonas comunes. Piscinas Climatizadas , Turco, Ideal para quienes buscan un espacio práctico, bien ubicado y con beneficios que realmente marcan la diferencia.",[],5.0458186,-75.4800631,,,,,,,,,,,,,,2026-08-02
"Casa en Venta en Kennedy, Manizales",https://www.fincaraiz.com.co/casa-en-venta-en-kennedy-manizales/193818464,193818464,https://cdn4.fincaraiz.com.co/repo/img/th.outside384x275.6a1a24ecc1aeb_infocdn__nmqaqxewzyoe8jzg2r3s8hh8hqibazo0ohtljyinpng.png,[],$ 405.000.000,5 Habs. 2 Baños 110 m²,"Casa en venta en kennedy, manizales","Casa enManizales, Caldas",,Llamar,"Inversión Inteligente en Sector Comercial – Comuna Universitaria, ManizalesExcelente oportunidad de inversión en uno de los sectores con mayor proyección y movimiento de Manizales.Propiedad mixta con ubicación estratégica en la Comuna Universitaria, ideal para remodelar, rentar o desarrollar un proyecto comercial y residencial.La propiedad cuenta con local comercial con baño independiente y vivienda dúplex de 3 habitaciones, ofreciendo múltiples posibilidades de uso y valorización.Características del inmueble:Área construida: 103 m²Local comercial con bañoVivienda dúplex3 habitaciones1 bañoSalaCocinaTerrazaExcelente iluminación y ventilación naturalPotencial de inversión:Ideal para:Renta residencialNegocio propioOficinas administrativasConsultoriosCoworkingMinimarket o tiendaProyecto de remodelaciónInversión para valorizaciónSu principal valor está en la ubicación, el potencial comercial y la versatilidad del inmueble.Ubicación privilegiada:Ubicada en sector comercial y residencial de alta demanda en Manizales:Comuna UniversitariaExcelente transporte públicoCerca al Cable AéreoCerca a universidadesSupermercados y comercio cercanoCerca a iglesias y serviciosZona tranquila y de fácil accesoPropiedad con gran potencial para modernizar y aumentar su valorización en una zona con constante flujo de personas y desarrollo comercial.Precio de venta:$405.000.000Contacto directo con el propietario:***Visitas e información directamente con el propietario.",[],5.0540071,-75.4993583,,,,,,,,,,,,,,2026-08-02
"Apartamento en Venta en Cable, Manizales",https://www.fincaraiz.com.co/apartamento-en-venta-en-cable-manizales/193765314,193765314,https://cdn4.fincaraiz.com.co/repo/img/th.outside384x275.6a0c87944d07b_infocdn__7yxoyufvlfyuqammaie15ihqhp93kbqhyahbev31jpg.jpg,[],$ 350.000.000,2 Habs. 1 Baño 63.41 m²,"Apartamento en venta en cable, manizales","Apartamento enManizales, Caldas",,Llamar,"Apartamento totalmente remodelado, para estrenar. Excelente ubicación, al lado del centro comercial cable plaza, la torre del cable y edificio parque médico. Muy cerca a universidades, bancos y zona rosa. Portería virtual. 1 Garaje",[],5.0560036827529,-75.484808387332,,,,,,,,,,,,,,2026-08-02
"Casa en Venta en Campohermoso, Manizales",https://www.fincaraiz.com.co/casa-en-venta-en-campohermoso-manizales/193412801,193412801,https://cdn4.fincaraiz.com.co/repo/img/th.outside384x275.69972396d28c6_infocdn__hp3fqsfr4efafw2bjwxuksbewoatjbg3a722zjjwjpg.jpg,[],$ 485.000.000,4 Habs. 2 Baños 160 m²,"Casa en venta en campohermoso, manizales","Casa enManizales, Caldas",,Llamar,"Se vende casa de 3 niveles en Campohermoso, Manizales. Consta de: 160 mt², 4 habitaciones, 2 baños, patio de ropas independiente, cocina semi integral y garaje.Ubicada cerca de la Universidad de Manizales.La casa tiene posibilidad de ampliación y el precio es negociable.",[],5.0766472198044,-75.52270834115,,,,,,,,,,,,,,2026-08-02
"Casa en venta en Manizales, Villamaria",https://www.fincaraiz.com.co/casa-en-venta-en-manizales-villamaria/7854745,7854745,https://s3.amazonaws.com/imagenesprof.fincaraiz.com.co/OVFR_COL/2023/1/13/4056877_877_12.jpg,[],$ 3.450.000.000,5 Habs. 6 Baños 466 m²,"Casa en venta en manizales, villamaria","Casa enManizales, Caldas",,Llamar,"Eslava Gestión Inmobiliaria tiene el gusto de presentar para la venta fantástica casa ubicada en la florida en exclusivo conjunto cerrado.Estupenda casa con amplios ventanales y magnífica iluminación, el espacio de sala comedor se integra a la cocina y a la zona deck. Linda vista de la ciudad y las montañas, se respira un ambiente de tranquilidad. Adicional cuenta con apartamento independiente con cocina.Vigilancia permanente para tu tranquilidad.¡Ven a conocerla, es el lugar ideal para ti y tu familia!",[],5.03086473948128,-75.479033946991,,,,,,,,,,,,,,2026-08-02
"Apartamento en Venta en Palermo, Manizales",https://www.fincaraiz.com.co/apartamento-en-venta-en-palermo-manizales/193891496,193891496,https://cdn4.fincaraiz.com.co/repo/img/th.outside384x275.6a34b1b718851_infocdn__1y7esc1qoiem84882p0shi1h1y6iis4kiaqq3mphjpg.jpg,[],$ 420.000.000,2 Habs. 2 Baños 67 m²,"Apartamento en venta en palermo, manizales","Apartamento enManizales, Caldas",,Llamar,"¡Espectacular apartamento en venta en Palermo!Descubre este hermoso apartamento de 67 m², diseñado para ofrecer comodidad, amplitud y una excelente calidad de vida. Cuenta con dos habitaciones con clóset; la habitación principal dispone de baño privado y balcón exclusivo. Además, tiene un baño social completo, una amplia sala-comedor con acceso a un segundo balcón, cocina integral y zona de ropas independiente.El inmueble incluye parqueadero privado y depósito, brindando mayor comodidad y espacio de almacenamiento.El edificio cuenta con ascensor, video portero y salón social, ideales para complementar tu estilo de vida.Ubicado en uno de los sectores más exclusivos y valorizados de la ciudad, Palermo te ofrece la comodidad de tener cerca supermercados, el Centro Comercial Sancancio, restaurantes, droguerías, iglesias y una amplia variedad de servicios para tu día a día.Una excelente oportunidad para vivir o invertir en una zona de alta demanda y valorización.? Comunícate al ***y agenda tu visita. ¡Te encantará!",[],5.0496208,-75.4923297,,,,,,,,,,,,,,2026-08-02
"Apartamento en Venta en Avenida Santander, Manizales",https://www.fincaraiz.com.co/apartamento-en-venta-en-avenida-santander-manizales/193875391,193875391,https://cdn4.fincaraiz.com.co/repo/img/th.outside384x275.6a2dfbd925fd7_infocdn__7dsgey1lieb4qqqrt2s5sjsnt2pb7ggfzehide0ajpg.jpg,[],$ 1.280.000.000,3 Habs. 4 Baños 150 m²,"Apartamento en venta en avenida santander, manizales","Apartamento enManizales, Caldas",,Llamar,"¡Apartamento en arrendamiento sobre la Avenida Santander!Cuenta con un área de 150 m² distribuidos en una amplia sala-comedor con hermosa vista, 3 habitaciones, 4 baños, alcoba principal con baño privado, vestier y balcón, sala de estar o estudio, cocina integral, zona de ropas y alcoba de servicio con baño.La propiedad dispone además de  parqueadero lineal con capacidad para 2 vehículos y un amplio depósito.El edificio cuenta con ascensor, parque infantil, salón social, zona verde con BBQ, espacios para mascotas y portería con vigilancia 24 horas.Ubicado en una de las mejores zonas de Manizales, cerca de supermercados, clínicas, restaurantes, universidades, colegios, bancos, centros comerciales y zona empresarial, con excelente transporte público.? ¡Agenda tu visita y conoce tu próximo hogar!***",[],5.0613672,-75.4916808,,,,,,,,,,,,,,2026-08-02
"Casa en Venta en Asturias, Manizales",https://www.fincaraiz.com.co/casa-en-venta-en-asturias-manizales/193423811,193423811,https://cdn4.fincaraiz.com.co/repo/img/th.outside384x275.699a6910bb194_infocdn__oe5dbwhkiqzsolneikxmsmuh3jozxkeh2a7grxudjpg.jpg,[],$ 350.000.000,3 Habs. 2 Baños 100 m²,"Casa en venta en asturias, manizales","Casa enManizales, Caldas",,Llamar,"En venta casa en el sector Asturias, Manizales.La propiedad se desarrolla en 2 niveles y cuenta con un área aproximada de 100 m², distribuidos en sala y comedor independientes, cocina integral, zona de ropas, tres alcobas con ventanas al exterior que brindan excelente iluminación natural y dos baños completos.Dispone de parqueadero cubierto, el cual puede funcionar también como local comercial, generando actualmente una renta mensual aproximada de $550.000, lo que la convierte en una excelente opción tanto para vivienda como para inversión.Ubicada en un sector estratégico, con fácil acceso a transporte público y a tan solo 5 minutos del centro de la ciudad.? Contáctanos para más información al ***y agenda tu visita.",[],5.0595389,-75.5285551,,,,,,,,,,,,,,2026-08-02
"Apartamento en Venta en Comuna 4 - la estacion, Manizales",https://www.fincaraiz.com.co/apartamento-en-venta-en-comuna-4-la-estacion-manizales/193781910,193781910,https://cdn4.fincaraiz.com.co/repo/img/th.outside384x275.6a1076c4d8f61_infocdn__3mhyd2tfbiuscnfxwaurblqnopguyufmjoppgjf2jpg.jpg,[],$ 360.000.000,3 Habs. 2 Baños 75 m²,"Apartamento en venta en comuna 4 - la estacion, manizales","Apartamento enManizales, Caldas",,Llamar,"En el sector de la Autónoma sobre la Av del Río en Manizales, le ofrecemos amplio e iluminado apartamento con alta valorización, con un área de 75.06 m2 , más garaje cubierto y depósito, con terminados actuales, piso en porcelanato, portería 24/7. Transporte público cerca, zona residencial, a tan solo 5 minutos caminando de la Universidad Autónoma, y a pocos minutos al centro comercial Fundadores y zona Centro de la ciudad, así como a la clínica de la Presentación. Contáctenos para agendar cita",[],5.0674252,-75.5058366,,,,,,,,,,,,,,2026-08-02
Lote en Venta en Manizales,https://www.fincaraiz.com.co/lote-en-venta-en-manizales/192745020,192745020,https://cdn4.fincaraiz.com.co/repo/img/th.outside384x275.6a3ab18d6eab4_infocdn__gr13854220250520123428jpg.jpg,[],$ 375.000.000,15000 m²,Lote en venta en manizales,"Lote enManizales, Caldas",,Llamar,"Código para WhatsApp: ***Vista inmobiliaria tiene en venta fantástico lote en el sector del alto de letras, con un área de 15000 Mt2, sobre vía principal a 30 minutos de Manizales.Excelente opción, no dude en visitarlo. (los agentes Vista Inmobiliaria siempre dispuestos a brindar la mejor experiencia).",[],5.1631004,-75.6631585,,,,,,,,,,,,,,2026-08-02
"Casa en  Venta en El rosario, Manizales",https://www.fincaraiz.com.co/casa-en-venta-en-el-rosario-manizales/191065290,191065290,https://cdn4.fincaraiz.com.co/repo/img/th.outside384x275.667a238217952_infocdn__7pespmdgessufqwzxq4fhzfujbczdjui6wbyudlyjpg.jpg,[],$ 1.800.000.000,3 Habs. 3 Baños 250.91 m²,"Casa en  venta en el rosario, manizales","Casa enManizales, Caldas",,Llamar,"Eslava Gestión Inmobiliaria tiene el gusto de presentar en venta casa campestre ubicada en tranquilo sector residencial y clima cálido con fácil acceso a solo 20 minutos de la ciudad de Manizales.Esta casa está actualmente en construcción, su diseño está rodeado de verde, tendrá una maravillosa vista llena de tranquilidad.¡Te invitamos a conocer este proyecto, es el lugar ideal para ti y tu familia!",[],5.0592979700192,-75.52757486897,,,,,,,,,,,,,,2026-08-02
"Apartamento en Venta en La arboleda, Manizales",https://www.fincaraiz.com.co/apartamento-en-venta-en-la-arboleda-manizales/193318593,193318593,https://cdn4.fincaraiz.com.co/repo/img/th.outside384x275.6974eccdd1eb2_infocdn__vmr6840bwehcu3mw6kp8uoydm5hbaulhxmi3duljjpg.jpg,[],$ 380.000.000,3 Habs. 2 Baños 120 m²,"Apartamento en venta en la arboleda, manizales","Apartamento enManizales, Caldas",,Llamar,"Vendo Apartamento en la arboleda, en área tranquila y segura, que brinda un ambiente de bienestar y confort.Es de 120M², consta de 3 habitaciones, 2 baños, sala comedor, cocina y zona de ropas.Está ubicado en un sector residencial muy agradable y tranquilo, con fácil acceso al transporte público y equidistante del centro de la cuidad y del sector el cable.¡Contáctanos y separa tu cita ***!",[],5.0613823,-75.4981323,,,,,,,,,,,,,,2026-08-02
"Apartamento en Venta en Los laureles, Manizales",https://www.fincaraiz.com.co/apartamento-en-venta-en-los-laureles-manizales/193779731,193779731,https://cdn4.fincaraiz.com.co/repo/img/th.outside384x275.6a0faac0350b9_infocdn__gr-venta-apartamento-1-alcoba-lau-1779408437-1211-814jpeg.jpeg,[],$ 265.000.000,1 Hab 2 Baños 53 m²,"Apartamento en venta en los laureles, manizales","Apartamento enManizales, Caldas",,Llamar,"Capital Inmobiliario ofrece para la Venta bello apartamento totalmente remodelado con elegantes acabados ubicado a pocos metros de la Avenida Kevin Ángel. Cuenta con 1 alcoba con closet y baño privado, sala comedor, baño social, cocina integral con servicio de gas natural domiciliario, zona de ropas, calentador a gas, pisos en cerámica. Parqueadero. Edificio con portería 24 horas, ascensor, salón social. Agenda tu cita: ***.",[],5.0580507308772,-75.483594534639,,,,,,,,,,,,,,2026-08-02
"Apartamento en  Venta en Estambul, Manizales",https://www.fincaraiz.com.co/apartamento-en-venta-en-estambul-manizales/191826819,191826819,https://cdn4.fincaraiz.com.co/repo/img/th.outside384x275.6a3aafbde8d96_infocdn__gr138542220241226032525jpg.jpg,[],$ 220.000.000,3 Habs. 1 Baño 53 m²,"Apartamento en  venta en estambul, manizales","Apartamento enManizales, Caldas",,Llamar,"Código para WhatsApp: ***Apartamento en Estambul – 53 m² de comodidad y seguridadUn espacio pensado para quienes buscan practicidad y bienestar en un entorno tranquilo y seguro.Área total: 53 m²Habitaciones: 3 acogedorasBaños: 2 funcionalesSala/Comedor: integrado, ideal para compartirCocina: semi-integralÁrea de ropas: práctica y organizadaPiso: 6 (sin ascensor)Servicios del conjunto: vigilancia y portería 24 horas, salón social para tus reunionesEste apartamento combina comodidad y seguridad, perfecto para quienes desean vivir con tranquilidad y disfrutar de espacios bien distribuidos.✨ Tu vida, como siempre la imaginasteUna excelente opción para vivir de manera cómoda y placentera. Los agentes de Vista Inmobiliaria están listos para acompañarte y brindarte la mejor experiencia en tu proceso de compra.",[],5.0518676,-75.5257762,,,,,,,,,,,,,,2026-08-02
"Apartamento en Venta en Avenida Alberto Mendoza, Manizales",https://www.fincaraiz.com.co/apartamento-en-venta-en-avenida-alberto-mendoza-manizales/193732296,193732296,https://cdn4.fincaraiz.com.co/gen-ai/th.outside384x275.enhanced_image_20260511143610.png,[],$ 465.000.000,3 Habs. 2 Baños 67 m²,"Apartamento en venta en avenida alberto mendoza, manizales","Apartamento enManizales, Caldas",,Llamar,"Disfrute de un balcón privado con vistas impresionantes, ideal para relajarse y contemplar el paisaje. Este exclusivo apartamento cuenta con un estudio versátil, perfecto para trabajar desde casa o como espacio adicional según sus necesidades. La propiedad se encuentra dentro de un conjunto residencial que ofrece espectaculares zonas sociales diseñadas para el disfrute de toda la familia. Sumérjase en sus refrescantes piscinas, desafíe a sus amigos en las canchas deportivas, explore los senderos naturales para caminatas o manténgase en forma en el gimnasio completamente equipado. La seguridad es una prioridad, con vigilancia 24/7 para su tranquilidad. Ubicado en un sector de alta valorización y constante crecimiento, este inmueble representa una inversión inteligente con gran proyección a futuro. Además, su cercanía al transporte público facilita la movilidad y conexión con los principales puntos de interés de la ciudad.",[],5.0432923,-75.4733317,,,,,,,,,,,,,,2026-08-02
"Apartamento en Venta en Colseguros, Manizales",https://www.fincaraiz.com.co/apartamento-en-venta-en-colseguros-manizales/193388695,193388695,https://cdn4.fincaraiz.com.co/gen-ai/th.outside384x275.enhanced_image_20260212164237.png,[],$ 470.000.000,3 Habs. 2 Baños 92 m²,"Apartamento en venta en colseguros, manizales","Apartamento enManizales, Caldas",,Llamar,"Descubra este funcional apartamento disponible para venta y arriendo, una oportunidad única para quienes buscan un hogar con vistas excepcionales. Ofrece una impresionante vista panorámica de la ciudad, creando un ambiente de tranquilidad y contemplación.  El interior de la propiedad destaca por su funcionalidad y luminosidad. Cuenta con dos baños y un cómodo garaje. Los dos dormitorios secundarios son luminosos; con piso de madera laminada y armario empotrado, ambos diseñados para maximizar el confort y el estilo. Entre sus características clave, sobresale el balcón que invitan a disfrutar del exterior, la ventilación natural que asegura ambientes frescos y agradables, y la combinación de pisos en madera y baldosa/mármol que aportan calidez y elegancia. Además, cada habitación cuenta con closet, maximizando el espacio de almacenamiento. Este apartamento está pensado para quienes valoran un diseño práctico y adaptable, ideal para personalizar y crear el hogar de sus sueños.",[],5.0534421,-75.4779715,,,,,,,,,,,,,,2026-08-02
"Apartamento en Venta en Milan, Manizales",https://www.fincaraiz.com.co/apartamento-en-venta-en-milan-manizales/193477943,193477943,https://cdn4.fincaraiz.com.co/repo/img/th.outside384x275.69ae03a0d9765_infocdn__yvqh2ahorzf6nl1tcxaltidsunferfqya0xmxhxyjpg.jpg,[],$ 330.000.000,1 Hab 1 Baño 38 m²,"Apartamento en venta en milan, manizales","Apartamento enManizales, Caldas",,Llamar,"En venta moderno apartaestudio tipo loft en conjunto residencial, ubicado en el sector de Milán, con un área de 38 m², ideal para inversión o vivienda. Está distribuido en 1 habitación con vestier, 1 baño completo, cocina integral y zona de ropas independiente. Cuenta con excelente iluminación natural, agradable vista y parqueadero.El conjunto ofrece completas zonas sociales como piscina climatizada para niños y adultos, jacuzzi, turco, cancha múltiple, salón social, terraza, planta eléctrica, parqueadero para visitantes y 2 ascensores.Contáctanos para mayor información: ***.",[],5.09774,-75.46575,,,,,,,,,,,,,,2026-08-02
"Apartamento en Venta en Belen, Manizales",https://www.fincaraiz.com.co/apartamento-en-venta-en-belen-manizales/193669128,193669128,https://cdn4.fincaraiz.com.co/repo/img/th.outside384x275.6a341d7b72c1a_infocdn__gr-venta-gran-apartamento-4-alcob-1774923839-1009-1967jpeg.jpeg,[],$ 1.100.000.000,4 Habs. 3 Baños 192 m²,"Apartamento en venta en belen, manizales","Apartamento enManizales, Caldas",,Llamar,"AF Capital Inmobiliario ofrece para la Venta amplio apartamento de 192 metros en un solo nivel ubicado en icónico edificio de la Ciudad sector Belén. Magnífica ubicación a pocos metros de la Avenida Santander y fácil acceso a diferentes bienes y servicios. Cuenta con 4 alcobas con closet (principal muy generosa con baño privado y vestier), baño auxiliar completo, espaciosa sala y comedor independientes que conectan con un agradable balcón, baño social, amplio estudio, hall de alcobas, cocina integral con servicio de gas natural domiciliario, zona de ropas y cuarto de empleada con baño. Pisos en cerámica y tapete. Parqueadero. Edificio con portería 24 horas, ascensor. Agenda tu cita: ***.",[],5.0603562260652,-75.490497719938,,,,,,,,,,,,,,2026-08-02
"Casa en Venta en El centro, Manizales",https://www.fincaraiz.com.co/casa-en-venta-en-el-centro-manizales/193340748,193340748,https://cdn4.fincaraiz.com.co/repo/img/th.outside384x275.697cca6d53149_infocdn__xqek6b18uaoouiyryqc6dnwwqhusv8rvrhbqxk9ljpg.jpg,[],$ 600.000.000,5 Habs. 3 Baños 162 m²,"Casa en venta en el centro, manizales","Casa enManizales, Caldas",,Llamar,"Se vende casa con re gas en San Joaquín, Manizales. Consta de: 162mt² construidos y 3 apartamentos distribuidos así:- Piso 1: Apartaestudio de 2 ambientes (26mt²), habitación, baño, cocina y zona de ropas.- Piso 2: Apartamento de 2 habitaciones (56mt²), 1 baño (ducha eléctrica), sala comedor, cocina semi integral y patio de ropas independiente.- Piso 3: Apartamento dúplex (80mt²) 2 habitaciones (principal con base cama, centro de entretenimiento y clóset), 1 baño, cocina integral con isla, mini bar, zona de ropas y terraza.El precio es negociable.",[],5.0656475,-75.5136938,,,,,,,,,,,,,,2026-08-02
"Casa Campestre en venta en Kilometro 41, Manizales",https://www.fincaraiz.com.co/casa-campestre-en-venta-en-kilometro-41-manizales/10642691,10642691,https://d3s5pkt10pk3ga.cloudfront.net/resizedImages/384x275/site/fincaraiz_service/media/listing/6ea00c0b-6453-4824-a20e-169b15cd341e/photos/6ea00c0b-6453-4824-a20e-169b15cd341e_1_True_d27ce976-c4e2-4c8d-bd2b-51f5471b80a6.jpeg,[],$ 840.000.000,3 Habs. 4 Baños 1100 m²,"Casa campestre en venta en kilometro 41, manizales","Casa Campestre enManizales, Caldas",,Llamar,"Se vende espectacular casa campestre, kilometro 46 vía Manizales Medellín, La casa es para estrenarEstá ubicada en un condominio campestre, con todos los servicios públicos. El lote tiene 1.100 mts.El área de la casa privada es de 137 mts y en total con decks y otras áreas son 200 mtsCuenta con piscina privada y amplias zonas verdes, Tiene 3 habitaciones, cada una con su baño y un baño social",[],5.1631004,-75.6631585,,,,,,,,,,,,,,2026-08-02
"Apartamento en Venta en Niza, Manizales",https://www.fincaraiz.com.co/apartamento-en-venta-en-niza-manizales/193716306,193716306,https://cdn4.fincaraiz.com.co/repo/img/th.outside384x275.69fba357d2b8c_infocdn__h5c9u0r5en2v0xsjqex4ze8n0uw8sozy9me39lhwjpg.jpg,[],$ 360.000.000,3 Habs. 2 Baños 83 m²,"Apartamento en venta en niza, manizales","Apartamento enManizales, Caldas",,Llamar,"Descubra este luminoso apartamento en venta, un espacio de estilo moderno y funcional con un potencial ilimitado para convertirse en el hogar de sus sueños. Con 2 baños y 1 parqueadero privado, esta propiedad ubicada en un edificio de 5 pisos capitaliza la ventilación natural y la luminosidad que usted busca para su familia. Este inmueble es una oportunidad ideal para quienes buscan crear un hogar a su medida.  La propiedad ofrece amplios espacios, destacando una sala de estar principal con grandes ventanales que le invitan a disfrutar de una cautivadora vista panorámica a la ciudad y zonas verdes. La cocina funcional está lista para ser equipada según sus preferencias, mientras que los dormitorios aguardan su toque personal para ser transformados en santuarios de descanso y estilo. Cada ambiente ha sido diseñado para maximizar la comodidad y el bienestar.  Entre sus características clave, sobresalen el piso en baldosa, que aporta elegancia y facilidad de mantenimiento. La zona de lavandería no solo es práctica, sino que además ofrece vistas a la naturaleza, convirtiendo las tareas diarias en un momento agradable. El apartamento se complementa con zonas verdes, ideal para disfrutar del aire libre. Esta propiedad es perfecta para aquellos que desean un lienzo en blanco para personalizar y disfrutar de una vida moderna y confortable.",[],5.0578165,-75.474318,,,,,,,,,,,,,,2026-08-02
"Casa en Venta en El centro, Manizales",https://www.fincaraiz.com.co/casa-en-venta-en-el-centro-manizales/193340748,193340748,https://cdn4.fincaraiz.com.co/repo/img/th.outside384x275.697cca6d53149_infocdn__xqek6b18uaoouiyryqc6dnwwqhusv8rvrhbqxk9ljpg.jpg,[],$ 600.000.000,5 Habs. 3 Baños 162 m²,"Casa en venta en el centro, manizales","Casa enManizales, Caldas",,Llamar,"Se vende casa con re gas en San Joaquín, Manizales. Consta de: 162mt² construidos y 3 apartamentos distribuidos así:- Piso 1: Apartaestudio de 2 ambientes (26mt²), habitación, baño, cocina y zona de ropas.- Piso 2: Apartamento de 2 habitaciones (56mt²), 1 baño (ducha eléctrica), sala comedor, cocina semi integral y patio de ropas independiente.- Piso 3: Apartamento dúplex (80mt²) 2 habitaciones (principal con base cama, centro de entretenimiento y clóset), 1 baño, cocina integral con isla, mini bar, zona de ropas y terraza.El precio es negociable.",[],5.0656475,-75.5136938,,,,,,,,,,,,,,2026-08-02
"Apartaestudio en Venta en Expoferias, Manizales",https://www.fincaraiz.com.co/apartaestudio-en-venta-en-expoferias-manizales/193577789,193577789,https://cdn4.fincaraiz.com.co/repo/img/th.outside384x275.69c9d29bb1f90_infocdn__uvxit4d0h68dbnlnocrdqgbhrtgkldko2tptrenyjpg.jpg,[],$ 495.000.000,1 Hab 1 Baño 50 m²,"Apartaestudio en venta en expoferias, manizales","Apartaestudio enManizales, Caldas",,Llamar,"Oportunidad, Vendo apartamento de una habitación para quienes buscan vivir en una de las zonas más exclusivas de Manizales en un apartamento totalmente nuevo., área de 50m² más 27m2 terraza, en Edificio residencial, sector San Marcel, cuenta con gran sala comedor con salida a terraza techada, habitacion independiente, 2 baños, cocina integral con amplio espacio de alacenamirnto y zona de ropas, parqueadero, deposito, vigilancia las 24 horas, ascensor. El apartamento se encuentra cerca de supermercados, centros médicos, locales, entre otros, a pocos minutos del Cable Plaza, con excelente transporte público.¡ Dentro de conjunto cerrado con vigilancia 24 horas y muchos extras. Contáctanos y separa tu cita *** !",[],5.0351258,-75.4713629,,,,,,,,,,,,,,2026-08-02
"Casa en Venta en Sector Tejares, Manizales",https://www.fincaraiz.com.co/casa-en-venta-en-sector-tejares-manizales/193577708,193577708,https://cdn4.fincaraiz.com.co/repo/img/th.outside384x275.69c9ca5ed88f9_infocdn__xmfuznngkdvyr4zeipbkie5ffek9f5jx7drsxh40jpg.jpg,[],$ 2.100.000.000,4 Habs. 4 Baños 400 m²,"Casa en venta en sector tejares, manizales","Casa enManizales, Caldas",,Llamar,"Vendo casa campestre en el sector de Tejares, Manizales, espacios amplios ideales para familias o personas que desean disfrutar de la naturaleza sin alejarse de la ciudad. La casa tiene un  área de  440m2 en lote de 500m2, dentro de conjunto cerrado. La casa  cuenta con 4 amplias y confortables habitaciones, dos de ellas con baño privado,  3  baños completos y un baño social, estudio, espaciosa cocina integral, sala comedor con salida a terraza y zonas verdes, cuarto de servicio,  4 parqueaderos, cubiertos. Vigilancia privada las 24 horas, si deseas recibir mas información contactanos!!! tel: ***",[],5.04554,-75.485495,,,,,,,,,,,,,,2026-08-02
"Apartamento en Venta en Palermo, Manizales",https://www.fincaraiz.com.co/apartamento-en-venta-en-palermo-manizales/193596551,193596551,https://cdn4.fincaraiz.com.co/repo/img/th.outside384x275.69d41255f36b2_infocdn__350-1-1775505377jpg.jpg,[],$ 790.000.000,3 Habs. 3 Baños 124 m²,"Apartamento en venta en palermo, manizales","Apartamento enManizales, Caldas",,Llamar,"Hermoso apartamento en excelente sector dela ciudad, consta de 3 alcobas, alcoba principal con Vestier, 3 baños, sala comedor, cocina integral, patio de ropas, cuarto servicio con baño, parqueadero privado, el edificio cuenta con portería solo en el día, salón social y ascensor.  administración edificio: 530.000",[],5.051880947327,-75.487659745407,,,,,,,,,,,,,,2026-08-02
"Apartamento en Venta en La linda, Manizales",https://www.fincaraiz.com.co/apartamento-en-venta-en-la-linda-manizales/192724111,192724111,https://cdn4.fincaraiz.com.co/repo/img/th.outside384x275.6a3d755a12c48_infocdn__gr-venta-apartamento-3-alcobas-va-1754496370-0137-7814jpeg.jpeg,[],$ 160.000.000,3 Habs. 2 Baños 54 m²,"Apartamento en venta en la linda, manizales","Apartamento enManizales, Caldas",,Llamar,"AF Capital Inmobiliario ofrece para la Venta iluminado apartamento ubicado en agradable conjunto residencial via La Linda sector San Isidro. Cuenta con 3 alcobas (principal con baño privado), baño auxiliar completo, sala comedor, cocina semintegral con servicio de gas natural domiciliario, zona de ropas, calentador a gas, pisos en cerámica. Parqueadero de uso común. El conjunto cuenta con portería 24 horas, salón social, zona de juegos infantiles.Agenda tú cita: 318 / 658 / 5089.",[],5.0941255581336,-75.531801536459,,,,,,,,,,,,,,2026-08-02
"Apartamento en Venta en Los alcazares, Manizales",https://www.fincaraiz.com.co/apartamento-en-venta-en-los-alcazares-manizales/193974691,193974691,https://cdn4.fincaraiz.com.co/repo/img/th.outside384x275.6a503988958e1_infocdn__06f8ef95-e12d-4136-b92d-884c935d7ec7-2ea35a3fe2e0556177110d297b526289.jpeg,[],$ 235.000.000,2 Habs. 1 Baño 36 m²,"Apartamento en venta en los alcazares, manizales","Apartamento enManizales, Caldas",,Llamar,Código ***Descubre este apartamento en venta en Los Alcázares. Manizales. una excelente oportunidad para vivir en un sector residencial de alta valorización. con fácil acceso a servicios. comercio y las principales vías de la ciudad.El inmueble se destaca por sus acabados modernos. excelente ventilación e iluminación natural. Cuenta con 2 habitaciones. la principal con clóset. 1 baño. una amplia sala-comedor. cocina integral y área de ropas. ofreciendo espacios cómodos y funcionales para tu día a día.Sus pisos en porcelanato aportan un estilo moderno. elegante y de fácil mantenimiento. Además. dispone de parqueadero comunal. brindando mayor comodidad para los residentes.El conjunto residencial ofrece completas zonas comunes como portería y vigilancia privada las 24 horas. doble ascensor. salón social. parque infantil. zona de juegos. cancha múltiple. senderos peatonales. zona para mascotas y parqueaderos comunales cubiertos. ideales para disfrutar en familia.Su excelente ubicación te permitirá estar cerca de colegios. universidades. jardines infantiles. supermercados. iglesias. centros comerciales. hospitales. estaciones de servicio y contar con fácil acceso al transporte público.Si buscas un apartamento moderno. seguro y con excelente potencial de valorización. esta es una oportunidad que no puedes dejar pasar.¡Contáctanos y agenda tu visita! Estaremos encantados de ayudarte a encontrar tu próximo hogar.,[],5.065252,-75.526945,,,,,,,,,,,,,,2026-08-02
Apartamento en Venta en Manizales,https://www.fincaraiz.com.co/apartamento-en-venta-en-manizales/193663393,193663393,https://cdn4.fincaraiz.com.co/repo/img/th.outside384x275.6a3ab7b221815_infocdn__gr138542320260422104642jpg.jpg,[],$ 200.000.000,3 Habs. 1 Baño 45 m²,Apartamento en venta en manizales,"Apartamento enManizales, Caldas",,Llamar,"Código para WhatsApp: ***Apartamento en venta – Sector La Toscana, ManizalesImagina despertar cada día en un apartamento acogedor, con excelente iluminación natural y espacios funcionales que te brindan comodidad. Ubicado en una zona estratégica de Manizales, este inmueble te conecta con centros comerciales, instituciones educativas y vías principales, ofreciendo todo lo que necesitas para tu estilo de vida.Área: 45 m² aprox. Habitaciones: 3 Baños: 1 Sala/Comedor: Sí Cocina: Semi-integral Pisos: Cerámica Área de ropas: Sí Iluminación: Excelente luz naturalUbicación: Cerca a Mall Plaza, Escuela de Carabineros, Mercaldas y Avenida Kevin Ángel.Nuestros agentes están comprometidos en ofrecerle una experiencia de visita y acompañamiento excepcional. Con atención personalizada, transparencia y dedicación, garantizamos que cada recorrido y cada etapa del proceso se conviertan en una oportunidad para tomar decisiones seguras y satisfactorias.",[],5.0545609185972,-75.487956404686,,,,,,,,,,,,,,2026-08-02
"Apartamento en Venta en La leonora, Manizales",https://www.fincaraiz.com.co/apartamento-en-venta-en-la-leonora-manizales/193440425,193440425,https://cdn4.fincaraiz.com.co/repo/img/th.outside384x275.6a3ab55120dc0_infocdn__gr138541220260226095209jpg.jpg,[],$ 300.000.000,3 Habs. 2 Baños 68 m²,"Apartamento en venta en la leonora, manizales","Apartamento enManizales, Caldas",,Llamar,"Código para WhatsApp: ***Venta de Fantástico Apartamento – Sector La Leonora, ManizalesVista Inmobiliaria ofrece en venta un apartamento moderno y funcional, ubicado en uno de los sectores con mayor valorización de la ciudad.Área total: 68 m²Habitaciones: 3 amplias con excelente iluminaciónBaños: 2 con acabados modernosParqueadero: 1Características: Ceramica, sala/comedor, balcón, área de ropas, espacios aireados y bien distribuidosPiso: 2Áreas comunes del edificio:  salón social, juegos infantiles, zonas verdes, puerta eléctrica, parqueaderos para visitantes, planta eléctrica, tanque de reserva y sistema de CCTV.Ubicación estratégica: En La Leonora, cerca de la Avenida Santander y la Avenida Kevin Ángel, con acceso rápido a zonas comerciales, educativas y de servicios.Lo que hace especial este apartamento:Espacios modernos y confortables para vivir en familia.Conjunto con excelentes amenidades que elevan tu calidad de vida.Sector de alta valorización, ideal para invertir con seguridad.Con Vista Inmobiliaria: Nuestros agentes están listos para acompañarte con profesionalismo, cercanía y compromiso.Agenda tu visita hoy mismo. Este apartamento puede convertirse en el lugar donde empiece tu nueva historia.",[],5.064045,-75.4950676,,,,,,,,,,,,,,2026-08-02
"Apartamento en Venta en Baja suiza, Manizales",https://www.fincaraiz.com.co/apartamento-en-venta-en-baja-suiza-manizales/193002825,193002825,https://cdn4.fincaraiz.com.co/repo/img/th.outside384x275.68f6a11652f79_infocdn__7meuvqx6w4jhq6yo7ovrmq1p6o8kch4kztsob3r3jpg.jpg,[],$ 460.000.000,2 Habs. 2 Baños 67 m²,"Apartamento en venta en baja suiza, manizales","Apartamento enManizales, Caldas",,Llamar,"Apartamento en conjunto cerrado, con inmejorables acabados, iluminado, vista panorámica, 2 habitaciones, 2 baños completos, sala comedor, cocina integral con barra americana, área de ropas, garaje privado doble en linea, depósito, ubicado cerca a puntos de interés como el cable, centro comercial cable plaza, Mall plaza, nueva eps, estaciones de servicio, muy buenas vías de acceso. El conjunto cuenta con vigilancia 24/7, ascensores, piscina, salón social, zona infantil, zona de mascotas, gimnasio.",[],5.0575754,-75.4825134,,,,,,,,,,,,,,2026-08-02
"Oficina en Venta en El centro, Manizales",https://www.fincaraiz.com.co/oficina-en-venta-en-el-centro-manizales/193407098,193407098,https://cdn4.fincaraiz.com.co/repo/img/th.outside384x275.6995beea76f7b_infocdn__gr87943220260218081729jpeg.jpeg,[],$ 95.000.000,1 Ambiente 25 m²,"Oficina en venta en el centro, manizales","Oficina enManizales, Caldas",,Llamar,"Oficina amplia e iluminada cuenta con 2 ambientes, closet, baño comunal, ubicada en zona comercial y residencial.",[],5.0683952402068,-75.51819562912,,,,,,,,,,,,,,2026-08-02
"Casa Campestre en  Venta en Santagueda, Manizales",https://www.fincaraiz.com.co/casa-campestre-en-venta-en-santagueda-manizales/192138844,192138844,https://cdn4.fincaraiz.com.co/repo/img/th.outside384x275.687521f632230_infocdn__87943720250313033529jpg.jpg,[],$ 1.390.000.000,5 Habs. 5 Baños 450 m²,"Casa campestre en  venta en santagueda, manizales","Casa Campestre enManizales, Caldas",,Llamar,"Hermosa y moderna casa campestre, amplia, iluminada de forma natural y fresca, con 5 habitaciones y 5 baños modernos. La sala - comedor y la cocina integral están dispuestas alrededor de un hermoso jardín interior. Además, cuenta con piscina y jardín exterior.La propiedad tiene videoportero y es una casa independiente, ubicada en una zona de recreo, a solo 30 minutos de Manizales.Propietario recibe permuta hasta $400 millones de apartamento en estrato 5 o 6, el resto en efectivo.",[],5.0325768,-75.4284828,,,,,,,,,,,,,,2026-08-02
"Casa en Venta en La enea vieja, Manizales",https://www.fincaraiz.com.co/casa-en-venta-en-la-enea-vieja-manizales/193024524,193024524,https://cdn4.fincaraiz.com.co/repo/img/th.outside384x275.68fbf652aea67_infocdn__7yhuhqrvkhze3lbmtsvcdqhnndx1e6gjkaznlxjrjpg.jpg,[],$ 445.000.000,4 Habs. 3 Baños 106 m²,"Casa en venta en la enea vieja, manizales","Casa enManizales, Caldas",,Llamar,"¡Oportunidad Única! Casa de Tres Niveles en Portal de la Alhambra, La Enea ¡Vive con comodidad y estilo en uno de los conjuntos residenciales más tranquilos de Manizales!Ponemos a la venta esta espectacular casa de 4 habitaciones y 3 baños ubicada en el Conjunto Residencial Portal de la Alhambra, en el tradicional barrio La Enea.Características Destacadas del Inmueble: Distribución: Casa de 3 niveles Habitaciones: 4 amplias alcobas Baños: 3 (incluyendo baño auxiliar y baño privado en la habitación principal)Garajes: 2, para tu total comodidad. Estrato: 4 Comodidades Internas que te Encantarán: Espacios Funcionales: Disfruta de una biblioteca/estudio ideal para teletrabajo o lectura. Confort: Calentador y gas domiciliario instalado. Almacenamiento: Todas las habitaciones cuentan con clósets y una práctica zona de lavandería. Balcón y Vista: Relájate en el balcón con una hermosa vista panorámica del entorno.¡No dejes pasar esta excelente oportunidad de inversión y calidad de vida! Ideal para familias que buscan seguridad, confort y una ubicación estratégica.",[],5.0337572,-75.4584166,,,,,,,,,,,,,,2026-08-02
"Apartamento en Venta en Baja suiza, Manizales",https://www.fincaraiz.com.co/apartamento-en-venta-en-baja-suiza-manizales/193946568,193946568,https://cdn4.fincaraiz.com.co/repo/img/th.outside384x275.6a46ce9998907_infocdn__soyb5wxk7xd79pvnhqs87elobpykv7zn7cl3txsbjpg.jpg,[],$ 395.000.000,4 Habs. 2 Baños 59 m²,"Apartamento en venta en baja suiza, manizales","Apartamento enManizales, Caldas",,Llamar,"Descubra la oportunidad de vivir en el exclusivo sector de Bella Suiza con este encantador apartamento en Ciprés. Este inmueble de 59 m² ha sido diseñado para ofrecer confort y funcionalidad, ideal para quienes buscan un hogar moderno en una ubicación privilegiada.El apartamento cuenta con tres luminosas alcobas, perfectas para el descanso y la privacidad de toda la familia. Dispone de dos baños completos, una práctica zona de ropas y una cocina integrada que se conecta armoniosamente con la sala comedor, creando un espacio abierto y acogedor para el entretenimiento y la vida diaria. Además, incluye un parqueadero, un valor añadido en esta codiciada zona.Ubicado en un sector de alta valorización, este apartamento no solo es un lugar para vivir, sino una inversión inteligente. Su diseño y distribución optimizan cada metro cuadrado, ofreciendo un ambiente cálido y funcional.",[],5.0579129,-75.4806497,,,,,,,,,,,,,,2026-08-02
"Casa en Venta en Los alcazares, Manizales",https://www.fincaraiz.com.co/casa-en-venta-en-los-alcazares-manizales/193780159,193780159,https://cdn4.fincaraiz.com.co/repo/img/th.outside384x275.6a0fbe0a5146e_infocdn__srjlgnnmzaf7bmpmizyhiroecwcpprnslk1w3qlvjpg.jpg,[],$ 590.000.000,6 Habs. 4 Baños 260 m²,"Casa en venta en los alcazares, manizales","Casa enManizales, Caldas",,Llamar,"Venta de casa esquinera en el sector de Alcazares de 280 m2 en en perfectas condiciones ofrece espacios amplios y modernos. Cuenta con 6 habitaciones, incluyendo dos alcobas principales en el piso 1 y 3, 4 baños (2 completos) cocina integral moderna iluminada, vista e3exterior, doble poceta, y una gran terraza con pérgola perfecta para el entretenimiento al aire libre, patio de ropas, bodega y parqueadero para 1 vehículos cubierto. ¡No dejes pasar esta oportunidad de vivir en el paraíso urbano!., ¡Si deseas recibir más información! contáctanos, Tel: ***",[],5.06796,-75.5264346,,,,,,,,,,,,,,2026-08-02
"Apartamento en Venta en Niza, Manizales",https://www.fincaraiz.com.co/apartamento-en-venta-en-niza-manizales/193721063,193721063,https://cdn4.fincaraiz.com.co/repo/img/th.outside384x275.6a32ccf218b89_infocdn__gr-arriendo-apartamento-en-niza-m-1760031064-4104-4936jpeg.jpeg,[],$ 350.000.000,3 Habs. 2 Baños 53 m²,"Apartamento en venta en niza, manizales","Apartamento enManizales, Caldas",,Llamar,"AF Capital Inmobiliario ofrece para la Venta hermoso apartamento en Niza, con  excelentes acabados muy iluminado, sector tranquilo, a 5 minutos del sector del Cable, cerca a Home Center. Cuenta con 3 alcobas con closet (principal con baño privado), baño auxiliar completo, sala comedor, cocina Semintegral con servicio de gas natural domiciliario, zona de ropas, calentador a gas, pisos en cerámica y madera flotante. Conjunto con portería 24 horas, ascensor, parqueadero comunal, salón social, cancha múltiple, zona infantil, zona BBQ. Agenda tu cita: ***.",[],5.0571093996107,-75.474059876347,,,,,,,,,,,,,,2026-08-02
"Apartamento en Venta en Cámbulos, Manizales",https://www.fincaraiz.com.co/apartamento-en-venta-en-cambulos-manizales/193731884,193731884,https://cdn4.fincaraiz.com.co/repo/img/th.outside384x275.6a038b7861828_infocdn__gr-arrienda-apartamento-2-alcobas-1752091967-7206-9093jpeg.jpeg,[],$ 310.000.000,3 Habs. 2 Baños 55 m²,"Apartamento en venta en cámbulos, manizales","Apartamento enManizales, Caldas",,Llamar,"AF Capital Inmobiliario ofrece para la Venta elegante y cómodo apartamento con bellos acabados y buena iluminación natural ubicado en agradable conjunto residencial a pocos metros de la Terminal de transporte. Cerca a supermercados, parques, restaurantes y con fácil acceso al servicio de transporte público. Cuenta con 3 alcobas con closet (principal con baño privado), baño auxiliar completo, sala comedor, cocina semintegral con servicio de gas natural domiciliario, zona de ropas, calentador a gas, pisos en cerámica. Parqueadero de uso común. El conjunto cuenta con portería 24 horas, ascensor, salón social, cancha múltiple, zona de juegos infantiles. Agenda tú cita: ***.",[],5.0473906507391,-75.505509876229,,,,,,,,,,,,,,2026-08-02
Apartamento en  Venta en Manizales,https://www.fincaraiz.com.co/apartamento-en-venta-en-manizales/191801995,191801995,https://cdn4.fincaraiz.com.co/repo/img/th.outside384x275.6a3aafdea04c7_infocdn__gr138541520241216040201jpg.jpg,[],$ 446.028.000,3 Habs. 2 Baños 101 m²,Apartamento en  venta en manizales,"Apartamento enManizales, Caldas",,Llamar,"Código para WhatsApp: ***Vista Inmobiliaria tiene en venta apartamento ""NUEVO"" en el sector de Villamaría, tiene un área 101.37 Mt2, 3 habitaciones, 2 baños, sala/comedor, iluminado, aireado, cerca al centro de Villamaría, supermercados, zona comercial y transporte público cercano, piso 3 sin ascensor.Excelente opción para vivir de una manera cómoda y placentera como siempre se ha imaginado, no dude en visitarlo. (los agentes Vista Inmobiliaria siempre dispuestos a brindar la mejor experiencia).",[],5.0418698461449,-75.513024330139,,,,,,,,,,,,,,2026-08-02
"Apartamento en Venta en La francia, Manizales",https://www.fincaraiz.com.co/apartamento-en-venta-en-la-francia-manizales/193352418,193352418,https://cdn4.fincaraiz.com.co/repo/img/th.outside384x275.6981fc47ef2e5_infocdn__eomnaj1zd8x1st5yf5qbkduofp9pcoow9qjwqmhzjpg.jpg,[],$ 325.000.000,2 Habs. 2 Baños 52 m²,"Apartamento en venta en la francia, manizales","Apartamento enManizales, Caldas",,Llamar,"¡Vendo apartamento en La Francia!Es de 52.28m², consta de 2 habitaciones, 2 baños, sala comedor con acceso a balcón, cocina integral, zona de ropas y garaje.El conjunto residencial cuenta con ascensor, zonas verdes, cancha, salón social, juegos infantiles y vigilancia 24 horasGracias a su excelente ubicación tiene fácil acceso al transporte público, cerca del centro de la ciudad, colegios.Contáctanos y agenda tu cita al ***",[],5.0709168,-75.5310591,,,,,,,,,,,,,,2026-08-02
"Apartamento en Venta en Villapilar, Manizales",https://www.fincaraiz.com.co/apartamento-en-venta-en-villapilar-manizales/193203030,193203030,https://cdn4.fincaraiz.com.co/gen-ai/th.outside384x275.enhanced_image_20251215013057.png,[],$ 360.000.000,3 Habs. 2 Baños 94 m²,"Apartamento en venta en villapilar, manizales","Apartamento enManizales, Caldas",,Llamar,"Descubra la oportunidad de vivir en un  excelente apartamento en conjunto cerrado, con un área de  94m². Diseñado para el confort y la funcionalidad, cuenta con tres amplias alcobas, un estudio versátil, una sala comedor de concepto abierto que se integra armoniosamente, y dos baños completos. Disfrute de una generosa zona de ropas y de vistas privilegiadas hacia el conjunto y sus exuberantes zonas verdes. La propiedad incluye un estacionamiento propio exterior, garantizando comodidad y seguridad.El conjunto ofrece un estilo de vida inigualable con vigilancia 24 horas, un elegante salón social y juegos infantiles.No deje pasar esta excepcional oportunidad de inversión y bienestar.Contáctenos al ***para más información.",[],5.0933101,-75.5315489,,,,,,,,,,,,,,2026-08-02
"Apartamento en Venta en Avenida Kevin Angel, Manizales",https://www.fincaraiz.com.co/apartamento-en-venta-en-avenida-kevin-angel-manizales/192317989,192317989,https://cdn4.fincaraiz.com.co/repo/img/th.outside384x275.680fb13b3b2ff_infocdn__iz054r4lmwctgr9prclhl1oyerh2krgkorl78yfhjpg.jpg,[],$ 485.000.000,3 Habs. 2 Baños 85 m²,"Apartamento en venta en avenida kevin angel, manizales","Apartamento enManizales, Caldas",,Llamar,"? VENDO APARTAMENTO EN PLAZA CORALES?410.000.000? Área 85 mts?  3 Alcobas? 2 baños?️ Sala?️ Comedor?‍?Cocina integralBalcón? Parqueadero cubierto y depósitoExcelente ubicación, piso alto con hermosa vista , el conjunto cuenta con ascensor, salón social , juegos infantiles, cancha múltiple, vigilancia privada 24 horas, cerca a centros comerciales , fácil acceso a transporte público, sector de alta valorización",[],5.06649,-75.4921317,,,,,,,,,,,,,,2026-08-02
"Casa en Venta en Expoferias, Manizales",https://www.fincaraiz.com.co/casa-en-venta-en-expoferias-manizales/193853405,193853405,https://cdn4.fincaraiz.com.co/repo/img/th.outside384x275.6a27787118116_infocdn__zmqcsnahle3dvpbq0gaaqnzf7du5byyrd4ts78k7jpg.jpg,[],$ 895.000.000,4 Habs. 3 Baños 150 m²,"Casa en venta en expoferias, manizales","Casa enManizales, Caldas",,Llamar,Excelente ubicaciónCerca al bosque popularEn condominio cerradoTotalmente remodelada150 metrosParqueaderos cubiertosFácil acceso a transporte público,[],5.0357942,-75.4753731,,,,,,,,,,,,,,2026-08-02
