Título,URL detalle,id_inmueble,URL imagen,Etiquetas,Precio listado,Tipología listado,Descripción breve,Ubicación listado,Publicante,Acción disponible,Porcentaje terminado,Porcentaje vendido,Ocupación,Desarrollador,Estado,Parqueaderos,Financiación,Formas de pago,Cuota inicial,Cantidad de pisos,Aplica subsidio,Fecha de Finalización,Estrato,Descripción completa,Unidades,Latitud,Longitud,fecha_recoleccion
"CORAL BAY, Lote en Venta en Barú, Cartagena",https://www.fincaraiz.com.co/proyectos-vivienda/coral-bay-lotes-en-venta-en-baru-cartagena/15018245,15018245,https://cdn4.fincaraiz.com.co/repo/img/th.outside384x275.699785d477d71_infocdn__2chouwxzyjopyab50q1npzk6vhbciywdoe2azzhipng.png,[],Desde $ 237.000.000,260 m²,"Coral bay, lote en venta en barú, cartagena","Casa enCartagena, Bolivar",PROMOTORA CONDOMINIO BARU SERENITY BAY CLUB,Llamar,¡Pregúntale!,¡Pregúntale!,¡Pregúntale!,¡Pregúntale!,Sobre planos,¡Pregúntale!,70%,Cualquier medio de pago,¡Pregúntale!,¡Pregúntale!,¡Pregúntale!,28/06/2030,4,"Lotes en la Isla de Baru, Sector Portonaito",[],10.2161111,-75.6002778,2026-08-03
"SALARA DE BARÚ COLLECTION, Apartamento en Venta en Barú, Cartagena",https://www.fincaraiz.com.co/proyectos-vivienda/salara-de-baru-collection-apartamentos-en-venta-en-baru-cartagena/15018599,15018599,https://cdn4.fincaraiz.com.co/repo/img/th.outside384x275.6a332a261618c_infocdn__mot6roo8q0d1451th96jm45hy9rmziazodwvwlrtjpg.jpg,[],Desde $ 401.090.300,1 Hab 1 Baño 37.58 m²,"Salara de barú collection, apartamento en venta en barú, cartagena","Apartamento enCartagena, Bolivar",TRAZOS URBANOS,Llamar,¡Pregúntale!,¡Pregúntale!,¡Pregúntale!,¡Pregúntale!,Sobre planos,¡Pregúntale!,70%,30%,¡Pregúntale!,¡Pregúntale!,¡Pregúntale!,¡Pregúntale!,3,"Salara Barú Collection es un proyecto de apartamentos turísticos ubicado en Barú, a solo 20 minutos en lancha del Centro Histórico de Cartagena, con acceso terrestre y navegabilidad 24/7. Contará con Club de Playa, muelle de embarque y desembarque, piscina para adultos y niños, car lobby, fully equipped gym, children's playground y coworking space. Un proyecto diseñado para disfrutar, rentar y valorizar en el Caribe colombiano. SALA DE VENTAS ESTÁ UBICADA EN EL CENTRO COMERCIAL NAO EN BOCAGRANDE",[],10.2740037,-75.5406811,2026-08-03
"OPORTO APARAMENTOS, Apartamento en Venta en Providencia, Cartagena",https://www.fincaraiz.com.co/proyectos-vivienda/oporto-aparamentos-apartamentos-en-venta-en-providencia-cartagena/15017903,15017903,https://cdn4.fincaraiz.com.co/repo/img/th.outside384x275.690e711462cb5_infocdn__tjryvknjqtdoqbgzhq8agxk9dgkel6i2q86zkxqtjpg.jpg,[],Desde $ 250.000.000,2 Habs. 3 Baños 62.5 m²,"Oporto aparamentos, apartamento en venta en providencia, cartagena","Apartamento enCartagena, Bolivar",MEJIA VILLEGAS,Llamar,¡Pregúntale!,¡Pregúntale!,¡Pregúntale!,¡Pregúntale!,En construcción,¡Pregúntale!,30,¡Pregúntale!,¡Pregúntale!,¡Pregúntale!,¡Pregúntale!,¡Pregúntale!,3,"Oporto Apartamento con ubicación privilegiada en el barrio tradicional La Providencia en Cartagena, cerca de centros comerciales, universidades, y el Patio Portal de Trasncaribe, es un proyecto pensado para ver tus sueños de tener vivienda propia hecho realidad.Si estás buscando un proyecto de vivienda o un hogar para tu familia, Oporto Apartamentos es la opción que te acerca a tus sueños!",[],10.3952884,-75.4741887,2026-08-03
"Fiorentti, Apartamentos en Venta en Ternera, Cartagena",https://www.fincaraiz.com.co/proyectos-vivienda/fiorentti-apartamentos-en-venta-en-ternera-cartagena/10656397,10656397,https://d3s5pkt10pk3ga.cloudfront.net/resizedImages/384x275/site/fincaraiz_service/media/listing/fae5a4e0-77a7-4dc7-8bf3-ffe38ae28a6c/photos/fae5a4e0-77a7-4dc7-8bf3-ffe38ae28a6c_1_True_1e230b2f-ac44-412f-bdbc-c83a397acb75.jpg,[],Desde $ 492.671.000,3 Habs. 2 Baños 90.76 m²,"Fiorentti, apartamentos en venta en ternera, cartagena","Apartamento enCartagena, Bolivar",MARVAL CARTAGENA,Llamar,¡Pregúntale!,¡Pregúntale!,¡Pregúntale!,¡Pregúntale!,En construcción,¡Pregúntale!,¡Pregúntale!,¡Pregúntale!,¡Pregúntale!,¡Pregúntale!,¡Pregúntale!,¡Pregúntale!,4,"Fiorentti está ubicado en un sector de gran desarrollo urbanístico al suroriente de la ciudad de Cartagena, aquí encontrarás un lugar donde los sueños de tu familia se hacen realidad. El proyecto te ofrece diferentes vías de acceso cercanas, así como alternativas en salud, comercio, deporte, entretenimiento y educación. Acá encontrarás el lugar idóneo para construir tu historia. El proyecto te brinda la oportunidad de compartir los mejores momentos con tu familia, por eso sus espacios están pensados para acoger cómodamente y que puedas disfrutar de unas zonas sociales completas.",[],10.39043940000000000000,-75.46918380000000000000,2026-08-03
"BALUARTE DEL PUERTO, Apartamento en Venta en Bellavista, Cartagena",https://www.fincaraiz.com.co/proyectos-vivienda/baluarte-del-puerto-apartamentos-en-venta-en-bellavista-cartagena/15016817,15016817,https://cdn4.fincaraiz.com.co/repo/img/th.outside384x275.66d8cb847ce19_infocdn__dlo72wjf2xwaom3kfzyxkfbfnff7ah1cfrbzpnffjpg.jpg,[],Desde $ 276.500.000,2 Habs. 2 Baños 52.69 m²,"Baluarte del puerto, apartamento en venta en bellavista, cartagena","Apartamento enCartagena, Bolivar",PROMOTORA BALUARTE DEL PUERTO,Llamar,¡Pregúntale!,¡Pregúntale!,¡Pregúntale!,¡Pregúntale!,Sobre planos,¡Pregúntale!,26,¡Pregúntale!,¡Pregúntale!,¡Pregúntale!,¡Pregúntale!,2028,3,"Un club residencial exclusivo de entorno 100% familiar y privado, libre del tráfico de rentas cortas o turismo de paso. El refugio ideal para ejecutivos, familias y compradores inteligentes en Cartagena.Diseñado para optimizar tu espacio y presupuesto: Alianza estratégica con Prontomatic (lavandería inteligente en zonas comunes para maximizar el área útil de tu hogar) y Kit de Pisos Premium (mortero, cerámica y zócalos listo para habitar).",[],10.3730477,-75.5045619,2026-08-03
"GINGER, Apartamento en Venta en Providencia, Cartagena",https://www.fincaraiz.com.co/proyectos-vivienda/ginger-apartamentos-en-venta-en-providencia-cartagena/6914914,6914914,https://s3.amazonaws.com/imagenesprof.fincaraiz.com.co/OVFR_COL/2021/12/15/3463903_694_0.jpg,[],Desde $ 394.294.000,2 Habs. 2 Baños 77 m²,"Ginger, apartamento en venta en providencia, cartagena","Apartamento enCartagena, Bolivar",AMARILO,Llamar,¡Pregúntale!,¡Pregúntale!,¡Pregúntale!,¡Pregúntale!,En construcción,¡Pregúntale!,Financiación: 70 %| Método de pago: Todas las entidades,¡Pregúntale!,¡Pregúntale!,¡Pregúntale!,¡Pregúntale!,¡Pregúntale!,3,"Contará con seis (6) torres de once (11) pisos cada una destinadas a vivienda, un (1) edificio de 3 pisos de los cuales 2 son de parqueaderos y un piso destinado a servicios comunales como Salón Comunal, Piscina Adultos y Niños, Gimnasio y Parque Infantil , Sótano de Parqueaderos para Automóvil, Motos y Bicicletas..",[],10.38761043548580000000,-75.46761322021480000000,2026-08-03
"SANTORINI, Casa en Venta en Cartagena",https://www.fincaraiz.com.co/proyectos-vivienda/santorini-casas-en-venta-en-cartagena/15018027,15018027,https://cdn4.fincaraiz.com.co/repo/img/th.outside384x275.69457d02d1f3e_infocdn__ljxx5y5ovjmxbzv0w0ttnmqkkkknunivu0hz4klzjpg.jpg,[],Desde $ 2.236.000.000,3 Habs. 3 Baños 163 m²,"Santorini, casa en venta en cartagena","Casa enCartagena, Bolivar",AMARILO,Llamar,¡Pregúntale!,¡Pregúntale!,¡Pregúntale!,¡Pregúntale!,Sobre planos,¡Pregúntale!,¡Pregúntale!,¡Pregúntale!,¡Pregúntale!,¡Pregúntale!,¡Pregúntale!,2028,4,"Santorini Refugio del Mar en Cartagena: Un Oasis de ExclusividadRefugio del Mar es más que un simple lugar para vivir; es un espacio donde cada detalle ha sido pensado para brindarte un ambiente de lujo y comodidad, rodeado de naturaleza y con la tranquilidad que solo la cercanía al mar puede ofrecer.Los proyectos que harán parte de este Gran Desarrollo contarán con una combinación de ubicación, diseño, exclusividad y el respaldo de la Constructora Amarilo.",[],10.5241875,-75.4653125,2026-08-03
"SAN MARCO, Apartamentos en Venta en Serena del Mar, Cartagena",https://www.fincaraiz.com.co/proyectos-vivienda/san-marco-apartamentos-en-venta-en-serena-del-mar-cartagena/10806437,10806437,https://d3s5pkt10pk3ga.cloudfront.net/resizedImages/384x275/site/fincaraiz_service/media/listing/4b43516d-7f31-4aac-b13b-ac3412a40814/photos/4b43516d-7f31-4aac-b13b-ac3412a40814_5_False_387d3e5f-655c-4f2e-9dde-e7c1f1ce4277.jpg,[],Desde $ 477.200.000,1 Hab 2 Baños 60 m²,"San marco, apartamentos en venta en serena del mar, cartagena","Apartamento enCartagena, Bolivar",AMARILO,Llamar,¡Pregúntale!,¡Pregúntale!,¡Pregúntale!,¡Pregúntale!,Nuevos,¡Pregúntale!,70%,¡Pregúntale!,¡Pregúntale!,¡Pregúntale!,¡Pregúntale!,¡Pregúntale!,5,"""San Marco es un conjunto residencial de apartamentos ubicado en el urbanismo de Serena del Mar en la ciudad de Cartagena, zona de desarrollo urbanístico, residencial y comercial en la zona Norte de la ciudad.El proyecto cuenta con acceso en automóvil desde la ciudad a través de la Autopista al Mar a 10 minutos del aeropuerto, se encuentra ubicado en la agrupación 21 lote gran canal 2 del urbanismo Serena del Mar. El predio se encuentra delimitado por el norte con un espacio peatonal que lo separa del proyecto Palladio, al sur con un espacio peatonal que lo separa del lote gran canal 3A del mismo desarrollo, al oriente con la vía local del Boulevard Serenísima, y al occidente con el Gran Canal.""",[],10.500034737295,-75.471292464724,2026-08-03
"MARDUK TOWER, Apartamentos en Venta en Manga, Cartagena",https://www.fincaraiz.com.co/proyectos-vivienda/marduk-tower-apartamentos-en-venta-en-manga-cartagena/15017902,15017902,https://cdn4.fincaraiz.com.co/repo/img/th.outside384x275.690e6f758d58b_infocdn__zwmwzwurskz0d0s9xnchqp7qif250vssbrnck2mdjpg.jpg,[],Desde $ 558.000.000,1 Hab 2 Baños 61.5 m²,"Marduk tower, apartamentos en venta en manga, cartagena","Apartamento enCartagena, Bolivar",MEJIA VILLEGAS,Llamar,¡Pregúntale!,¡Pregúntale!,¡Pregúntale!,¡Pregúntale!,Sobre planos,¡Pregúntale!,30%,¡Pregúntale!,¡Pregúntale!,¡Pregúntale!,¡Pregúntale!,¡Pregúntale!,5,"Modernos apartamentos desde 61,5 mt 2, de 1 y 2 alcobas + disponible. Un innovador edificio residencial, ubicado en una de las zonas más tradicionales de Manga, la 2da. Avenida.",[],10.4113876,-75.5348348,2026-08-03
"El Jardín Azucena, Apartamento en Venta en La esperanza, Cartagena",https://www.fincaraiz.com.co/proyectos-vivienda/el-jardin-azucena-apartamentos-en-venta-en-la-esperanza-cartagena/15017170,15017170,https://cdn4.fincaraiz.com.co/repo/img/th.outside384x275.67a27af1107f3_infocdn__xqwkunqlxmb5ypqx4x4aim6nzogepsykgg1s36qnjpg.jpg,[],Desde $ 227.420.000,2 Habs. 2 Baños 65.02 m²,"El jardín azucena, apartamento en venta en la esperanza, cartagena","Apartamento enCartagena, Bolivar",MARVAL CARTAGENA,Llamar,¡Pregúntale!,¡Pregúntale!,¡Pregúntale!,¡Pregúntale!,En construcción,¡Pregúntale!,¡Pregúntale!,¡Pregúntale!,¡Pregúntale!,¡Pregúntale!,¡Pregúntale!,¡Pregúntale!,3,"El Jardín, Azucena es un proyecto de Vivienda de Interés Social (VIS) ubicado en la Carolina, sector donde se está desarrollando la nueva Cartagena. Esta zona te ofrece todas las comodidades y servicios que necesitas para tu familia. Justamente el hogar que estas buscando diseñado para vivir la vida que sueña con los beneficios que te brinda esta nueva ciudad. Vías de acceso principales y rutas de transporte que favorecen tu movilidad: Vía cordialidad.Sitios de interés cercanos: – Terminal de Transporte – Mamonal (Zona Industrial) – Supermercado ARA,D1, Megatiendas y Olímpica.",[],10.395228,-75.4545597,2026-08-03
"PLAYA ESCONDIDA, Apartamento en Venta en 2. localidad de la virgen y turistica, Cartagena",https://www.fincaraiz.com.co/proyectos-vivienda/playa-escondida-apartamentos-en-venta-en-2-localidad-de-la-virgen-y-turistica-cartagena/10966619,10966619,https://d3s5pkt10pk3ga.cloudfront.net/resizedImages/384x275/site/fincaraiz_service/media/listing/5b7910fb-90f3-4775-8515-cf7a37039654/photos/5b7910fb-90f3-4775-8515-cf7a37039654_1_True_fc877e05-d067-4a76-b828-4dd59bec55b1.jpg,[],Desde $ 829.000.000,1 Hab 2 Baños 58.5 m²,"Playa escondida, apartamento en venta en 2. localidad de la virgen y turistica, cartagena","Apartamento enCartagena, Bolivar",AR CONSTRUCCIONES,Llamar,¡Pregúntale!,¡Pregúntale!,¡Pregúntale!,¡Pregúntale!,Sobre planos,1,¡Pregúntale!,¡Pregúntale!,¡Pregúntale!,¡Pregúntale!,¡Pregúntale!,¡Pregúntale!,6,PLAYA ESCONDIDA es un Resort Residencial desarrollado en 240.000 m² con 6 etapas de apartamentos en torres de 6 pisos para disfrutar de la mejor vista de la playa y el mar. Las ETAPAS I y II se desarrollarán conjuntamente por las reconocidas constructoras FLORMORADO Y AR CONSTRUCCIONES.Las imágenes de toda la publicidad son representaciones artísticas e ilustrativas que pueden variar en el desarrollo del proyecto,[],10.52959930000000000000,-75.48897080000000000000,2026-08-03
"Puntalta Altarena, Apartamentos en Venta en El campestre, Cartagena",https://www.fincaraiz.com.co/proyectos-vivienda/puntalta-altarena-apartamentos-en-venta-en-el-campestre-cartagena/10389425,10389425,https://d3s5pkt10pk3ga.cloudfront.net/resizedImages/384x275/site/fincaraiz_service/media/listing/00bbc59b-34a1-4f61-ae65-2145e56ea97e/photos/00bbc59b-34a1-4f61-ae65-2145e56ea97e_1_True_2b138d52-f0f5-4c84-bdfe-c7b0ce48a1cc.jpg,[],Desde $ 356.702.000,2 Habs. 2 Baños 59.71 m²,"Puntalta altarena, apartamentos en venta en el campestre, cartagena","Apartamento enCartagena, Bolivar",MARVAL CARTAGENA,Llamar,¡Pregúntale!,¡Pregúntale!,¡Pregúntale!,¡Pregúntale!,Sobre planos,¡Pregúntale!,¡Pregúntale!,¡Pregúntale!,¡Pregúntale!,¡Pregúntale!,¡Pregúntale!,¡Pregúntale!,4,"Vive la modernidad de tu hogar en Puntalta Altarena un nuevo proyecto NO VIS en el campestre Cartagena, una zona de gran desarrollo urbano con buenas vías de acceso como la calle 14 y la diagonal 30 vía a Mamonal. Es el camino perfecto para empezar a ver tu vida con una nueva cara, disfrutar de la comodidad y calidad que te brinda su diseño innovador y vanguardista donde sus más de 10 sus zonas recreativas y verdes te brindan todo lo que buscas dentro de un conjunto cerrado.",[],10.39025730000000000000,-75.50367090000000000000,2026-08-03
"CENTRO COMERCIAL PARQUE HEREDIA, Local en Venta en Providencia, Cartagena",https://www.fincaraiz.com.co/proyectos-vivienda/centro-comercial-parque-heredia-locales-en-venta-en-providencia-cartagena/15017401,15017401,https://cdn4.fincaraiz.com.co/repo/img/th.outside384x275.67ffee770c178_infocdn__xohbnlkt1dermyjafsvrrelini3fie0jpjyf7vvdpng.png,[],,1 Ambiente 1 Baño 25.49 m²,"Centro comercial parque heredia, local en venta en providencia, cartagena","Local Comercial enCartagena, Bolivar",AMARILO,Llamar,¡Pregúntale!,¡Pregúntale!,¡Pregúntale!,¡Pregúntale!,Nuevos,¡Pregúntale!,70%,crédito,¡Pregúntale!,¡Pregúntale!,¡Pregúntale!,¡Pregúntale!,3,"LOCALES PARA ENTREGA INMEDIATA. El Centro Comercial Parque Heredia, desarrollado por la Constructora Amarilo, es un innovador proyecto de dos plantas en Cartagena que cuenta con 88 locales comerciales de diferentes tamaños, diseñados para satisfacer las necesidades de todo tipo de negocios.  Con un diseño moderno y funcional propio de la Constructora Amarilo, este centro comercial le apuesta al desarrollo de este sector de la ciudad que sigue creciendo y desarrollándose cada día más. Los locales tienen áreas que van desde los 25,49 m2 hasta los 443,52 m2, con precios atractivos para que puedas adquirir el espacio perfecto para tu emprendimiento.El proyecto también incluye un supermercado Olímpica, varios cajeros electrónicos, una zona de comidas y un espacio para juegos infantiles y entretenimiento, garantizando una afluencia constante de visitantes y mayor comodidad para los residentes de la zona. Además, el centro comercial cuenta con un gran número de parqueaderos de motos y vehículos para asegurar la comodidad de tus clientes.El diseño del Centro Comercial Parque Heredia es moderno y sostenible que ofrece un entorno agradable para visitantes y comerciantes. Su arquitectura promueve la eficiencia energética y la conservación de recursos, convirtiéndolo en un espacio amigable con el medio ambiente y generando una experiencia única para quienes lo visitan: Zona de comidas, zona de entretenimiento, zonas verde y de esparcimiento",[],10.3927966,-75.4617589,2026-08-03
"Anaiwa Eco Reserva, Lote en Venta en Arroyo de piedra, Cartagena",https://www.fincaraiz.com.co/proyectos-vivienda/anaiwa-eco-reserva-lotes-en-venta-en-arroyo-de-piedra-cartagena/15018241,15018241,https://cdn4.fincaraiz.com.co/repo/img/th.outside384x275.69934e5a59e71_infocdn__xshzmftn5dmbjc8uyscuw6eh5ambisthxpo6ecupjpg.jpg,[],Desde $ 180.406.680,319.87 m²,"Anaiwa eco reserva, lote en venta en arroyo de piedra, cartagena","Lote enCartagena, Bolivar",PROMOTORA RUBIK,Llamar,¡Pregúntale!,¡Pregúntale!,¡Pregúntale!,¡Pregúntale!,Sobre planos,¡Pregúntale!,80%,Financiación directa con la constructora -  0% interes,¡Pregúntale!,¡Pregúntale!,¡Pregúntale!,28/2/2028,5,"Anaiwa Eco Reserva se encuentra en una ubicación única, a tan solo 20 minutos de la histórica ciudad de Cartagena. Un proyecto innovador, rodeado de impresionantes paisajes y con acceso directo a las principales vías de comunicación, lo que lo convierte en un punto estratégico para vivir y disfrutar.Además de ofrecer una calidad de vida excepcional y enviadiable por cualquier persona, Anaiwa Eco Reserva representa una oportunidad de inversión segura y rentable. El sector inmobiliario es uno de los pilares más estables de la economía colombiana, proporcionando una seguridad y solidez que pocas inversiones pueden igualar. ¡Justo lo que todo inversionista necesita! Al invertir en Anaiwa Eco Reserva, estás apostando por un proyecto ubicado en una de las zonas con mayor crecimiento urbano y turístico de Colombia. Un proyecto donde encuentras un lugar excepcional para vivir, así como una inversión inteligente y segura en uno de los sectores más sólidos de la economía. Únete a nosotros y descubre cómo puedes hacer crecer tu patrimonio mientras disfrutas de un entorno paradisíaco.",[],10.63542548149,-75.418472654492,2026-08-03
"Puntalta Altagracia, Apartamento en Venta en Ceballos, Cartagena",https://www.fincaraiz.com.co/proyectos-vivienda/puntalta-altagracia-apartamentos-en-venta-en-ceballos-cartagena/7883906,7883906,https://d3s5pkt10pk3ga.cloudfront.net/resizedImages/384x275/site/fincaraiz_service/media/listing/fa8ceb55-491e-429e-b167-484d1c9c5e6c/photos/fa8ceb55-491e-429e-b167-484d1c9c5e6c_1_True_1a12839c-8b5d-426c-ba4c-8cb49661501a.jpg,[],Desde $ 351.403.000,1 Hab 2 Baños 54.1 m²,"Puntalta altagracia, apartamento en venta en ceballos, cartagena","Apartamento enCartagena, Bolivar",MARVAL CARTAGENA,Llamar,¡Pregúntale!,¡Pregúntale!,¡Pregúntale!,¡Pregúntale!,Nuevos,¡Pregúntale!,Financiación: 80%,¡Pregúntale!,¡Pregúntale!,¡Pregúntale!,¡Pregúntale!,¡Pregúntale!,4,"Un proyecto donde el diseño y la ubicación se unen, obteniendo un resultado de ensueño, Altagracia.Apartamentos en el sector El Campestre con fascinante distribución de espacios, calidad en acabados, ubicación céntrica y diversas vías de acceso..",[],10.38403892517090000000,-75.50080871582030000000,2026-08-03
"Jardín Imperial, Apartamento en Venta en Providencia, Cartagena",https://www.fincaraiz.com.co/proyectos-vivienda/jardin-imperial-apartamentos-en-venta-en-providencia-cartagena/7766199,7766199,https://d3s5pkt10pk3ga.cloudfront.net/resizedImages/384x275/site/fincaraiz_service/media/listing/a0eb41c5-f47f-49ef-838d-098f81669f8d/photos/a0eb41c5-f47f-49ef-838d-098f81669f8d_1_True_8bd15226-0219-46ed-b1c3-57e37472f759.jpg,[],Desde $ 273.164.000,2 Habs. 2 Baños 64.76 m²,"Jardín imperial, apartamento en venta en providencia, cartagena","Apartamento enCartagena, Bolivar",MARVAL CARTAGENA,Llamar,¡Pregúntale!,¡Pregúntale!,¡Pregúntale!,¡Pregúntale!,En construcción,¡Pregúntale!,Financiación: 80%,¡Pregúntale!,¡Pregúntale!,¡Pregúntale!,¡Pregúntale!,¡Pregúntale!,3,"Jardín Imperial se desarrolla en La Carolina, un sector en crecimiento que te asegura los servicios y beneficios que siempre has deseado para brindarle a tu familia comodidad y bienestar. Vías de acceso principales que favorecen tu movilidad: Vía cordialidad. Sitios de interés cercanos:  Terminal de Transporte  Mamonal (Zona Industrial)  Olímpica  Rutas de transporte  Supermercado ARA.",[],10.40159320831300000000,-75.46394348144530000000,2026-08-03
"Apartamento en Venta en Cartagena de indias, Cartagena",https://www.fincaraiz.com.co/apartamento-en-venta-en-cartagena-de-indias-cartagena/193747344,193747344,https://cdn4.fincaraiz.com.co/repo/img/th.outside384x275.6a04e67254d0b_infocdn__gr62311820260513033118jpeg.jpeg,[],$ 263.000.000,2 Habs. 1 Baño 46 m²,"Apartamento en venta en cartagena de indias, cartagena","Apartamento enCartagena, Bolivar",Inmobiliaria 2000,Llamar,,,,,,,,,,,,,,"Apartamento en venta para estrenar en Cartagena. Cuenta con dos habitaciones, dos baños, sala, comedor, cocina, balcón. Se entrega obra gris. El condominio cuenta con hermosas áreas sociales; piscinas, vista panoramica a la ciudad y mar, área de mascotas, parque infantil, jacuzzi, lobby. Tiene licencia turistica.",[],10.3901018,-75.4941543,2026-08-03
"Apartamento en Venta en Cartagena de indias, Cartagena",https://www.fincaraiz.com.co/apartamento-en-venta-en-cartagena-de-indias-cartagena/193119802,193119802,https://cdn4.fincaraiz.com.co/repo/img/th.outside384x275.6a3eb501c2b21_infocdn__gr189504620251120015939jpg.jpg,[],$ 1.250.000.000,3 Habs. 3 Baños 125 m²,"Apartamento en venta en cartagena de indias, cartagena","Apartamento enCartagena, Bolivar",Samia Dajud Investment Realty,Llamar,,,,,,,,,,,,,,"Apartamento en venta de 125 m² en Cartagena ofrece espacios amplios y funcionales, REMODELADO, ideales para disfrutar de un estilo de vida cómodo y tranquilo. Cuenta con tres habitaciones, dos baños, sala-comedor, cocina con estufa y calentador a gas, zona de labores y cuarto con baño de servicio.Se entrega totalmente amoblado, con una elegante decoración y cuadros Balineses traídos desde Indonesia, menaje completo, cuatro aires acondicionados, cuatro ventiladores de techo y cortinas instaladas.Además, dispone de dos parqueaderos independientes y una encantadora vista hacia la Ciénaga de la Virgen, que brinda una sensación de tranquilidad y conexión con la naturaleza. Cuenta con Licencia para Airbnb.Perfecto para vivir, invertir o disfrutar como propiedad vacacional.",[],10.492770152633,-75.492832660675,2026-08-03
"Apartamento en Venta en Bocagrande, Cartagena",https://www.fincaraiz.com.co/apartamento-en-venta-en-bocagrande-cartagena/193675549,193675549,https://cdn4.fincaraiz.com.co/repo/img/th.outside384x275.6a68aa40d5bc7_infocdn__9763809-1-1777301677jpg.jpg,[],$ 550.000.000,2 Habs. 2 Baños 84 m²,"Apartamento en venta en bocagrande, cartagena","Apartamento enCartagena, Bolivar",EXP COLOMBIA SAS,Llamar,,,,,,,,,,,,,,"En el corazón de Bocagrande, una de las zonas más emblemáticas de Cartagena de Indias, se encuentra este apartamento que representa una valiosa oportunidad de inversión. Con un área de 84 m², este inmueble, ofrece un espacio ideal para quienes buscan vivir frente al mar y disfrutar del sol y del confort. La ubicación privilegiada en la Zona Histórica y del Caribe Norte asegura un constante flujo de visitantes y residentes, lo que potencia su atractivo tanto para alquileres vacacionales como para arrendamientos a largo plazo. El apartamento refleja un entorno de calidad, donde la comodidad y el acceso a servicios son primordiales. La cercanía a playas, restaurantes y sitios de interés cultural hace de este espacio un lugar deseado para vivir o invertir. Esta propiedad no solo promete un retorno atractivo, sino que también se posiciona como un activo en un mercado inmobiliario en constante valorización. Aproveche esta oportunidad para asegurar su futuro en una de las ciudades más bellas de Colombia.",[],10.4025775,-75.5544781,2026-08-03
"Puntalta Altofaro, Apartamentos en Venta en El golf, Cartagena",https://www.fincaraiz.com.co/proyectos-vivienda/puntalta-altofaro-apartamentos-en-venta-en-el-golf-cartagena/15017174,15017174,https://cdn4.fincaraiz.com.co/repo/img/th.outside384x275.67a27f14a96f5_infocdn__zofkvx0juomclaubbrl7bkdwgx7uurobmbyarv2rjpg.jpg,[],Desde $ 573.703.000,3 Habs. 2 Baños 92.64 m²,"Puntalta altofaro, apartamentos en venta en el golf, cartagena","Apartamento enCartagena, Bolivar",MARVAL CARTAGENA,Llamar,¡Pregúntale!,¡Pregúntale!,¡Pregúntale!,¡Pregúntale!,En construcción,¡Pregúntale!,¡Pregúntale!,¡Pregúntale!,¡Pregúntale!,¡Pregúntale!,¡Pregúntale!,¡Pregúntale!,4,"Puntalta Altofaro es un proyecto donde el diseño y la ubicación se unen, obteniendo un resultado de ensueño. Los apartamentos están ubicados en el sector El Campestre con fascinante distribución de espacios, calidad en acabados, ubicación céntrica y diversas vías de acceso. Vías de acceso principales que favorecen tu movilidad: Vía La Cordialidad, Diagonal 30A – Vía Mamonal y Calle 14. Sitios de interés cercanos: – Colegio INEM – Universidad Sinú – Palíndromo de Campestre – Colegio Militar Almirante Colón – Clínica de Cartagena – Centro Comercial Plaza Colón",[],10.3838635,-75.498006,2026-08-03
"BALI, Apartamento en Venta en Providencia, Cartagena",https://www.fincaraiz.com.co/proyectos-vivienda/bali-apartamentos-en-venta-en-providencia-cartagena/10147006,10147006,https://d3s5pkt10pk3ga.cloudfront.net/resizedImages/384x275/site/fincaraiz_service/media/listing/cb2856f6-7f83-4140-9787-f13253f1f543/photos/cb2856f6-7f83-4140-9787-f13253f1f543_1_True_62d3b90c-db0b-4662-9f3e-0c38402ed7ea.png,[],Desde $ 211.400.000,2 Habs. 1 Baño 54 m²,"Bali, apartamento en venta en providencia, cartagena","Apartamento enCartagena, Bolivar",AMARILO,Llamar,¡Pregúntale!,¡Pregúntale!,¡Pregúntale!,¡Pregúntale!,Nuevos,¡Pregúntale!,¡Pregúntale!,¡Pregúntale!,¡Pregúntale!,¡Pregúntale!,¡Pregúntale!,¡Pregúntale!,3,"Último lanzamiento en Parque HerediaBali es un conjunto residencial vis que cuenta con 264 aptos ubicado al sur oriente de Cartagena. Hace parte del sector Parque Heredia, zona de desarrollo urbanístico, residencial y comercial cerca a la Universidad San Buenaventura. A futuro contará con 1.7 km de ciclorutas, parques y senderos peatonales. En Bali, encuentras amplios aptos de hasta 60m2 con la mejor distribución y diseño acogedor, además el conjunto cuenta con zonas comunes para todos: salón social, zona BBQ, piscinas, parque infantil, mesa de ping pong, zona biosaludable, entre otros. ¡Un proyecto ideal para quienes buscan espacios amplios y acogedores!",[],10.38921159921320000000,-75.46831615535910000000,2026-08-03
"Luwana Alma Beach, Lotes en Venta en Arroyo grande, Cartagena",https://www.fincaraiz.com.co/proyectos-vivienda/luwana-alma-beach-lotes-en-venta-en-arroyo-grande-cartagena/15018223,15018223,https://cdn4.fincaraiz.com.co/repo/img/th.outside384x275.698d00791f52e_infocdn__ht4vb74nzr4k00qi9hslphnrbrztswoewxsktjrtjpg.jpg,[],Desde $ 273.885.300,234.09 m²,"Luwana alma beach, lotes en venta en arroyo grande, cartagena","Lote enCartagena, Bolivar",PROMOTORA RUBIK,Llamar,¡Pregúntale!,¡Pregúntale!,¡Pregúntale!,¡Pregúntale!,Sobre planos,¡Pregúntale!,80%,Cualquier medio de pago,¡Pregúntale!,¡Pregúntale!,¡Pregúntale!,28/2/2028,5,"Imagina despertar cada día con el sonido del mar y la luz del Caribe acariciando tu espacio, en un entorno diseñado para quienes exigen privacidad, sofisticación y experiencias únicas. Luwana es mucho más que un proyecto: es un refugio exclusivo con arquitectura de autor, amenidades premium y acceso directo a tu propia playa privada — Alma Beach — solo para residentes.Ubicado en una de las zonas de mayor crecimiento y proyección de Cartagena, aquí tú podrás vivir la combinación perfecta entre descanso frente al mar, conectividad con los mejores servicios de la ciudad y una inversión inteligente con alta valorización.Desde lotes desde 260 millones de pesos y con la opción de separar con solo 5 millones, Luwana te da la oportunidad de marcar la diferencia en tu calidad de vida y construir tu legado en un lugar extraordinario.",[],10.6363001,-75.4200498,2026-08-03
"ITACA TOWER, Apartamentos en Venta en Manga, Cartagena",https://www.fincaraiz.com.co/proyectos-vivienda/itaca-tower-apartamentos-en-venta-en-manga-cartagena/15017901,15017901,https://cdn4.fincaraiz.com.co/repo/img/th.outside384x275.690e6dd1e45d4_infocdn__njsobkwefqzbwxzamoxwljiappq8ozdvvmb9bawdjpg.jpg,[],Desde $ 705.340.000,2 Habs. 2 Baños 81 m²,"Itaca tower, apartamentos en venta en manga, cartagena","Apartamento enCartagena, Bolivar",MEJIA VILLEGAS,Llamar,¡Pregúntale!,¡Pregúntale!,¡Pregúntale!,¡Pregúntale!,En construcción,¡Pregúntale!,¡Pregúntale!,¡Pregúntale!,¡Pregúntale!,¡Pregúntale!,¡Pregúntale!,¡Pregúntale!,4,"Con una ubicación privilegiada en la zona de Manga, Ítaca Tower representa el mejor estilo de vida en todo sentido, la experiencia de despertar cada día con vista a la ciudad en espacios diseñados detalladamente para garantizar tranquilidad, lujo y comodidad en medio de la ciudad.",[],10.4158127,-75.536555,2026-08-03
"Apartamento en Venta en Serena del Mar, Cartagena",https://www.fincaraiz.com.co/apartamento-en-venta-en-serena-del-mar-cartagena/193449934,193449934,https://cdn4.fincaraiz.com.co/repo/img/th.outside384x275.69a34c38ccf0c_infocdn__qyjd39wyeltjvm8z2ufpr6okvjiqwcpal2ijoqjyjpg.jpg,[],$ 630.000.000,2 Habs. 2 Baños 93 m²,"Apartamento en venta en serena del mar, cartagena","Apartamento enCartagena, Bolivar",AREA INMOBILIARIA CTG S.A.S.,Llamar,,,,,,,,,,,,,,"Apartamento en venta, para estrenar. Ubicado en el prestigioso sector de Serena del Mar, zona norte, Cartagena de Indias. Este apartamento de 93 m² cuenta con 2 habitaciones. Habitación principal con baño privado y walking clóset. Habitación auxiliar con closet. baño auxiliar completo, sala – comedor, estudio, cocina integral estilo americano, balcón. Vista al exterior desde el piso número 5.  Tiene 2 garajes  cubiertos. Ventilación natural.Características del apartamentoÁrea: 93 m²2 habitacionesHabitación principal con walking clóset y baño privado.Habitación auxiliar con clósetBaño auxiliar completoSala – comedorEstudioCocina integral tipo americanoBalcón2 Garajes cubiertosEsta propiedad está ubicada en el prestigioso sector de Serena del mar, una de las zonas de mayor valorización y desarrollo urbanístico en Cartagena.•	A pocos pasos de la playa.•	Conexión directa con el Anillo Vial, permitiendo llegar al Aeropuerto Internacional Rafael Núñez en menos de 20 minutos.•	Cercanía a exclusivos hoteles, restaurantes de alta cocina y centros comerciales como el Centro comercial las Ramblas•	A 25 minutos de la Ciudad Amurallada, permitiendo disfrutar de la historia y vida nocturna de Cartagena.•	Serena del mar cuenta con hospital de nivel internacional, universidades, centro comercial y una red vial interna facilitando la movilidad de sus residentes.Este apartamento ofrece un entorno residencial con la proximidad a los puntos más estratégicos de la ciudad.",[],10.5056449,-75.4726837,2026-08-03
"Casa Campestre en Venta en Santa lucia, Cartagena",https://www.fincaraiz.com.co/casa-campestre-en-venta-en-santa-lucia-cartagena/10154329,10154329,https://d3s5pkt10pk3ga.cloudfront.net/resizedImages/384x275/site/fincaraiz_service/media/listing/415e2c93-06bd-4e90-bfd1-0f076b5dc4c3/photos/415e2c93-06bd-4e90-bfd1-0f076b5dc4c3_1_True_92c8faca-773f-4463-af74-9af64498540f.jpg,[],$ 2.101.000.001,5 Habs. 7 Baños 240 m²,"Casa campestre en venta en santa lucia, cartagena","Casa Campestre enCartagena, Bolivar",Jonathan Camacho,Llamar,,,,,,,,,,,,,,"Hermosa casa en Condominio Terranova a 12 kilometros de la ciudad central de Cartagena, con área de terreno de 800m2 y un área construida de 240m2. Hall de acceso, estudio con baño, cocina abierta y patio de ropas amplio, CBS, cuatro habitaciones con baño privado y vestier, dos con balcón adicional, estar de habitaciones, terraza BBQ, jardín interior con estadero y piscina, jardín exterior y garaje semicubierto para cuatro vehículos. Conjunto con Club house, piscina, cancha de futbol y tenis, amplios senderos ecológicos, zona segura, cerca de supermercados, hoteles y restaurantes",[],10.3932277,-75.4832311,2026-08-03
"Apartamento en Venta en La Boquilla, Cartagena",https://www.fincaraiz.com.co/apartamento-en-venta-en-la-boquilla-cartagena/193830239,193830239,https://cdn4.fincaraiz.com.co/repo/img/th.outside384x275.6a1f1261c735b_infocdn__vhmokndq95dw1j91ple9y4imzvnbjbpv9mhgelydjpg.jpg,[],$ 1.350.000.000,2 Habs. 2 Baños 105 m²,"Apartamento en venta en la boquilla, cartagena","Apartamento enCartagena, Bolivar",TOWERS REALTY S.A.S.,Llamar,,,,,,,,,,,,,,"Espectacular apartamento frente al mar en Morros – Lujo, confort y rentabilidad en un solo lugar.Despierta cada día con una vista privilegiada al océano. Desde el momento en que cruzas la puerta, el mar se convierte en el protagonista de este exclusivo apartamento ubicado en Morros, una de las zonas más valoradas y deseadas de Cartagena.La propiedad ha sido totalmente remodelada para estrenar, combinando acabados de lujo, diseño contemporáneo y una atmósfera cálida y acogedora que se integra perfectamente con la brisa y la tranquilidad del mar Caribe.El edificio ofrece todas las comodidades para disfrutar de un estilo de vida tipo resort, el edificio tiene salida directa a la playa de morros y permite vivir o hacer rentas cortas.¡ Contáctanos para mas detalles y agenda tu visita!",[],10.4630817,-75.5031738,2026-08-03
"TENERIFE, Apartamento en Venta en Providencia, Cartagena",https://www.fincaraiz.com.co/proyectos-vivienda/tenerife-apartamentos-en-venta-en-providencia-cartagena/15017275,15017275,https://cdn4.fincaraiz.com.co/repo/img/th.outside384x275.67c5e993e292c_infocdn__sd5weydidngy0wvki1hyb8s4xoetcsubl3yjqytijpg.jpg,[],Desde $ 255.500.000,2 Habs. 1 Baño 58 m²,"Tenerife, apartamento en venta en providencia, cartagena","Apartamento enCartagena, Bolivar",AMARILO,Llamar,¡Pregúntale!,¡Pregúntale!,¡Pregúntale!,¡Pregúntale!,Sobre planos,¡Pregúntale!,TIPO de FINANCIACIÓN :70%- 30% (Aplican Subsidios),¡Pregúntale!,¡Pregúntale!,¡Pregúntale!,¡Pregúntale!,¡Pregúntale!,3,"Tenerife es un desarrollo de vivienda ubicado en el Gran Desarrollo Parque Heredia, al sur de Cartagena, ofreciendo una oportunidad única para aquellos que buscan un hogar en una zona de alta valorización y con excelentes comodidades.Zonas ComunesSalón socialZona BBQPiscina adultosPiscina niñosParque infantilCancha múltipleMesa de Ping PongZona biosaludableZonas verdes y de circulación",[],10.3907306,-75.4694477,2026-08-03
"Apartamento en Venta en Manga, Cartagena",https://www.fincaraiz.com.co/apartamento-en-venta-en-manga-cartagena/193955561,193955561,https://cdn4.fincaraiz.com.co/repo/img/th.outside384x275.6a4acf366d5af_infocdn__picture-1ced6be790d04c9896bdb2f13cb44920jpg.jpg,[],$ 920.000.000,3 Habs. 3 Baños 125 m²,"Apartamento en venta en manga, cartagena","Apartamento enCartagena, Bolivar",Tu360Inmobiliario,Llamar,,,,,,,,,,,,,,"Se vende una propiedad ubicada en el edificio ASTORGA 414, en el barrio Manga de Cartagena De Indias. Esta propiedad cuenta con 3 baños completos, 1 baño de servicio y 3 habitaciones con baño propio. Además, ofrece una amplia cocina, comedor, zona de lavandería, cuarto de servicio y balcón con vista a la ciudad. El edificio cuenta con piscina al aire libre, área recreativa, parque infantil, salón social y garaje. Construido en 2019, en excelente estado de conservación. El desarrollo ASTORGA 414 es ideal para familias que buscan comodidad y seguridad en una de las zonas más exclusivas de la ciudad.",[],10.4129441,-75.5340896,2026-08-03
Apartamento en Venta en Cartagena,https://www.fincaraiz.com.co/apartamento-en-venta-en-cartagena/192783471,192783471,https://cdn4.fincaraiz.com.co/repo/img/th.outside384x275.68a9058874c14_infocdn__novpb1rk03sdieplezykpzufglpros8rkxavwld4jpg.jpg,[],$ 730.000.000,2 Habs. 2 Baños 91 m²,Apartamento en venta en cartagena,"Apartamento enCartagena, Bolivar",Llave Maestra Inmobiliaria,Llamar,,,,,,,,,,,,,,"SIN AMOBLAR!Tiene un área total de 91M2, y cuenta con 2 habitaciones (Walk In Closet en la habitación principal), 2 baños (baño social y baño privado en la habitación principal), cocina tipo americana,  sala – comedor, amplio balcón, zona de ropas con calentador, deposito, 1 parqueadero, aires acondicionados en cada cuarto y en el área de sala – comedor aire central, así como cortinas eléctricas y lava vajillas, además de mejoras dentro del apartamento.Palladio es un proyecto en Serena del Mar, que contará con zonas comunes como: Business center, Lobby recepción, piscina para adultos y niños, turco y sauna, gimnasio, salón de juegos para niños, parqueadero de visitantes, salón social, solárium, splash pad, zona BBQ y una inmejorable vista al gran canal de Serena del Mar, y la Marina.La Zona Norte de Cartagena se ha consolidado como una de las áreas de mayor proyección en la ciudad, combinando desarrollo urbanístico, conectividad estratégica y una propuesta de estilo de vida premium. Este sector, ubicado a pocos minutos del Aeropuerto Internacional Rafael Núñez y del Centro Histórico, ha sido cuidadosamente planeado para ofrecer un entorno que equilibra modernidad, naturaleza y confort.En esta zona, destacan proyectos innovadores como Serena del Mar, conocida como “la ciudad soñada”, que redefine el concepto de urbanismo en Colombia, con infraestructura de clase mundial. Serena del Mar incluye hospitales de nivel internacional, universidades, centros comerciales, clubs residenciales y una red vial interna que facilita la movilidad.El futuro de la Zona Norte promete aún más exclusividad, se proyecta como un punto clave para inversionistas, con nuevos desarrollos inmobiliarios que combinan lujo y sostenibilidad, extensas zonas verdes, playas, y acceso a servicios de primer nivel.Además, la cercanía con la vía al Mar, que conecta con Barranquilla, refuerza su atractivo como un destino estratégico para vivir, invertir o vacacionar. La Zona Norte no solo está transformando el paisaje de Cartagena, sino que también está definiendo un nuevo estándar de calidad de vida en el caribe colombiano, convirtiéndose en el lugar ideal para quienes buscan un entorno sofisticado, tranquilo y conectado con la naturaleza.En la zona norte de Cartagena se encuentran desarrollos como los hoteles Meliá y Estelar; servicios como Supermercado Carulla, D1, farmacias, veterinarias, y restaurantes, en ramblas, la plaza comercial de zona norte, así como estaciones de gasolina, colegios como Aspaen, Altair y Británico. Además, a pocos metros se encuentra la sede caribe de la Universidad de los Andes, el Hospital de Serena del Mar (operado por la Fundación Santafé de Bogotá), a 15 minutos el centro histórico, a 10 minutos el aeropuerto Rafael Núñez y a 5 minutos la playa concesionada de Serena del Mar.Para el año 2027, la zona norte de Cartagena contará con 2 centros comerciales adicionales, que permitirán a sus residentes disfrutar de una mayor variedad de tiendas, restaurantes, y servicios, como bancos, supermercados, entre muchos más.Así mismo, se encuentran las inversiones adelantadas por el gobierno como el túnel de Crespo y el Viaducto de la Ciénaga, que han puesto a la Zona Norte cada vez más cerca del centro de la ciudad y que la convierten en una zona con todas las facilidades y un alto potencial de valorización.",[],10.5009976,-75.4696448,2026-08-03
"Jardín Dalia, Apartamentos en Venta en La carolina, Cartagena",https://www.fincaraiz.com.co/proyectos-vivienda/jardin-dalia-apartamentos-en-venta-en-la-carolina-cartagena/15016633,15016633,https://cdn4.fincaraiz.com.co/repo/img/th.outside384x275.6891150775f70_infocdn__owjey9xaqyqn72v2j5gcdhq0keyflgwnavxtyymejpg.jpg,[],Desde $ 185.408.000,2 Habs. 2 Baños 41.78 m²,"Jardín dalia, apartamentos en venta en la carolina, cartagena","Apartamento enCartagena, Bolivar",MARVAL CARTAGENA,Llamar,¡Pregúntale!,¡Pregúntale!,¡Pregúntale!,¡Pregúntale!,Sobre planos,¡Pregúntale!,¡Pregúntale!,¡Pregúntale!,¡Pregúntale!,¡Pregúntale!,¡Pregúntale!,¡Pregúntale!,3,"El Jardín Dalia te da la bienvenida a vivir la nueva Cartagena desde el sur oriente de la ciudad cerca de todo lo que necesitas. Un lugar con una variedad de oportunidades por su completo desarrollo urbanístico, vías de acceso y senderos peatonales. El Jardín Dalia cuenta con amplias zonas verdes, espacios recreativos, piscinas y zonas de juegos que hacen de cada momento en familia un recuerdo inolvidable.",[],10.401240408647,-75.464151982886,2026-08-03
"PALLADIO, Apartamento en Venta en Pie de popa toril, Cartagena",https://www.fincaraiz.com.co/proyectos-vivienda/palladio-apartamentos-en-venta-en-pie-de-popa-toril-cartagena/5438485,5438485,https://s3.amazonaws.com/imagenesprof.fincaraiz.com.co/OVFR_COL/2021/7/8/2605936_493_4.jpg,[],Desde $ 601.000.000,1 Hab 2 Baños 61 m²,"Palladio, apartamento en venta en pie de popa toril, cartagena","Apartamento enCartagena, Bolivar",AMARILO,Llamar,¡Pregúntale!,¡Pregúntale!,¡Pregúntale!,¡Pregúntale!,Nuevos,¡Pregúntale!,¡Pregúntale!,¡Pregúntale!,¡Pregúntale!,¡Pregúntale!,¡Pregúntale!,¡Pregúntale!,4,"Palladio es un conjunto residencial que cuenta con 492 aptos ubicado en Serena del Mar, al norte de Cartagena.A Serena del Mar la llaman “La ciudad soñada”, ya que ofrece un nuevo concepto de ciudad que integra de manera planeada y sostenible todos los servicios que se requieren: vivienda, educación, salud, turismo, negocios y recreación a tan solo 10 minutos del aeropuerto de Cartagena.En Palladio, encuentras aptos desde 73m2 con espacios para toda la familia. El conjunto cuenta con zonas comunes como: Business center, piscinas, gimnasio, salón infantil, salón social, splash pad, turco y sauna, juegos infantiles, salón de juegos, entre otros. ¡En Palladio encuentras un apto moderno!",[],10.41826152801510000000,-75.52757263183590000000,2026-08-03
"Apartamento en  Venta en Serena del Mar, Cartagena",https://www.fincaraiz.com.co/apartamento-en-venta-en-serena-del-mar-cartagena/191955805,191955805,https://cdn4.fincaraiz.com.co/repo/img/th.outside384x275.679ea4528f2f9_infocdn__dodfuloexlhovgf3ckly5shezcmfsxrincbujoicjpg.jpg,[],$ 390.000.000,1 Hab 2 Baños 60 m²,"Apartamento en  venta en serena del mar, cartagena","Apartamento enCartagena, Bolivar",SIMA AGENCIA DE BIENES S.A.S,Llamar,,,,,,,,,,,,,,"Descubre este moderno apartamento de 60 m² en la exclusiva Zona Norte de Cartagena de Indias, ofrecido por SIMA Agencia de Bienes, perfecto para quienes buscan comodidad y estilo contemporáneo. Cuenta con una habitación doble amplia, 2 baños completos, cocina integral equipada, balcón con vistas despejadas y acabados en suelo cerámico, además de amenidades como gimnasio, jacuzzi, piscina comunitaria, zona social, parque infantil y vigilancia 24 horas, todo incluido en un conjunto residencial estratégicamente ubicado cerca de centros comerciales, universidades, colegios y hospitales. Con un precio de venta de $390.000.000 COP, esta propiedad nueva incluye garaje privado y acceso a zonas recreativas, combinando confort, seguridad y una ubicación privilegiada en una de las áreas de mayor desarrollo de Cartagena. ¡No pierdas la oportunidad de hacerlo tuyo!",[],10.5041563,-75.4681517,2026-08-03
"Apartamento en Venta en El laguito, Cartagena",https://www.fincaraiz.com.co/apartamento-en-venta-en-el-laguito-cartagena/194054170,194054170,https://cdn4.fincaraiz.com.co/repo/img/th.outside384x275.6a6b80bcd57db_infocdn__gr-venta-hermoso-apartamento-en-c-1778611775-4623-844jpeg.jpeg,[],$ 850.000.000,2 Habs. 2 Baños 84 m²,"Apartamento en venta en el laguito, cartagena","Apartamento enCartagena, Bolivar",GUILLERMO DUQUE INMOBILIARIA S.A.S,Llamar,,,,,,,,,,,,,,"Este Apartamento, está ubicado en el sector del laguito en Cartagena, al salir del edificio, girando a mano derecha, ya se encuentra Bocagrande, así que la ubicación de este apartamento es magnífica,  en el mejor sector del laguito, donde solamente al pasar la calle cuando sales del edificio, ya estás en las mejores playas. El edificio también cuenta con una salida trasera, para llegar a la zona de el laguito. Y al salir por la parte del frente del edificio sales a las playas.Posee habitación principal con cama king, baño privado con agua caliente, lavadora y secadora, aire acondicionado, y gran vista.Segunda habitación con 2 camas individuales, más otra cama que sale debajo de una de estas. También gran vista y aire acondicionado. Y un baño externo completo.Y un sofá cama amplio en la sala, con aire acondicionado también y gran vista. Así tiene capacidad para 6 personas.Encuentras los mejores restaurantes y almacenes solamente al salir del edificio. Puedes ir a todo caminando siendo una de las mejores zonas y más seguras. El apartamento es un piso 10 con gran vista. Como se ve en las fotos, es un apartamento remodelado y moderno.El edificio ya tiene muchos años, pero tiene muy buen mantenimiento, posee muy buena piscina moderna, salón, Social, Recepcion, 24 horas, y están autorizadas las rentas por días. O sea que es tipo hotel. En el momento genera muy buenos ingresos por la plataforma de Airbnb. Es una gran opción en oferta",[],10.395469396534,-75.562768897557,2026-08-03
"BALTICO, Apartamento en Venta en Providencia, Cartagena",https://www.fincaraiz.com.co/proyectos-vivienda/baltico-apartamentos-en-venta-en-providencia-cartagena/10071730,10071730,https://cdn4.fincaraiz.com.co/repo/img/th.outside384x275.68d2a1cd663ad_infocdn__ndmy1cu7pokijzh6kysn5mitbpmjvkdzdpl49yuyjpg.jpg,[],Desde $ 213.525.000,2 Habs. 1 Baño 57 m²,"Baltico, apartamento en venta en providencia, cartagena","Apartamento enCartagena, Bolivar",AMARILO,Llamar,¡Pregúntale!,¡Pregúntale!,¡Pregúntale!,¡Pregúntale!,Sobre planos,¡Pregúntale!,Financiación: 70 | Método de pago: 30 /70,¡Pregúntale!,¡Pregúntale!,¡Pregúntale!,¡Pregúntale!,¡Pregúntale!,3,"Báltico es un conjunto residencial tope vis que cuenta con 352 aptos ubicado al sur oriente de Cartagena. Hace parte del sector Parque Heredia, zona de desarrollo urbanístico, residencial y comercial cerca de la Universidad San Buenaventura. A futuro contará con 1.7 km de ciclorutas, parques y senderos peatonales.En Báltico encuentras aptos desde 57m2 con parqueadero privado. Además, el conjunto cuenta con zonas comunes para todos: cancha múltiple, parque infantil, zona BBQ, salón social, gimnasio biosaludable, piscinas, entre otros. ¡Un nuevo proyecto tope vis en Cartagena con parqueadero privado!",[],10.39114768062570000000,-75.47174658382860000000,2026-08-03
"Edificio en Venta en Torices, Cartagena",https://www.fincaraiz.com.co/edificio-en-venta-en-torices-cartagena/194019129,194019129,https://cdn4.fincaraiz.com.co/repo/img/th.outside384x275.6a60e0478d235_infocdn__rfmwlbgczbh42hckpgolb07gaex8zcezwnhawtecjpg.jpg,[],$ 250.000.000,1 Hab 4 Baños 100 m²,"Edificio en venta en torices, cartagena","Edificio enCartagena, Bolivar",LA ROCA,Llamar,,,,,,,,,,,,,,"¡Oportunidad de inversión inigualable! Presentamos un edificio estratégicamente ubicado en Torices, a solo dos cimientos del CAI de Santa Rita, en la vibrante zona de Los Dos Apóstoles. Este inmueble multifamiliar ha sido diseñado para maximizar la rentabilidad, ofreciendo cuatro apartamentos independientes, cada uno valorado en 320 millones de pesos.Cada apartamento es una unidad completa y funcional, ideal para renta a corto o largo plazo, y se entrega completamente amoblado para una transición sin esfuerzo. Disponen de dos cómodas habitaciones, una cocina equipada y un baño privado, garantizando confort y privacidad para sus inquilinos. La propiedad cuenta con un sistema de luz compartida, optimizando la gestión de servicios.Este edificio representa una excelente oportunidad para inversores que buscan un flujo de ingresos constante y una propiedad con alto potencial de valorización en una ubicación privilegiada. ¡No deje pasar la oportunidad de adquirir este activo generador de ingresos!",[],10.4358508,-75.5320191,2026-08-03
"CABO ALTO, Apartamento en Venta en Providencia, Cartagena",https://www.fincaraiz.com.co/proyectos-vivienda/cabo-alto-apartamentos-en-venta-en-providencia-cartagena/7277073,7277073,https://s3.amazonaws.com/imagenesprof.fincaraiz.com.co/OVFR_COL/2022/5/18/3687424_962_0.jpg,[],Desde $ 202.137.000,2 Habs. 1 Baño 58 m²,"Cabo alto, apartamento en venta en providencia, cartagena","Apartamento enCartagena, Bolivar",AMARILO,Llamar,¡Pregúntale!,¡Pregúntale!,¡Pregúntale!,¡Pregúntale!,Nuevos,¡Pregúntale!,Financiación: 30 | Método de pago: Todas las entidades,¡Pregúntale!,¡Pregúntale!,¡Pregúntale!,¡Pregúntale!,¡Pregúntale!,3,"Cabo Alto es un conjunto residencial vis que cuenta con 396 aptos ubicado al sur oriente de Cartagena. Hace parte del sector Parque Heredia, zona de desarrollo urbanístico, residencial y comercial cerca de la Universidad San Buenaventura. A futuro contará con 1.7 km de ciclorutas, parques y senderos peatonales.En Cabo Alto encuentras aptos desde 57m2 para toda la familia con acabados básicos. Además, el conjunto cuenta con zonas comunes para todos: cancha recreativa, salón social, zona BBQ, parque infantil, entre otros. ¡En Cabo Alto, podrás cumplir el sueño de tener vivienda propia!",[],10.38960933685300000000,-75.46855163574220000000,2026-08-03
"Apartamento en Venta en Manzanillo, Cartagena",https://www.fincaraiz.com.co/apartamento-en-venta-en-manzanillo-cartagena/193901144,193901144,https://cdn4.fincaraiz.com.co/repo/img/th.outside384x275.6a39d879047c0_infocdn__public.jpeg,[],$ 930.000.000,2 Habs. 2 Baños 83.1 m²,"Apartamento en venta en manzanillo, cartagena","Apartamento enCartagena, Bolivar",Araujo y Segovia,Llamar,,,,,,,,,,,,,,"Moderno apartamento que permite rentas de cortas estadías. ubicado en la zona norte. El apartamento forma parte de un edificio nuevo con hermosa fachada y el primero en Colombia con playa artificial, ofrece comodidad, practicidad, luminoso, con buena ventilación y buenos acabados. Si buscas un lugar para disfrutar de Cartagena este es el lugar.  C-62978",[],10.5358906,-75.4584075,2026-08-03
"Milán, Apartamento en Venta en Providencia, Cartagena",https://www.fincaraiz.com.co/proyectos-vivienda/milan-apartamentos-en-venta-en-providencia-cartagena/7941768,7941768,https://d3s5pkt10pk3ga.cloudfront.net/resizedImages/384x275/site/fincaraiz_service/media/listing/473d11a8-876e-4c3f-92d6-911caa0e7a3d/photos/473d11a8-876e-4c3f-92d6-911caa0e7a3d_1_True_ee9f0cc3-5d00-4f94-a5a9-875d08ce0028.jpg,[],Desde $ 373.294.000,2 Habs. 2 Baños 62.3 m²,"Milán, apartamento en venta en providencia, cartagena","Apartamento enCartagena, Bolivar",MARVAL CARTAGENA,Llamar,¡Pregúntale!,¡Pregúntale!,¡Pregúntale!,¡Pregúntale!,En construcción,¡Pregúntale!,80,¡Pregúntale!,¡Pregúntale!,¡Pregúntale!,¡Pregúntale!,¡Pregúntale!,4,"Alcoba principal con baño ,Alcoba auxiliar Baño, Balcón ,Cocina, Espacio de uso múltiple Sala - Comedor Zona de ropas.Milán está ubicado en Ternera, un sector de gran desarrollo urbano al suroriente de la ciudad de Cartagena, Milán es un conjunto de viviendas que te ofrece múltiples vías de acceso cercanas, así como alternativas en salud, comercio, deporte, entretenimiento y educación. El proyecto te brinda la oportunidad de compartir los mejores momentos con tu familia..",[],10.39082717895510000000,-75.46999359130860000000,2026-08-03
"Casa en Venta en El socorro, Cartagena",https://www.fincaraiz.com.co/casa-en-venta-en-el-socorro-cartagena/193741796,193741796,https://cdn4.fincaraiz.com.co/repo/img/th.outside384x275.6a039859a4609_infocdn__8bdfc0a6-c0c1-4b24-92a1-a2772dcbab45.jpeg,[],$ 400.000.000,4 Habs. 2 Baños 112 m²,"Casa en venta en el socorro, cartagena","Casa enCartagena, Bolivar",INMOBILIARIA CARTAGENA LTDA,Llamar,,,,,,,,,,,,,,"Casa dúplex, 4 alcobas, 2 baños, sala comedor,  terraza, garaje,  patio, la casa se encuentra ubicada en zona  residencial, fácil vías de acceso y transportes públicos cercano. ***",[],10.3788563,-75.4811897,2026-08-03
"Apartamento en Venta en Papayal, Cartagena",https://www.fincaraiz.com.co/apartamento-en-venta-en-papayal-cartagena/193457276,193457276,https://cdn4.fincaraiz.com.co/repo/img/th.outside384x275.69b42b460efbf_infocdn__property-13035-1-1771174470-imagenjpg.jpg,[],$ 350.000.000,3 Habs. 2 Baños 55 m²,"Apartamento en venta en papayal, cartagena","Apartamento enCartagena, Bolivar",CAT REAL ESTATE,Llamar,,,,,,,,,,,,,,"Descubre este exclusivo apartamento en venta en Cartagena, Bolívar. Con una ubicación privilegiada sobre vía principal, en un conjunto cerrado con todas las comodidades que buscas. Este inmueble de 55.4m² cuenta con 3 habitaciones principales, baño completo, cocina equipada y una vista exterior que te enamorará. Disfruta de las amenidades que ofrece el edificio, como ascensor, piscina, gimnasio, jacuzzi y sala de juntas. Vive en una zona urbana y residencial, cerca de parques y con fácil acceso a todo. ¡No dejes pasar esta oportunidad! Contáctanos para más información.",[],10.43454532675,-75.534357874403,2026-08-03
Apartamento en Venta en Cartagena,https://www.fincaraiz.com.co/apartamento-en-venta-en-cartagena/192289965,192289965,https://cdn4.fincaraiz.com.co/repo/img/th.outside384x275.68066d13aee4a_infocdn__gr-apartamento-karibana-beach-car-1715177668-4629-418jpg.jpg,[],$ 1.750.000.000,3 Habs. 3 Baños 158 m²,Apartamento en venta en cartagena,"Apartamento enCartagena, Bolivar",PAULA GOMEZ VELEZ,Llamar,,,,,,,,,,,,,,"BROKER INMOBILIARIO: Paula Lucía Gómez Vélez - ESTADO DEL INMUEBLE: EXCELENTE. ¿Lo quieres? Vendemos este espectacular apartamento de Karibana Golf Beach Condominio - Manzanillo del Mar.CARACTERISTICAS DEL CONDOMINIO: Este proyecto se hizo famoso por su incomparable campo de golf con 18 hoyos totalmente diseñados por Nicklaus Design en un espectacular entorno sobre el Mar Caribe . Un campo excepcional y retador que abrió sus puertas al Karibana Championship del Web.com Tour aprobado por la PGA.En un importante lote de 145 hectáreas, donde se están realizando obras con enfoque turístico, se viene construyendo con éxito Karibana. Con un kilómetro de playa concesionada y una impresionante vista al bosque natural, al mar y la ciudad de Cartagena, este paraíso abre sus puertas al descanso, la calma, la alegría y el buen vivir.Este magnifico condominio cuenta dentro de sus instalaciones con el exclusivo Dreams Hotels & Resorts Cartagena, con 270 habitaciones, club para niños, spa, restaurantes, piscinas, bar, locales comerciales y otros servicios complementarios que sumarán aún más beneficios al placer de vivir en un lugar que lo tiene todo. Lo que hace de Karibana un desarrollo único en su especie, es la amplia diversidad de actividades de entretenimiento y descanso que ofrece, dentro de las que se destacan su Club House, su Club de Playa, sus canchas de tenis con Plexi cushion, sus deportes náuticos y su impresionante campo de golf diseñado y construido",[],10.542699906832,-75.492016786399,2026-08-03
"Apartamento en Venta en Castillogrande, Cartagena",https://www.fincaraiz.com.co/apartamento-en-venta-en-castillogrande-cartagena/193092567,193092567,https://cdn4.fincaraiz.com.co/repo/img/th.outside384x275.691503cfe1c5e_infocdn__ti7co1raqfm5ewlqif9rgeji8hbrbn8bq8uh5et8jpg.jpg,[],$ 1.298.000.000,3 Habs. 4 Baños 120 m²,"Apartamento en venta en castillogrande, cartagena","Apartamento enCartagena, Bolivar",,Llamar,,,,,,,,,,,,,,"✨ Apartamento en venta en Castillogrande – Cartagena ✨Vive en uno de los barrios más exclusivos de la ciudad, con la tranquilidad residencial de Castillogrande y la cercanía a las mejores playas, restaurantes y el centro histórico.Este moderno apartamento cuenta con:? 3 habitaciones  con excelente iluminación natural? 3 baños elegantes y funcionales? 2 Parqueaderos privado? Sala – comedor con balcón y vista privilegiada? Cocina integral equipada? Aire acondicionado central y acabados de lujoEl edificio ofrece seguridad 24/7, ascensor, lobby, piscina y zona social para disfrutar en familia.? Ubicación estratégica: a pocos pasos de la bahía, zona náutica y los principales comercios de la ciudad.? Una gran oportunidad para disfrutar con tu familia.",[],10.3954262,-75.5545526,2026-08-03
"Apartamento en Venta en Cielo mar, Cartagena",https://www.fincaraiz.com.co/apartamento-en-venta-en-cielo-mar-cartagena/193893483,193893483,https://cdn4.fincaraiz.com.co/repo/img/th.outside384x275.6a3573719fdd4_infocdn__gr-venta-apartamento-en-edificio-1781887126-9851-2134jpeg.jpeg,[],$ 700.000.000,1 Hab 2 Baños 70 m²,"Apartamento en venta en cielo mar, cartagena","Apartamento enCartagena, Bolivar",,Llamar,,,,,,,,,,,,,,Oscar Cruz Realtor - Apartamento en Venta Edificio Dominique Cielo Mar Cartagena - Área: 70 Mts - Alcobas: 1Descubre una excelente oportunidad de inversión en uno de los sectores con mayor proyección y valorización de Cartagena. Este apartamento se encuentra completamente amoblado y listo para disfrutar o generar ingresos mediante rentas cortas.Características del inmueble:• 1 amplia alcoba• Baño privado• Walking closet• Sala – comedor• Cocina abierta integral con barra estilo americano• Baño social completo• Zona de labores• Terraza con vista exterior• Jacuzzi privado• 1 parqueadero• DepósitoSe vende completamente amoblado.Amenidades del condominio:• Piscinas para adultos y niños• Gimnasio totalmente equipado• Spa y zonas húmedas• Salón de juegos• Áreas sociales• Solárium• Salón social• Vigilancia 24 horas• Parqueaderos para visitantes,[],10.45699477492,-75.506665819364,2026-08-03
"Casa en Venta en Manga, Cartagena",https://www.fincaraiz.com.co/casa-en-venta-en-manga-cartagena/193705873,193705873,https://cdn4.fincaraiz.com.co/repo/img/th.outside384x275.69f8ff88266d5_infocdn__ore5oyouutycl4y9swjznato5sbmdgqigibmtq5ajpg.jpg,[],$ 1.300.000.000,4 Habs. 4 Baños 462 m²,"Casa en venta en manga, cartagena","Casa enCartagena, Bolivar",,Llamar,,,,,,,,,,,,,,"Bienvenido a este encantador rincón de Cartagena, en el prestigioso barrio de Manga. Esta hermosa casa, con más de 30 años de construcción, te cautivará desde el primer momento. Con cuatro amplias y confortables habitaciones, cuatro baños y dos cómodos parqueaderos, este inmueble ofrece un estilo de vida inigualable. Su generoso espacio de 462 metros cuadrados te brindará la oportunidad de disfrutar de una vida plena y relajante en una de las zonas más exclusivas de la ciudad amurallada. Imagina tus mañanas tomando el desayuno en el patio, o tus tardes disfrutando del aire fresco en el balcón. Esta propiedad es la combinación perfecta entre ubicación privilegiada, amplitud y confort. ¡No dejes pasar la oportunidad de hacer de esta casa tu hogar!",[],10.4119699,-75.5349485,2026-08-03
Apartamento en venta en Turbaco,https://www.fincaraiz.com.co/apartamento-en-venta-en-turbaco/10616195,10616195,https://cdn4.fincaraiz.com.co/repo/img/th.outside384x275.6764943e5396a_infocdn__gr32539120200918052848jpg.jpg,[],$ 360.000.000,3 Habs. 2 Baños 101 m²,Apartamento en venta en turbaco,"Apartamento enCartagena, Bolivar",,Llamar,,,,,,,,,,,,,,COMODIDADES O CARACTERÍSTICAS DEL INMUEBLE:HABITACIONES: 3BAÑOS: 2COCINA: 1 SEMI ABIERTAZONA DE LABORES: 1ALCOBA Y BAÑO DE SERVICIO: 1BALCONGARAJE: 1COMODIDADES O CARACTERÍSTICAS DE LA COPROPIEDAD:PORTERÍAASCENSORSALÓN SOCIALPISCINAPLANTA ELÉCTRICA: PARA ZONAS COMUNES Y PASILLOSZONA DE PARQUEOGIMNASIOTANQUE DE RESERVA,[],10.364969203582,-75.452470779419,2026-08-03
"Lote en Venta en Barú, Cartagena",https://www.fincaraiz.com.co/lote-en-venta-en-baru-cartagena/193087600,193087600,https://cdn4.fincaraiz.com.co/repo/img/th.outside384x275.69fa431c790a1_infocdn__gr195746120251019092857jpeg.jpeg,[],$ 5.000.000.000,5000 m²,"Lote en venta en barú, cartagena","Lote enCartagena, Bolivar",,Llamar,,,,,,,,,,,,,,"¡Esta es una oportunidad única de inversión en isla de Baru! Se trata de un lote de 7.750 M2 y 47 metros de Playa privada con todas las características necesarias para construir el proyecto de tus sueños. Ubicado en una de las islas más turísticas y hermosas de Colombia, con una vista panorámica que te dejará sin aliento.Una de las grandes ventajas de este lote es su conexión a servicios públicos como electricidad y gas domiciliario, lo que te permitirá construir sin preocuparte por la logística. Además, cuenta con un acceso directo desde una vía principal, lo que facilitará el transporte y la movilidad de tus futuros clientes o visitantes.Pero eso no es todo, este lote también tiene una gran riqueza en su entorno natural. Rodeado de árboles frutales, bosques nativos y zonas verdes, podrás sentir la tranquilidad y la armonía que ofrecen estos espacios. Y si buscas un poco de diversión y entretenimiento, en las cercanías encontrarás varias áreas turísticas que harán de tu estancia en Cartagena una experiencia inolvidable.Con una superficie amplia y variada, este lote te da la oportunidad de crear un proyecto que se adapte a tus necesidades y preferencias. Ya sea un complejo turístico, una finca familiar o cualquier otra idea que tengas en mente, aquí encontrarás el espacio perfecto para llevarla a cabo.No pierdas más tiempo y aprovecha esta gran oportunidad de inversión en una de las ciudades más hermosas de Colombia. Contáctanos ahora",[],10.162715440012,-75.652370452881,2026-08-03
"Apartamento en Venta en Cartagena de indias, Cartagena",https://www.fincaraiz.com.co/apartamento-en-venta-en-cartagena-de-indias-cartagena/192609729,192609729,https://cdn4.fincaraiz.com.co/repo/img/th.outside384x275.69ebf991cc41b_infocdn__gr-venta-apartamento-altozanozona-1709220117-4972-9991jpg.jpg,[],$ 4.130.000.000,4 Habs. 5 Baños 243 m²,"Apartamento en venta en cartagena de indias, cartagena","Apartamento enCartagena, Bolivar",,Llamar,,,,,,,,,,,,,,"https://www.360filmico.com/asys/aptoaltozano/ALTOZANO es un proyecto que hace parte del complejo de SERENA DEL  MAR, está ubicado en un cerro en la planicie de esta misma, con vista privilegiada hacia la isla de estuario y hacia su campo de golf de 18 hoyos diseñados por Robert Trent Jones Jr.ALTOZANO es el escenario perfecto para momentos inolvidables con seres queridos, con diversión para todas las edades, contará con club houses, piscinas, jacuzzis, bar, zonas bbq entre otras amenidades que hacen de este, el lugar soñado.El apartamento tiene un área de 243 mts cuadrados, Terraza cubierta de 33.31 mts y terraza descubierta, ubicado en un 5o. Piso. El apto consta de:⁃ 3 dormitorios con baño privado. El principal con walking closet⁃ Sala / comedor amplia con mueble y espacio para bar.⁃ Cocina de lujo abierta⁃ Cuarto y baño de servicio⁃ Lavanderia independiente amplia con muebles⁃ Baño Social⁃ 2 terrazas (sala comedor y alcoba principal)⁃ Aire Acondicionado total independientes⁃ 2 parqueaderos independientes⁃ Depósito grande con aire acondicionado⁃ 2 aptos por piso.Cuenta con las siguientes mejoras:⁃ Cambio de pintura blanca de muros por pintura gris⁃ Iluminación cielo razo, parte social y cocina⁃ Cocina de lujo y lavaplatos⁃ Cambio del material del mesón de la cocina, muebles y accesorios : (platero, carro despensa, mueble condimentero, cajón aseo bajo lavaplatos, poceta y grifería de lujo.⁃ Baño prin",[],10.507264726067,-75.473885536194,2026-08-03
"Apartamento en Venta en El laguito, Cartagena",https://www.fincaraiz.com.co/apartamento-en-venta-en-el-laguito-cartagena/193220620,193220620,https://cdn4.fincaraiz.com.co/repo/img/th.outside384x275.6a6a63fd08274_infocdn__gr43428120251219033601jpg.jpg,[],$ 400.000.000,2 Habs. 1 Baño 41 m²,"Apartamento en venta en el laguito, cartagena","Apartamento enCartagena, Bolivar",,Llamar,,,,,,,,,,,,,,"En venta, se encuentra este hermoso apartamento ubicado en la paradisíaca ciudad de Cartagena de Indias, en el departamento de Bolívar. Se trata de una excelente oportunidad para adquirir un inmueble en una de las zonas más turísticas y codiciadas de Colombia.Con una construcción de 41 M2, este apartamento cuenta con 2  alcobas y 1 baño, lo que lo convierte en una opción ideal para parejas o pequeñas familias. Sus características internas incluyen servicios básicos como agua, baño auxiliar, clósets, electricidad y gas domiciliario, garantizando así una vida cómoda y sin preocupaciones para sus futuros propietarios.Pero no solo su interior es atractivo, este apartamento también cuenta con una serie de características externas que lo hacen aún más atractivo. Entre ellas, se destacan su área social, perfecta para compartir con amigos y familiares, y un moderno ascensor para mayor comodidad y accesibilidad.Además, su ubicación privilegiada lo sitúa cerca de diversos parques, ideales para disfrutar del aire libre y actividades recreativas en familia o con amigos. Para aquellos que buscan relajarse, podrán hacer uso de la maravillosa piscina ubicada en las instalaciones del edificio.Seguridad y comodidad son aspectos primordiales en esta propiedad, por lo que cuenta con portería y recepción las 24 horas del día, vigilancia y un  salón comunal para reuniones y eventos. Además, su conveniente cercanía a áreas turísticas, restaurantes y playas, l",[],10.3948499,-75.5620673,2026-08-03
"Casa en Venta en Crespito, Cartagena",https://www.fincaraiz.com.co/casa-en-venta-en-crespito-cartagena/193741813,193741813,https://cdn4.fincaraiz.com.co/repo/img/th.outside384x275.6a03988f68f6a_infocdn__9fd06e0b-3398-44f7-b0fc-757e3bf5b0a8.jpeg,[],$ 1.000.000.000,6 Habs. 6 Baños 330 m²,"Casa en venta en crespito, cartagena","Casa enCartagena, Bolivar",,Llamar,,,,,,,,,,,,,,"Casa hostal ,ubicada en zona cercana al aeropuerto ,consta de 6 habitaciones con baño y completamente dotadas para el funcionamiento de un hostal  ,cocina semi integral ,zona de ropas, terraza,la casa cuenta con depósito de agua ,dos cuartos bodegas en el patio ,planta telefónica,sistema de cámaras de seguridad  ***",[],10.4368678,-75.5199052,2026-08-03
"Apartamento en Venta en Manga, Cartagena",https://www.fincaraiz.com.co/apartamento-en-venta-en-manga-cartagena/193741822,193741822,https://cdn4.fincaraiz.com.co/repo/img/th.outside384x275.6a0398b2f1190_infocdn__b9337f66-1a24-418a-ad3c-6b6439747b76.jpeg,[],$ 3.300.000.000,3 Habs. 3 Baños 347 m²,"Apartamento en venta en manga, cartagena","Apartamento enCartagena, Bolivar",,Llamar,,,,,,,,,,,,,,"Espectacular apartamento con excelente vista de frente a la bahía, consta de 3 alcobas con baños, 2 Baños sociales, 2 Balcones amplios con vista a la Bahía de manga, alcoba y baño se servicios, 4 parqueaderos independiente, locker, aires acondicionados y  cortinas ***",[],10.412991,-75.5419941,2026-08-03
"Apartamento en  Venta en El laguito, Cartagena",https://www.fincaraiz.com.co/apartamento-en-venta-en-el-laguito-cartagena/192104671,192104671,https://cdn4.fincaraiz.com.co/repo/img/th.outside384x275.6810676807db1_infocdn__16929-1-1741223114jpg.jpg,[],$ 450.000.000,1 Hab 1 Baño 45 m²,"Apartamento en  venta en el laguito, cartagena","Apartamento enCartagena, Bolivar",,Llamar,,,,,,,,,,,,,,"Se vende Apartamento  de USO MIXTO lo que permite las rentas cortas,  . Este acogedor apartamento cuenta con una amplia alcoba con closet, un baño elegante, una cocina integral equipada, una conveniente zona de lavado. Experimenta la comodidad y la belleza de este espacio único que combina la vida moderna con la serenidad de su entorno. Cerca a la playa, cerca a el sector gastronómico el laguito, zonas comerciales y turísticas, cerca a reconocida cadenas de restaurantes. Libre Jurídicamente.",[],10.3943187,-75.56129,2026-08-03
"Apartamento en Venta en 2. localidad de la virgen y turistica, Cartagena",https://www.fincaraiz.com.co/apartamento-en-venta-en-2-localidad-de-la-virgen-y-turistica-cartagena/193620390,193620390,https://cdn4.fincaraiz.com.co/repo/img/th.outside384x275.69dc00980af41_infocdn__8xjhap9td0aebyohqkhblu3kkbwd6mjwxmxt0fcijpg.jpg,[],$ 1.100.000.000,2 Habs. 2 Baños 102 m²,"Apartamento en venta en 2. localidad de la virgen y turistica, cartagena","Apartamento enCartagena, Bolivar",,Llamar,,,,,,,,,,,,,,"Descubra este espectacular apartamento en venta en Cielo Mar, Cartagena, Bolívar. Este inmueble moderno ofrece un estilo de vida de lujo con dos baños, un garaje, y vistas impresionantes al mar y la ciudad, combinando exclusividad con la comodidad de un entorno privilegiado.  El apartamento cuenta con una luminosa sala de estar con acceso directo que invita al relax y al ocio. La cocina integral, moderna y funcional, se conecta a un balcón, creando un espacio ideal para disfrutar de la brisa marina.  Disfrute de amenidades de lujo como amplias piscinas de borde infinito en la azotea y una terraza con jacuzzis. Los acabados incluyen pisos en baldosa/mármol y madera, una barra estilo americano y excelente ventilación natural, garantizando confort y sofisticación en cada rincón.  Esta propiedad representa una oportunidad única para residir en un apartamento con diseño contemporáneo y vistas panorámicas, ideal para quienes buscan vivir una experiencia excepcional en una de las zonas más atractivas de Cartagena.",[],10.4551263,-75.50656,2026-08-03
"Apartamento en Venta en Manzanillo, Cartagena",https://www.fincaraiz.com.co/apartamento-en-venta-en-manzanillo-cartagena/192928994,192928994,https://cdn4.fincaraiz.com.co/repo/img/th.outside384x275.69e0e932070e6_infocdn__gr-venta-apartamento-en-morros-eo-1759178077-1223-1091jpeg.jpeg,[],$ 1.380.000.000,2 Habs. 2 Baños 104 m²,"Apartamento en venta en manzanillo, cartagena","Apartamento enCartagena, Bolivar",,Llamar,,,,,,,,,,,,,,"Oscar Cruz Realtor - Apartamento en venta en Morros EOS – Manzanillo en CartagenaÁrea: 104 m²Alcobas: 2Baños: 2Parqueadero: 1Estado: Semi–amoblado / AmobladoEn el exclusivo condominio Morros EOS, frente al mar en Manzanillo del Mar – Cartagena, se encuentra este espectacular apartamento de 104 m², diseñado con un estilo moderno y espacios funcionales:• Sala–comedor con cocina abierta integral• Terraza amplia con vista lateral al mar• 2 habitaciones (principal con baño privado)• 2 baños completos• Zona de labores• 1 parqueadero privadoOpciones de venta• $1.420.000.000 – Semi–amoblado, incluye: aires acondicionados, ventiladores, cortinas, calentador, lavadora-secadora, nevera, mueble depósito de la terraza y sofá de la sala.• $1.450.000.000 – Totalmente amoblado, listo para habitar o rentar.Amenidades del condominio• Acceso directo a la playa• Piscinas para adultos y niños• Jacuzzi y zonas húmedas• Gimnasio dotado• Salón social• Seguridad 24/7Ubicación estratégica: Morros EOS se encuentra en una de las zonas de mayor valorización de Cartagena, ideal tanto para uso vacacional como para inversión en renta turística.",[],10.523627402811,-75.496535603823,2026-08-03
"Apartamento en Venta en Serena del Mar, Cartagena",https://www.fincaraiz.com.co/apartamento-en-venta-en-serena-del-mar-cartagena/192435182,192435182,https://cdn4.fincaraiz.com.co/repo/img/th.outside384x275.6a5a8c4399ebe_infocdn__gr1138891120240714094234jpg.jpg,[],$ 1.490.000.000,2 Habs. 2 Baños 87 m²,"Apartamento en venta en serena del mar, cartagena","Apartamento enCartagena, Bolivar",,Llamar,,,,,,,,,,,,,,Apartamento Moderno para Estrenar87.5 m2- 2 habitaciones- 2 baños- ⁠Sala - Comedor- ⁠Balcon- ⁠Cocina Tipo AmericanaApartamento con vista lateral al marSalida a playa privada,[],10.4665994,-75.4998935,2026-08-03
"Apartamento en Venta en Manzanillo, Cartagena",https://www.fincaraiz.com.co/apartamento-en-venta-en-manzanillo-cartagena/193955744,193955744,https://cdn4.fincaraiz.com.co/repo/img/th.outside384x275.6a4aebe2bc4df_infocdn__juq2oqirknrzqgvvjkorwi8wab0f6vs3modth609jpg.jpg,[],$ 520.000.000,2 Habs. 2 Baños 72 m²,"Apartamento en venta en manzanillo, cartagena","Apartamento enCartagena, Bolivar",,Llamar,,,,,,,,,,,,,,"Descubra una oportunidad de inversión inigualable en Serena del Mar, Cartagena. Este hermoso apartamento no solo ofrece un estilo de vida excepcional, sino que también cuenta con una codiciada licencia de alquiler para estancias cortas, garantizando un retorno de inversión inmediato y atractivo. Ubicado en la zona de mayor crecimiento, proyección y valorización de Cartagena, disfrutará de la cercanía a las paradisíacas playas de Murallas y Manzanillo, a solo 500 metros de distancia.El conjunto residencial eleva la experiencia de vida con amenidades de tipo mundial, diseñadas para el máximo disfrute y confort. La conveniencia es clave, con el Centro Comercial Las Ramblas a solo 3 minutos y el futuro Centro Comercial Shopping Cristal, el más grande de Latinoamérica, a poca distancia. Además, el encanto histórico de Cartagena se encuentra a solo 20 minutos, ofreciendo un equilibrio perfecto entre modernidad y tradición. Este apartamento es la elección ideal para inversores astutos que buscan capitalizar el dinamismo del mercado inmobiliario caribeño.",[],10.5166182,-75.4915687,2026-08-03
"Apartaestudio en Venta en Serena del Mar, Cartagena",https://www.fincaraiz.com.co/apartaestudio-en-venta-en-serena-del-mar-cartagena/193263574,193263574,https://cdn4.fincaraiz.com.co/repo/img/th.outside384x275.6a4844fd27d28_infocdn__1012-12-1768058634jpg.jpg,[],$ 430.000.000,1 Hab 2 Baños 54 m²,"Apartaestudio en venta en serena del mar, cartagena","Apartaestudio enCartagena, Bolivar",,Llamar,,,,,,,,,,,,,,"En un exclusivo apartaestudio ubicado en una zona privilegiada, se encuentra este moderno espacio de 54 metros cuadrados con una distribución perfecta. Con 1 habitación, 2 baños y cocina integral, ofrece comodidad y funcionalidad. Cuenta con closet, gas natural, vista exterior e interior, sala-comedor, zona de ropas y vestier. Además, acceso para discapacitados, alarma, ascensor, gimnasio, piscina, sauna, parqueadero, vigilancia 24/7 y zonas recreativas. Ideal para quienes buscan un estilo de vida sofisticado y seguro. ¡Una oportunidad única para estrenar tu nuevo hogar!",[],10.507775470662,-75.467396881166,2026-08-03
"Apartamento en Venta en Castillogrande, Cartagena",https://www.fincaraiz.com.co/apartamento-en-venta-en-castillogrande-cartagena/192990921,192990921,https://cdn4.fincaraiz.com.co/repo/img/th.outside384x275.68f181c42462d_infocdn__drgljajfqwyri92qayyllsh1gcnzrga1rsjni58ejpg.jpg,[],$ 860.000.000,4 Habs. 4 Baños 143 m²,"Apartamento en venta en castillogrande, cartagena","Apartamento enCartagena, Bolivar",,Llamar,,,,,,,,,,,,,,"Descubra este excepcional apartamento en venta, ubicado en la prestigiosa zona de Castillogrande, Provincia de Cartagena, Bolívar. Con 143 m² de espacio privado, distribuidos en dos zonas. La principal cuenta con 113 m2 y la segunda en un aparta estudio independiente con 30 m2; este inmueble combina a la perfección el encanto clásico de sus áreas comunes con la modernidad de sus espacios habitables, ofreciendo una experiencia de vida distinguida en una ubicación privilegiada con 4 baños y zona de parqueo asignada.",[],10.3942723,-75.5516879,2026-08-03
"Apartamento en Venta en Castillogrande, Cartagena",https://www.fincaraiz.com.co/apartamento-en-venta-en-castillogrande-cartagena/193038684,193038684,https://cdn4.fincaraiz.com.co/repo/img/th.outside384x275.69015fcce911b_infocdn__dh7300hghflfon67jjh7nafxroxuddbi794aeuzyjpg.jpg,[],$ 1.900.000.000,3 Habs. 4 Baños 195 m²,"Apartamento en venta en castillogrande, cartagena","Apartamento enCartagena, Bolivar",,Llamar,,,,,,,,,,,,,,"Descubra un estilo de vida superior en este impresionante apartamento en venta, ubicado en el prestigioso sector Castillo Grande, Cartagena. Esta propiedad le ofrece un refugio de lujo y tranquilidad, combinando la elegancia clásica con toques modernos y destacando por sus amplias áreas de piscina, jacuzzi y espectaculares vistas al mar y la ciudad. Un espacio ideal para quienes buscan comodidad y distinción en uno de los sectores más deseados. Las áreas exteriores son un verdadero oasis, con modernas piscinas estilo tropical que incluyen dos cuerpos de agua, perfectas para relajarse. Disfrute de una gran terraza cubierta, ideal para el entretenimiento y rodeada de exuberante vegetación, ofreciendo un ambiente privado y sereno. La ventilación natural y las zonas verdes contribuyen a una atmósfera fresca y acogedora en todo el inmueble. En el interior, encontrará un apartamento que refleja un estilo clásico-moderno, con pasillos y entradas adornados con elegantes acabados y pisos en baldosa. La propiedad cuenta con 4 baños, un garaje y un ascensor, proporcionando todas las comodidades. Con una antigüedad de entre 16 y 30 años, ha sido mantenido con esmero para preservar su encanto. Esta es una oportunidad única de adquirir una propiedad excepcional en un entorno privilegiado.",[],10.3954262,-75.5545526,2026-08-03
"Apartamento en Venta en El laguito, Cartagena",https://www.fincaraiz.com.co/apartamento-en-venta-en-el-laguito-cartagena/194026014,194026014,https://cdn4.fincaraiz.com.co/repo/img/th.outside384x275.6a6278aea7170_infocdn__portada-2jpg.jpg,[],$ 800.000.000,4 Habs. 3 Baños 120 m²,"Apartamento en venta en el laguito, cartagena","Apartamento enCartagena, Bolivar",,Llamar,,,,,,,,,,,,,,"Con hermosas panorámicas al mar y al Laguito, a una cuadra de la playa, el apartamento está conformado por un espacio que actualmente funciona como Aparta estudio en un solo ambiente, con área de descanso, baño, sala, comedor, cocina y balcón grande, desde el cual podemos apreciar el Laguito y los atardeceres Cartageneros.    Cuenta con ventanal amplio con vista al mar.   Iluminado y ventilado.  Este y otra de las habitaciones, se rentan para turismo lo cual lo hace un inmueble con gran potencial de Inversión.Un área de Biblioteca, que da a un hall que conduce a tres amplias habitaciones. Una con baño interno, clóset,  las otras dos con baño compartido cada una con su clóset.  Todas con excelentes vistas al mar desde sus grandes ventanales. El Edificio ofrece Amenidades como Ascensores, Piscina y Servicio de portería 24/7.",[],10.3973373,-75.5628935,2026-08-03
"Apartamento en Venta en Bocagrande, Cartagena",https://www.fincaraiz.com.co/apartamento-en-venta-en-bocagrande-cartagena/193428928,193428928,https://cdn4.fincaraiz.com.co/repo/img/th.outside384x275.699ce6c127ced_infocdn__pvcw0nlyzy1zrf8kcqf3wigxcq516sgitqcmzildjpg.jpg,[],$ 910.000.000,1 Hab 1 Baño 67 m²,"Apartamento en venta en bocagrande, cartagena","Apartamento enCartagena, Bolivar",,Llamar,,,,,,,,,,,,,,"Disfruta de este encantador apartamento con una vista privilegiada al mar, donde cada amanecer y atardecer se convierten en un espectáculo desde tu propio balcón.Ubicado en un edificio con amplias y modernas zonas comunes, ideales para el descanso y el disfrute, esta propiedad combina ubicación estratégica y alta valorización.Además, el edificio permite tanto vivirlo como destinarlo a rentas cortas, convirtiéndolo en una excelente oportunidad de inversión con alto potencial de rentabilidad.¡ Contáctanos para mas detalles y agenda tu visita!",[],10.4027235,-75.5565198,2026-08-03
"Casa en Venta en Providencia, Cartagena",https://www.fincaraiz.com.co/casa-en-venta-en-providencia-cartagena/193741526,193741526,https://cdn4.fincaraiz.com.co/repo/img/th.outside384x275.6a0393fe04768_infocdn__7b11e18f-e43a-4cd6-8d8c-698467c465a5.jpeg,[],$ 164.000.000,2 Habs. 1 Baño 60 m²,"Casa en venta en providencia, cartagena","Casa enCartagena, Bolivar",,Llamar,,,,,,,,,,,,,,"Esta linda casa ideal para tu familia,calle peatonal, con rejas en las entrada ,birinda mayor seguridad. ***",[],10.3847093,-75.4628198,2026-08-03
"Lote en Venta en Arroyo grande, Cartagena",https://www.fincaraiz.com.co/lote-en-venta-en-arroyo-grande-cartagena/194021613,194021613,https://cdn4.fincaraiz.com.co/repo/img/th.outside384x275.6a611f6d8429c_infocdn__bp9a8qtyszyg24xpaakzydhnyvzxu0cdcu6njfamjpg.jpg,[],$ 78.000.000,156 m²,"Lote en venta en arroyo grande, cartagena","Lote enCartagena, Bolivar",,Llamar,,,,,,,,,,,,,,Lotes desde ***frente al mar la mejor inversión futura lotes con medida desde 156 metro cuadrado ubicado en el kilómetro 26 arrollo las canoas nombre del condominio Porto mare frente al mar ...se inicia con el 20% y las demás cuotas sin interés asta 48 meses,[],10.64996,-75.39994,2026-08-03
"Apartamento en  Venta en Bocagrande, Cartagena",https://www.fincaraiz.com.co/apartamento-en-venta-en-bocagrande-cartagena/191943228,191943228,https://cdn4.fincaraiz.com.co/repo/img/th.outside384x275.679babc79ddc2_infocdn__qiiav9cpldz7hlmhx4hqq2xmtkimkugue9ksl4dcjpg.jpg,[],$ 1.090.000.000,1 Hab 1 Baño 73 m²,"Apartamento en  venta en bocagrande, cartagena","Apartamento enCartagena, Bolivar",,Llamar,,,,,,,,,,,,,,"Disfruta de este encantador apartamento de lujo y comodidad con vista a la bahía de Cartagena en edificio con una salida directa a prestigioso centro comercial y frente a la playa de Bocagrande., cuenta con amplias zonas comunes y piscina con borde infinito con vista panorámica al mar.¡Contáctanos hoy para hacer realidad tu sueño de vivir frente al mar!",[],10.411173,-75.5512287,2026-08-03
"Apartamento en Venta en El laguito, Cartagena",https://www.fincaraiz.com.co/apartamento-en-venta-en-el-laguito-cartagena/193499901,193499901,https://cdn4.fincaraiz.com.co/repo/img/th.outside384x275.6a4e673a7e6bd_infocdn__property-14484-1-1773326408-imagenjpg.jpg,[],$ 480.000.000,1 Hab 2 Baños 56 m²,"Apartamento en venta en el laguito, cartagena","Apartamento enCartagena, Bolivar",,Llamar,,,,,,,,,,,,,,"Descubre esta exclusiva oportunidad de adquirir un elegante apartamento en venta en el prestigioso estrato 6 de Cartagena, Bolívar. Con una habitación principal, 2 baños completos, cocina equipada y una amplia área construida de 56.6m², este inmueble ofrece comodidad y estilo. Construido en 1980, cuenta con interiores que incluyen balcón, estudio y viene completamente amoblado. No pierdas la oportunidad de vivir en este encantador espacio. ¡Contáctanos para más información y agenda tu visita hoy mismo!",[],10.398120405338,-75.562054685113,2026-08-03
"Apartamento en  Arriendo en Barceloneta, Cartagena",https://www.fincaraiz.com.co/apartamento-en-arriendo-en-barceloneta-cartagena/191613781,191613781,https://cdn4.fincaraiz.com.co/repo/img/th.outside384x275.6a6cfe28b20c1_infocdn__50196f76-de83-426e-addf-3bbd79aeb2c9.png,[],$ 1.350.000.000,4 Habs. 5 Baños 204 m²,"Apartamento en  arriendo en barceloneta, cartagena","Apartamento enCartagena, Bolivar",,Llamar,,,,,,,,,,,,,,"Este impresionante apartamento de 204 metros cuadrados ofrece un estilo de vida excepcional. Con cuatro habitaciones y cuatro baños más un baño social, cada rincón está diseñado para tu comodidad. La joya del lugar es su espectacular piscina, perfecta para relajarte y disfrutar del clima caribeño. Ubicado en un exclusivo conjunto cerrado en Barceloneta, este condominio te brinda seguridad y tranquilidad, además de acceso a las mejores comodidades. ¡No pierdas la oportunidad de vivir en este paraíso! 1353-68",[],10.3932277,-75.4832311,2026-08-03
"Apartamento en Venta en Manzanillo, Cartagena",https://www.fincaraiz.com.co/apartamento-en-venta-en-manzanillo-cartagena/193170500,193170500,https://cdn4.fincaraiz.com.co/repo/img/th.outside384x275.6979778d93171_infocdn__7adbhcpbhkgcmlkmvdje9vowtuzkubktmctfqzvejpg.jpg,[],$ 980.000.000,2 Habs. 2 Baños 76 m²,"Apartamento en venta en manzanillo, cartagena","Apartamento enCartagena, Bolivar",,Llamar,,,,,,,,,,,,,,"Estrena este apartamento de 1 habitación más estudio + deposito en los morros de manzanillo con vista al mar, disfruta de sus hermosas y excelentes amenidades estilo Resort con el encanto de salir y disfrutar el estilo de ir directo a la playa privada por concesión otorgada de la Dimar.",[],10.5189825,-75.4956666,2026-08-03
Apartamento en Venta en Cartagena,https://www.fincaraiz.com.co/apartamento-en-venta-en-cartagena/193330506,193330506,https://cdn4.fincaraiz.com.co/repo/img/th.outside384x275.69797e5a7a2c1_infocdn__wuzm6ykmndt7bzqktno9naegufvbzathtabixugvjpg.jpg,[],$ 5.800.000.000,4 Habs. 4 Baños 440 m²,Apartamento en venta en cartagena,"Apartamento enCartagena, Bolivar",,Llamar,,,,,,,,,,,,,,"Disfruta de la vista al mar desde este encantador apartamento de cuatro pisos + terraza, el apartamento cuenta con cuatro habitaciones y cuatro baños, una sala de estar amplia junto a la cocina en un solo concepto abierto, doble balcón ambos con vista al mar y con un jacuzzi privado.Contáctanos para enviarte más información acerca de esta propiedad.",[],10.410942540605,-75.551521565485,2026-08-03
"Apartamento en  Venta en Crespo, Cartagena",https://www.fincaraiz.com.co/apartamento-en-venta-en-crespo-cartagena/191892215,191892215,https://cdn4.fincaraiz.com.co/repo/img/th.outside384x275.678be6ffcfa73_infocdn__bfaa93t6tpaky7cnm67b1n1ayogubsxieyrrpoxfjpg.jpg,[],$ 480.000.000,1 Hab 2 Baños 64 m²,"Apartamento en  venta en crespo, cartagena","Apartamento enCartagena, Bolivar",,Llamar,,,,,,,,,,,,,,"En SIMA Inmobiliaria te ofrecemos un exclusivo apartamento ubicado en el barrio Crespo de Cartagena, a tan solo unos metros de la playa. Con vistas espectaculares al Mar Caribe y la bahía de Cartagena, este moderno apartamento cuenta con amplios espacios, acabados de lujo y una excelente orientación que garantiza luz natural durante todo el día. Disfruta de amenidades de primer nivel como piscina, gimnasio, jacuzzi,  skybar y seguridad 24 horas. ¡No pierdas la oportunidad de vivir en este paraíso frente al mar! Contáctanos para más información y agendar tu visita.Venta por ***COP",[],10.4519937,-75.5148975,2026-08-03
"Apartamento en Venta en Torices, Cartagena",https://www.fincaraiz.com.co/apartamento-en-venta-en-torices-cartagena/192650792,192650792,https://cdn4.fincaraiz.com.co/repo/img/th.outside384x275.687905095ef94_infocdn__zlx3cm0iahxhonzkorrj6nx2v169d7ckrnbcdl6fjpg.jpg,[],$ 300.000.000,3 Habs. 3 Baños 58 m²,"Apartamento en venta en torices, cartagena","Apartamento enCartagena, Bolivar",,Llamar,,,,,,,,,,,,,,"¡En venta hermoso apartamento en el sector de Torices! AMOBLADO? ¡Oportunidad de Inversión en Torices, Cartagena!En venta hermoso apartamento amoblado en el sector de Torices. Disfruta de comodidad, rentabilidad y confort en una ubicación privilegiada.Características del apartamento:?️ 2 habitaciones? 2 baños?️ Sala-comedor?️ Cocina equipada?️ Aire acondicionado? Televisor? Lavadora? Balcón con vista panorámicaAmenidades del edificio:?️ Seguridad 24 horas? Piscina para adultos y niños?️ Gimnasio? Salón social? Zona infantil? Ascensores? Planta eléctrica para zonas comunes? Certificado para rentas turísticasUbicación estratégica:Situado en el tradicional y residencial barrio Torices, este apartamento ofrece fácil acceso a:?️ Playas de Marbella (a 5 minutos)? Centro histórico de Cartagena (a 10 minutos)✈️ Aeropuerto Internacional Rafael Núñez (a 10 minutos)? Supermercados, centros educativos y vías principalesIdeal para:Quienes buscan segunda vivienda en CartagenaInversionistas interesados en rentas cortas o vacacionales",[],10.4304705,-75.5356764,2026-08-03
"Apartamento en venta en Crespo, Cartagena",https://www.fincaraiz.com.co/apartamento-en-venta-en-crespo-cartagena/7921272,7921272,https://s3.amazonaws.com/imagenesprof.fincaraiz.com.co/OVFR_COL/2023/2/15/4109694_225_0.jpg,[],$ 675.000.000,2 Habs. 3 Baños 124 m²,"Apartamento en venta en crespo, cartagena","Apartamento enCartagena, Bolivar",,Llamar,,,,,,,,,,,,,,"SIMA inmobiliaria vende hermoso apartamento ubicado en crespo ,  espectacular vista directa al mar y parque peatonal tiene un área de 124, 7 mts. cuenta con dos alcobas,  principal con baño y Vestier ,  baño auxiliar y baño de servicio ,  amplia zona de labores ,  sala - comedor ,  cocina integral ,  amplio balcón ,  parqueadero y deposito .  Precio de venta: 675000, 000 COP.",[],10.4502944946289,-75.5165939331055,2026-08-03
Apartamento en Venta en Cartagena,https://www.fincaraiz.com.co/apartamento-en-venta-en-cartagena/193857015,193857015,https://cdn4.fincaraiz.com.co/repo/img/th.outside384x275.6a28627979aec_infocdn__bfh0cxsdpyrljxd5mop0keatxnbvbx33gqvex0vapng.png,[],$ 600.000.000,2 Habs. 2 Baños 88 m²,Apartamento en venta en cartagena,"Apartamento enCartagena, Bolivar",,Llamar,,,,,,,,,,,,,,"El apartamento tiene un área de 88m2, y cuenta con 2 habitaciones (Walk In Closet en la habitación principal), 2 baños, (baño privado en la habitación principal), cocina tipo americana, con muebles inferiores, sala – comedor, balcón, zona de ropas, un parqueadero, un depósito, aires acondicionados en cada cuarto, abanicos de techo de lujo en la sala - comedor.Cavana es un proyecto rodeado de vegetación, con zonas comunes como: Piscina de adultos y niños, jacuzzi, cancha múltiple (media), sauna, turco, amplias zonas verdes, gimnasio dotado, salón de juegos, salón social, y zona de BBQ.La Zona Norte de Cartagena se ha consolidado como una de las áreas de mayor proyección en la ciudad, combinando desarrollo urbanístico, conectividad estratégica y una propuesta de estilo de vida premium. Este sector, ubicado a pocos minutos del Aeropuerto Internacional Rafael Núñez y del Centro Histórico, ha sido cuidadosamente planeado para ofrecer un entorno que equilibra modernidad, naturaleza y confort.En esta zona, destacan proyectos innovadores como Serena del Mar, conocida como “la ciudad soñada”, que redefine el concepto de urbanismo en Colombia, con infraestructura de clase mundial. Serena del Mar incluye hospitales de nivel internacional, universidades, centros comerciales, clubs residenciales y una red vial interna que facilita la movilidad.El futuro de la Zona Norte promete aún más exclusividad, se proyecta como un punto clave para inversionistas, con nuevos desarrollos inmobiliarios que combinan lujo y sostenibilidad, extensas zonas verdes, playas, y acceso a servicios de primer nivel.Además, la cercanía con la vía al Mar, que conecta con Barranquilla, refuerza su atractivo como un destino estratégico para vivir, invertir o vacacionar. La Zona Norte no solo está transformando el paisaje de Cartagena, sino que también está definiendo un nuevo estándar de calidad de vida en el caribe colombiano, convirtiéndose en el lugar ideal para quienes buscan un entorno sofisticado, tranquilo y conectado con la naturaleza.En la zona norte de Cartagena se encuentran desarrollos como los hoteles Meliá y Estelar; servicios como Supermercado Carulla, D1, farmacias, veterinarias, y restaurantes, en ramblas, la plaza comercial de zona norte, así como estaciones de gasolina, colegios como Aspaen, Altair y Británico. Además, a pocos metros se encuentra la sede caribe de la Universidad de los Andes, el Hospital de Serena del Mar (operado por la Fundación Santafé de Bogotá), a 15 minutos el centro histórico, a 10 minutos el aeropuerto Rafael Núñez y a 5 minutos la playa concesionada de Serena del Mar.Para el año 2027, la zona norte de Cartagena contará con 2 centros comerciales adicionales, que permitirán a sus residentes disfrutar de una mayor variedad de tiendas, restaurantes, y servicios, como bancos, supermercados, entre muchos más.Así mismo, se encuentran las inversiones adelantadas por el gobierno como el túnel de Crespo y el Viaducto de la Ciénaga, que han puesto a la Zona Norte cada vez más cerca del centro de la ciudad y que la convierten en una zona con todas las facilidades y un alto potencial de valorización",[],10.504671,-75.4688354,2026-08-03
Apartamento en Venta en Cartagena,https://www.fincaraiz.com.co/apartamento-en-venta-en-cartagena/193635448,193635448,https://cdn4.fincaraiz.com.co/repo/img/th.outside384x275.69e03f2836906_infocdn__gr-apartamento-morros-eco-115mt-1776280108-554-7790jpeg.jpeg,[],$ 1.300.000.000,2 Habs. 2 Baños 115 m²,Apartamento en venta en cartagena,"Apartamento enCartagena, Bolivar",,Llamar,,,,,,,,,,,,,,"Descubre este espectacular apartamento ubicado en Morros Eco, una de las zonas más exclusivas y de mayor valorización en la zona norte de Cartagena, ideal tanto para vivir como para inversión turística.Con un área de 115 m², este apartamento ofrece espacios amplios y bien distribuidos: 2 habitaciones2 baños completossala-comedor de excelente tamañococina integral modernaparqueadero y depósitoUbicado frente al mar en el sector de Manzanillo del Mar, Morros Eco se caracteriza por su concepto moderno y natural, con apartamentos luminosos y amplias terrazas que conectan con el entorno caribeño.El conjunto cuenta con exclusivas amenidades tipo resort como salida directa a la playa, piscinas, jacuzzi, zonas verdes, gimnasio y áreas sociales, diseñadas para el descanso y la recreación. Además, es un proyecto de uso mixto (residencial y turístico), lo que lo convierte en una excelente opción para generar ingresos a través de renta vacacional, en una zona en constante desarrollo y alta valorización dentro de Serena del Mar. Un espacio perfecto para quienes buscan tranquilidad, exclusividad y conexión directa con el mar, a pocos minutos del centro histórico de Cartagena.",[],10.514781413888,-75.496834925076,2026-08-03
"Apartamento en Venta en Serena del Mar, Cartagena",https://www.fincaraiz.com.co/apartamento-en-venta-en-serena-del-mar-cartagena/194017523,194017523,https://cdn4.fincaraiz.com.co/repo/img/th.outside384x275.6a6044057ffd8_infocdn__irxvkfbzdylhxw9sxppfpi2w6wh0320m7wyxo5bcjpg.jpg,[],$ 630.000.000,2 Habs. 2 Baños 63 m²,"Apartamento en venta en serena del mar, cartagena","Apartamento enCartagena, Bolivar",,Llamar,,,,,,,,,,,,,,"Apartamento en venta, ubicado en el prestigioso sector de Serena del Mar, zona norte, Cartagena de Indias. Este apartamento de 63 m² cuenta con 2 habitaciones. Habitación principal con baño privado y walking clóset. Habitación auxiliar con closet. baño auxiliar completo, sala – comedor, cocina integral estilo americano, balcón. Vista al exterior desde el piso número 4.  Cuenta con 1 garaje  cubierto. Excelente ventilación natural.Características del apartamentoÁrea: 63 m²2 habitacionesHabitación principal con walking clóset y baño privado.Habitación auxiliar con clósetBaño auxiliar completoSala – comedorCocina integral tipo americanoBalcón1 Garaje cubiertoEsta propiedad está ubicada en el prestigioso sector de Serena del mar, una de las zonas de mayor valorización y desarrollo urbanístico en Cartagena.•	A pocos pasos de la playa.•	Conexión directa con el Anillo Vial, permitiendo llegar al Aeropuerto Internacional Rafael Núñez en menos de 20 minutos.•	Cercanía a exclusivos hoteles, restaurantes de alta cocina y centros comerciales como el Centro comercial las Ramblas•	A 25 minutos de la Ciudad Amurallada, permitiendo disfrutar de la historia y vida nocturna de Cartagena.•	Serena del mar cuenta con hospital de nivel internacional, universidades, centro comercial y una red vial interna facilitando la movilidad de sus residentes.Este apartamento ofrece un entorno residencial con la proximidad a los puntos más estratégicos de la ciudad.",[],10.5056449,-75.4726837,2026-08-03
"Apartamento en Venta en Crespo, Cartagena",https://www.fincaraiz.com.co/apartamento-en-venta-en-crespo-cartagena/193973044,193973044,https://cdn4.fincaraiz.com.co/repo/img/th.outside384x275.6a5038d433042_infocdn__gr-en-venta-apartamento-de-1-alco-1783641859-5947-9073jpeg.jpeg,[],$ 450.000.000,1 Hab 2 Baños 68 m²,"Apartamento en venta en crespo, cartagena","Apartamento enCartagena, Bolivar",,Llamar,,,,,,,,,,,,,,"? Apartamento en venta en Crespo, Cartagena ?️Vive frente al mar y disfruta cada día de una espectacular vista al Caribe. Este acogedor apartamento combina comodidad, ubicación y una excelente oportunidad de inversión en uno de los barrios más tradicionales y valorizados de Cartagena.✨ Características:• 65 m²• 1 alcoba amplia• 2 baños• Sala-comedor con excelente iluminación natural• Cocina funcional• Parqueadero privado• Hermosa vista al mar? Ubicado en Crespo, a pocos minutos del Centro Histórico, el aeropuerto, supermercados, restaurantes y las playas de la ciudad.Ideal para vivir, disfrutar como segunda vivienda o generar ingresos por renta.? Contáctame para más información y agenda tu visita. ¡Te encantará!JOHANNA BURGOS REALTOR",[],10.449536705736,-75.515033314004,2026-08-03
"Apartamento en Venta en Manzanillo, Cartagena",https://www.fincaraiz.com.co/apartamento-en-venta-en-manzanillo-cartagena/194024437,194024437,https://cdn4.fincaraiz.com.co/repo/img/th.outside384x275.6a623e2e7786b_infocdn__gr-se-vende-apartamento-semiamobl-1762037923-0391-4466jpeg.jpeg,[],$ 1.400.000.000,2 Habs. 2 Baños 104 m²,"Apartamento en venta en manzanillo, cartagena","Apartamento enCartagena, Bolivar",,Llamar,,,,,,,,,,,,,,"Disfruta de la tranquilidad y el confort en este espectacular apartamento con uso turístico, ideal para inversión o descanso.? Ubicación: Morros, Manzanillo del Mar, Cartagena.? Características:Apartamento semiamoblado de 104 m22 alcobas cada una con baño Amplio balcón con vista al marDepósito internoSemiamoblado con acabados de lujoVista directa al marAcceso a la playaZonas sociales con piscina, gimnasio y jacuzziSeguridad 24 horasUso turístico permitido (ideal para rentas cortas tipo Airbnb)? Excelente oportunidad de inversión en el sector turístico más exclusivo de CartagenaJOHANNA BURGOS REAL ESTATE :+ (57) ***? Contáctame para más información o agendar una visita.",[],10.517187934306,-75.498698454846,2026-08-03
"Apartamento en Venta en Crespo, Cartagena",https://www.fincaraiz.com.co/apartamento-en-venta-en-crespo-cartagena/193779549,193779549,https://cdn4.fincaraiz.com.co/repo/img/th.outside384x275.6a0fa63d626e2_infocdn__pymyuvvhlbmuysqprlxeebzgwwjxijxrsyjqgtt9jpg.jpg,[],$ 750.000.000,1 Hab 2 Baños 87 m²,"Apartamento en venta en crespo, cartagena","Apartamento enCartagena, Bolivar",,Llamar,,,,,,,,,,,,,,"Disfruta de este Hermoso apartamento de 87 m² en el exclusivo conjunto Beach Club Crespo, Cartagena. Completamente amoblado ,  cuenta con una espaciosa habitación y dos baños ,  una cocina integral con barra americana.Disfrute de la brisa marina y las vistas desde los amplios balcones que rodean el apartamento, inundando cada espacio con luz natural. Cuenta con un parqueadero privado.Su ubicación privilegiada, a solo 300 metros del Aeropuerto Rafael Núñez, permite un acceso peatonal inigualable. Además, tendrá a su alcance variedad de supermercados y restaurantes, junto con una excelente conectividad de transporte. *** /  ***.",[],10.4505745,-75.5160029,2026-08-03
"Apartamento en Venta en La Boquilla, Cartagena",https://www.fincaraiz.com.co/apartamento-en-venta-en-la-boquilla-cartagena/193566710,193566710,https://cdn4.fincaraiz.com.co/repo/img/th.outside384x275.69d57f9edc977_infocdn__picture-0581d96a0d0d4c0cb21d1b7c73b50b38jpeg.jpeg,[],$ 890.000.000,2 Habs. 2 Baños 108 m²,"Apartamento en venta en la boquilla, cartagena","Apartamento enCartagena, Bolivar",,Llamar,,,,,,,,,,,,,,"Este hermoso apartamento en Cielo Mar, tiene un  balcón con vista directa al mar sobre la playa de la boquilla desde donde podrás disfrutar de los mas hermosos atardeceres, amplia sala comedor con acceso al balcon, cocina abierta tipo americano, zona de labores, 2 habitaciones y 2 baños, la habitacion principal con un segundo balcon con vista a la cienaga y baño interior, hall de alcobas , parqueadero y deposito.Se encuentra ubicado en el sector de Cielo Mar , sector de gran desarrollo urbanistico y de gran valorizacion en la ciudad, frente a Playa azul, galardonada con la bandera BLUE FLAG.",[],10.457403812834,-75.5089816837,2026-08-03
"Apartamento en Venta en Serena del Mar, Cartagena",https://www.fincaraiz.com.co/apartamento-en-venta-en-serena-del-mar-cartagena/193579159,193579159,https://cdn4.fincaraiz.com.co/repo/img/th.outside384x275.69caa33472006_infocdn__picture-c211caf9a4e94e038e7bbebb11cc63f3jpeg.jpeg,[],$ 730.000.000,2 Habs. 2 Baños 63 m²,"Apartamento en venta en serena del mar, cartagena","Apartamento enCartagena, Bolivar",,Llamar,,,,,,,,,,,,,,"Este hermoso apartamento ubicado en Serena del Mar con 2 habitaciones y 2 baños, la habitacion principal con vestier y baño interior, una amplia sala y comedor con sus ventanales piso-techo que dejan pasar la luz natural donde te sentiras rodeado de naturaleza y en un ambiente tranquilo y familiar, cocina tipo americano, zona de labores independiente, un parqueadero y un deposito.Palladio ofrece una amplia gama de zonas comunes para que sus residentes disfruten de un estilo de vida exclusivo y ubicado en la zona de mayor proyeccion y valorizacion de la ciudad.",[],10.5009976,-75.4696448,2026-08-03
"Apartamento en Venta en Santa lucia, Cartagena",https://www.fincaraiz.com.co/apartamento-en-venta-en-santa-lucia-cartagena/193741820,193741820,https://cdn4.fincaraiz.com.co/repo/img/th.outside384x275.6a0398af00102_infocdn__7ae51a58-6f0c-4289-9359-a4430cf3cd56.jpeg,[],$ 814.000.000,3 Habs. 2 Baños 121 m²,"Apartamento en venta en santa lucia, cartagena","Apartamento enCartagena, Bolivar",,Llamar,,,,,,,,,,,,,,"Apartamento  ubicado en zona residencial  , sector cielomar   consta de tres habitaciones , dos baños  , cuarto y baño del servicio . sala comedor , deposito  , parqueaderos para dos  automoviles balcon ,cocina integral cuarto de ropas .El Edificio cuenta  con piscinas , jacuzzi , solarium , gimnasio ,bbq . sky bar , salon social , parque infantil , planta electrica  cobertura visual . planta de agua .  parqueaderos cubierto y para visitantes .   ***",[],10.3932277,-75.4832311,2026-08-03
"Apartamento en Venta en Manga, Cartagena",https://www.fincaraiz.com.co/apartamento-en-venta-en-manga-cartagena/192746022,192746022,https://cdn4.fincaraiz.com.co/repo/img/th.outside384x275.689be6ba105ce_infocdn__z8m5viyhljrloseuh8zqdsnlbwnbozseu3wsux9ajpg.jpg,[],$ 280.000.000,1 Hab 1 Baño 45 m²,"Apartamento en venta en manga, cartagena","Apartamento enCartagena, Bolivar",,Llamar,,,,,,,,,,,,,,"? ¡Se Vende Apartamento Tipo Loft en el Corazón de Manga! ?¿Estás buscando un espacio moderno y acogedor en una de las mejores zonas de la ciudad? Este apartamento tipo loft es la opción perfecta para ti.✨ Características del Apartamento:- Tipo: Loft, ideal para disfrutar de un ambiente abierto y luminoso.- Vigilancia 24 Horas: Seguridad garantizada para tu tranquilidad.- Zonas Sociales: Acceso a áreas comunes diseñadas para el esparcimiento.- Piscinas: Perfectas para relajarte y disfrutar en familia.- Cancha Deportiva: Ideal para los amantes del deporte y la actividad física.- Ubicación: Situado en un sector céntrico y de fácil acceso, cerca de tiendas, restaurantes y servicios.? Contáctanos: Para más información o para agendar una visita, no dudes en llamarnos o enviarnos un mensaje.¡No dejes pasar la oportunidad de vivir en un lugar que combina estilo, comodidad y una excelente ubicación! ?✨",[],10.4119699,-75.5349485,2026-08-03
"Apartamento en Venta en 2. localidad de la virgen y turistica, Cartagena",https://www.fincaraiz.com.co/apartamento-en-venta-en-2-localidad-de-la-virgen-y-turistica-cartagena/193926434,193926434,https://cdn4.fincaraiz.com.co/repo/img/th.outside384x275.6a406405a16cd_infocdn__property-22353-1-1782601936-imagenjpg.jpg,[],$ 1.900.000.000,4 Habs. 3 Baños 184 m²,"Apartamento en venta en 2. localidad de la virgen y turistica, cartagena","Apartamento enCartagena, Bolivar",,Llamar,,,,,,,,,,,,,,"En el vibrante barrio de Manzanillo Del Mar, Cartagena, se presenta un apartamento que redefine el concepto de espacio y funcionalidad. Con una generosa área construida de 184 m², este inmueble se erige como una opción ideal para quienes buscan establecer un negocio en una de las zonas más cotizadas de la ciudad. Su estrato 6 garantiza un entorno de alta calidad, rodeado de servicios y comodidades que aseguran un flujo constante de clientes. La ubicación estratégica de este apartamento no solo permite un fácil acceso a las principales vías de la ciudad, sino que también ofrece visibilidad y atractivo para cualquier emprendimiento. Imagina las posibilidades que brinda este espacio, donde la amplitud y la distribución se conjugan para crear un ambiente propicio para la operación de un negocio exitoso. Con un precio de venta de $1.900.000.000, esta propiedad se presenta como una inversión sólida en un sector en constante valorización. Es el momento de dar el paso hacia el futuro que tu negocio merece.",[],10.5149308,-75.4999889,2026-08-03
"Apartamento en Venta en La Boquilla, Cartagena",https://www.fincaraiz.com.co/apartamento-en-venta-en-la-boquilla-cartagena/192405447,192405447,https://cdn4.fincaraiz.com.co/repo/img/th.outside384x275.68294edc78a18_infocdn__e2sf08zqyy57w11m93gpwuyg0yk1cxqexezub1nkjpg.jpg,[],$ 1.000.000.000,2 Habs. 2 Baños 79 m²,"Apartamento en venta en la boquilla, cartagena","Apartamento enCartagena, Bolivar",,Llamar,,,,,,,,,,,,,,"Presentamos para la venta, apartamento de lujo ubicado en la zona norte de cartagena, morros, con una comoda y espaciosa distribucion, en si interior el apartamento cuenta con caracyteristicas como son sus armarios empotrados, un amplio balcon con vista panoramica que invita a disfrutar de la brisa y el sol cartagenero, citofono, calentador, dobles ventanales que aislan el ruido exterior y mantienen una temperatura agradable en el apto. Cocina equipada, abiertaestilo americano, aire acondicionado en todas sus areas. Ubicacion estrategica, en zona residencial priveligiada, con amplia gama de servicios y entretenimiento. en la zona encuentras centro commercial, parques, areas turisticas, playa y amplia gama de restaurantes y bares. El apartamento se entrega completamente amoblado.",[],10.4663477,-75.5001491,2026-08-03
Apartamento en Venta en Cartagena,https://www.fincaraiz.com.co/apartamento-en-venta-en-cartagena/193583968,193583968,https://cdn4.fincaraiz.com.co/repo/img/th.outside384x275.69cbf57155406_infocdn__blhqlerp9nw0dh8uex8i4e1okjmxgz1sogxhj8osjpg.jpg,[],$ 2.280.000.000,3 Habs. 3 Baños 153 m²,Apartamento en venta en cartagena,"Apartamento enCartagena, Bolivar",,Llamar,,,,,,,,,,,,,,"Vive en un auténtico resort residencial en el exclusivo proyecto Altozano, ubicado en un cerro dentro de Serena del Mar, con vistas privilegiadas al mar, campo de golf y lagos naturales. Este apartamento de aproximadamente 153 m² combina confort, privacidad y acabados de primera en un entorno natural de alta valorización.3 habitaciones2 baños completos y un medio baño auxiliarSala-comedor de concepto abierto con excelente ventilación e iluminación naturalCocina tipo americana con isla y zona de ropas independienteBalcón panorámicoWalk-in closet en la habitación principal2 parqueaderos en linea + 1 depósitoSistema de climatización eficiente mediante distrito térmicoAcabados de alta gama:Pisos en madera natural y mármolCarpintería y grifería de alta especificaciónIluminación natural en todos los ambientesAmenidades tipo resort:Club House con lounge bar, restaurante mediterráneo y zona BBQPiscinas tipo playa, jacuzzi, cascadas y juegos acuáticos para niñosSpa con circuito de hidroterapia, salas de masaje y gimnasio de doble alturaPiscina semiolímpica y jacuzzis con vista al campo de golfSenderos ecológicos peatonales rodeados de bosque seco tropicalServicios tipo hotel: concierge, room service, mantenimiento y transporte internoSeguridad 24/7 y amplias zonas verdes (más del 70 % del terreno)Entorno y ubicación:Acceso directo a un campo de golf de 18 hoyos, diseñado para integrar el entorno naturalA pocos minutos del Hospital Internacional, del futuro centro comercial y de la playaPlaneación urbana de baja densidad, enfocada en el bienestar, la sostenibilidad y el diseño arquitectónico de alto nivelVive en una de las zonas más exclusivas y prometedoras de Cartagena, con todas las comodidades de un resort, en medio de la naturaleza y cerca de todo.El futuro de la Zona Norte promete aún más exclusividad, se proyecta como un punto clave para inversionistas, con nuevos desarrollos inmobiliarios que combinan lujo y sostenibilidad, extensas zonas verdes, playas, y acceso a servicios de primer nivel.Además, la cercanía con la vía al Mar, que conecta con Barranquilla, refuerza su atractivo como un destino estratégico para vivir, invertir o vacacionar. La Zona Norte no solo está transformando el paisaje de Cartagena, sino que también está definiendo un nuevo estándar de calidad de vida en el caribe colombiano, convirtiéndose en el lugar ideal para quienes buscan un entorno sofisticado, tranquilo y conectado con la naturaleza.En la zona norte de Cartagena se encuentran desarrollos como los hoteles Meliá y Estelar; servicios como Supermercado Carulla, D1, farmacias, veterinarias, y restaurantes, en ramblas, la plaza comercial de zona norte, así como estaciones de gasolina, colegios como Aspaen, Altair y Británico. Además, a pocos metros se encuentra la sede caribe de la Universidad de los Andes, el Hospital de Serena del Mar (operado por la Fundación Santafé de Bogotá), a 15 minutos el centro histórico, a 10 minutos el aeropuerto Rafael Núñez y a 5 minutos la playa",[],10.5076029,-75.4782797,2026-08-03
"Apartamento en Venta en Bocagrande, Cartagena",https://www.fincaraiz.com.co/apartamento-en-venta-en-bocagrande-cartagena/193572848,193572848,https://cdn4.fincaraiz.com.co/repo/img/th.outside384x275.69c8102973ff2_infocdn__gr325392320260327025622jpg.jpg,[],$ 600.000.000,2 Habs. 2 Baños 82 m²,"Apartamento en venta en bocagrande, cartagena","Apartamento enCartagena, Bolivar",,Llamar,,,,,,,,,,,,,,"Disfruta de la comodidad de vivir en una de las zonas más estratégicas de Cartagena. Este iluminado apartamento combina una vista agradable a la bahía con la cercanía a todo lo que necesitas para tu día a día.Características del Apartamento:Sala-comedor que se integra con una vista relajante a la bahía de Cartagena.Dos alcobas acogedoras conectadas por un práctico hall y un baño.Cocina cerrada de diseño funcional.Zona de labores independiente, además de alcoba y baño de servicio para mayor comodidad.Un parqueadero cubierto privado.El Edificio:Se trata de una copropiedad netamente residencial que garantiza tranquilidad. Ofrece recepción 24/7 y parqueadero para visitantes. En el último piso, podrás disfrutar de una terraza con zona BBQ y jacuzzi, el lugar perfecto para ver los atardeceres de la Heroica con una vista panorámica.Ubicación Privilegiada:¡Todo a unos pasos! Estarás rodeado de los mejores supermercados, bancos, gimnasios y centros comerciales de la ciudad. A corta distancia de la Iglesia de Bocagrande, prestigiosos colegios, clínicas y hospitales. Además, tendrás el privilegio de caminar hacia las playas o la bahía, y estar a solo minutos del Centro Histórico.",[],10.4007962,-75.5565738,2026-08-03
"Apartamento en Venta en Cartagena de indias, Cartagena",https://www.fincaraiz.com.co/apartamento-en-venta-en-cartagena-de-indias-cartagena/193360326,193360326,https://cdn4.fincaraiz.com.co/repo/img/th.outside384x275.6a6824c7ed9f0_infocdn__gr191063120260204080203jpg.jpg,[],$ 451.000.000,3 Habs. 4 Baños 122 m²,"Apartamento en venta en cartagena de indias, cartagena","Apartamento enCartagena, Bolivar",,Llamar,,,,,,,,,,,,,,"*** - D.C COLOMBIA S.A.S Vende apartamento ubicado en Cartagena, Bolívar, con un área de 122,7 m², ideal para quienes buscan amplitud, comodidad y una excelente distribución en una ciudad de alta valorización; el inmueble cuenta con sala, comedor, estudio, estar, cocina, tres habitaciones y cuatro baños, ofreciendo espacios funcionales tanto para la vida familiar como para recibir visitas; adicionalmente dispone de dos balcones, patio interior, depósito y garaje doble, lo que aporta mayor practicidad y confort; se encuentra en un edificio residencial con acceso controlado, en un sector estratégico con cercanía a vías principales, servicios, comercio y zonas de interés, convirtiéndose en una opción atractiva para vivienda permanente o inversión inmobiliaria.",[],10.3911765,-75.4723087,2026-08-03
"Apartamento en Venta en Bocagrande, Cartagena",https://www.fincaraiz.com.co/apartamento-en-venta-en-bocagrande-cartagena/193572848,193572848,https://cdn4.fincaraiz.com.co/repo/img/th.outside384x275.69c8102973ff2_infocdn__gr325392320260327025622jpg.jpg,[],$ 600.000.000,2 Habs. 2 Baños 82 m²,"Apartamento en venta en bocagrande, cartagena","Apartamento enCartagena, Bolivar",,Llamar,,,,,,,,,,,,,,"Disfruta de la comodidad de vivir en una de las zonas más estratégicas de Cartagena. Este iluminado apartamento combina una vista agradable a la bahía con la cercanía a todo lo que necesitas para tu día a día.Características del Apartamento:Sala-comedor que se integra con una vista relajante a la bahía de Cartagena.Dos alcobas acogedoras conectadas por un práctico hall y un baño.Cocina cerrada de diseño funcional.Zona de labores independiente, además de alcoba y baño de servicio para mayor comodidad.Un parqueadero cubierto privado.El Edificio:Se trata de una copropiedad netamente residencial que garantiza tranquilidad. Ofrece recepción 24/7 y parqueadero para visitantes. En el último piso, podrás disfrutar de una terraza con zona BBQ y jacuzzi, el lugar perfecto para ver los atardeceres de la Heroica con una vista panorámica.Ubicación Privilegiada:¡Todo a unos pasos! Estarás rodeado de los mejores supermercados, bancos, gimnasios y centros comerciales de la ciudad. A corta distancia de la Iglesia de Bocagrande, prestigiosos colegios, clínicas y hospitales. Además, tendrás el privilegio de caminar hacia las playas o la bahía, y estar a solo minutos del Centro Histórico.",[],10.4007962,-75.5565738,2026-08-03
Apartamento en venta en Turbaco,https://www.fincaraiz.com.co/apartamento-en-venta-en-turbaco/10616307,10616307,https://d3s5pkt10pk3ga.cloudfront.net/resizedImages/384x275/site/fincaraiz_service/media/listing/844757cc-fb5f-489d-904f-582cbd05ef29/photos/844757cc-fb5f-489d-904f-582cbd05ef29_0_True_4161480f-b835-4ca1-b49d-96c6f8580bd1.jpg,[],$ 360.000.000,3 Habs. 2 Baños 101 m²,Apartamento en venta en turbaco,"Apartamento enCartagena, Bolivar",,Llamar,,,,,,,,,,,,,,COMODIDADES O CARACTERÍSTICAS DEL INMUEBLE:HABITACIONES: 3BAÑOS: 2COCINA: 1 SEMI ABIERTAZONA DE LABORES: 1ALCOBA Y BAÑO DE SERVICIO: 1BALCONGARAJE: 1COMODIDADES O CARACTERÍSTICAS DE LA COPROPIEDAD:PORTERÍAASCENSORSALÓN SOCIALPISCINAPLANTA ELÉCTRICA: PARA ZONAS COMUNES Y PASILLOSZONA DE PARQUEOGIMNASIOTANQUE DE RESERVA,[],10.364969203582,-75.452470779419,2026-08-03
"Apartamento en Venta en Bocagrande, Cartagena",https://www.fincaraiz.com.co/apartamento-en-venta-en-bocagrande-cartagena/193769688,193769688,https://cdn4.fincaraiz.com.co/repo/img/th.outside384x275.6a5576298f648_infocdn__gr-en-venta-apartamento-en-infini-1779282002-955-4033jpeg.jpeg,[],$ 1.290.000.000,2 Habs. 3 Baños 100 m²,"Apartamento en venta en bocagrande, cartagena","Apartamento enCartagena, Bolivar",,Llamar,,,,,,,,,,,,,,"Apartamento de lujo en venta con espectacular vista al mar y al Centro Histórico. Cuenta con 100 m², distribuidos en 2 amplias alcobas, cada una con baño privado, además de baño auxiliar.La propiedad está 100% remodelada, con acabados modernos y elegante cocina italiana que aporta diseño y funcionalidad. Dispone de 2 parqueaderos y 1 locker.Ubicado en edificio de uso turístico, ideal para inversión y rentas cortas, gracias a su excelente ubicación y alta proyección de valorización. Perfecto también para disfrutar de un estilo de vida exclusivo frente al mar.✨ Características:Área: 100 m²2 alcobas con baño privadoBaño auxiliarCocina italiana2 parqueaderos1 lockerVista panorámica al mar y Centro Histórico100% remodeladoEdificio con uso turísticoSin hipoteca? Administración: $591.000? Valor de venta: $1.295.000.000Contáctanos  para más info : ***",[],10.400703364375,-75.555496932405,2026-08-03
"Apartamento en Venta en Cielo mar, Cartagena",https://www.fincaraiz.com.co/apartamento-en-venta-en-cielo-mar-cartagena/193874640,193874640,https://cdn4.fincaraiz.com.co/repo/img/th.outside384x275.6a63efb5e24ce_infocdn__gr-venta-apartamento-en-edificio-1781369734-8327-66jpeg.jpeg,[],$ 670.000.000,1 Hab 2 Baños 72 m²,"Apartamento en venta en cielo mar, cartagena","Apartamento enCartagena, Bolivar",,Llamar,,,,,,,,,,,,,,"Oscar Cruz Realtor - Venta de Apartamento en Edificio Martinique – Cielomar, CartagenaÁrea: 72 m² | Alcobas: 1 | AmobladoDescripciónExclusivo apartamento ubicado en el Edificio Martinique, en el sector de Cielomar, una de las zonas de mayor valorización y desarrollo de Cartagena. Con un área de 72 m², esta propiedad ofrece espacios modernos, funcionales y completamente amoblados, ideales tanto para disfrutar como para inversión en renta vacacional.Cuenta con una amplia sala-comedor integrada a una moderna cocina abierta integral con barra estilo americano, creando un ambiente amplio y acogedor. La terraza privada ofrece una agradable vista lateral hacia la Ciénaga de la Virgen y vista lateral izquierda al mar, permitiendo disfrutar de la brisa y los atardeceres característicos de la ciudad.La habitación principal dispone de walk-in closet y baño privado, complementada por un baño social para visitantes. Además, el inmueble incluye zona de labores, un parqueadero privado y un depósito.El apartamento se vende completamente amoblado y el edificio permite rentas cortas, convirtiéndolo en una excelente alternativa para generar ingresos mediante plataformas de hospedaje turístico.Amenidades del EdificioPiscina para adultos y niños.Jacuzzi.Gimnasio completamente dotado.Sauna y turco.Salón social.Zona BBQ.Terraza con áreas de descanso.Lobby tipo hotel.Vigilancia y seguridad 24 horas.Parqueaderos para visitantes.Acceso control",[],10.457224861573,-75.506583300448,2026-08-03
"Apartamento en Venta en La Boquilla, Cartagena",https://www.fincaraiz.com.co/apartamento-en-venta-en-la-boquilla-cartagena/193905171,193905171,https://cdn4.fincaraiz.com.co/repo/img/th.outside384x275.6a3a9327856d6_infocdn__gr-venta-apartamento-en-edificio-1782149594-2701-3936jpeg.jpeg,[],$ 890.000.000,1 Hab 2 Baños 68 m²,"Apartamento en venta en la boquilla, cartagena","Apartamento enCartagena, Bolivar",,Llamar,,,,,,,,,,,,,,"Oscar Cruz Realtor - APARTAMENTO EN VENTA EN MORROS EPIC – LA BOQUILLA, CARTAGENA - Área: 68 M2 - 1 Acloba.Exclusivo apartamento ubicado en Morros Epic, uno de los desarrollos residenciales y turísticos más destacados de la zona norte de Cartagena. Una excelente oportunidad para quienes buscan una propiedad frente al mar con alto potencial de valorización y rentabilidad.Características del apartamentoÁrea construida: 68 m²1 amplia alcobaBaño privadoWalking closetSala comedorCocina abierta integralBaño social completoZona de laboresTerraza con vista lateral al mar1 parqueaderoSe entrega completamente amobladoApto para rentas cortas y alquiler vacacionalUn valor diferencial difícil de encontrarLas unidades de una alcoba con vista al mar son escasas dentro de Morros Epic, lo que convierte esta propiedad en una alternativa especialmente atractiva tanto para uso personal como para inversión.Amenidades de Morros EpicAcceso directo a la playaPiscinas para adultos y niñosJacuzziGimnasio completamente dotadoSpa y zonas húmedasSalón socialLobby tipo hotelVigilancia y recepción 24 horasAscensores de alta velocidadAmplias zonas de descanso y áreas comunesVentajas de la ubicaciónLa Boquilla es uno de los sectores con mayor crecimiento y valorización de Cartagena gracias a su entorno natural, sus extensas playas y su cercanía a los principales puntos de interés de la ciudad.Frente al mar CaribeA po",[],10.465182849612,-75.501412316565,2026-08-03
"Apartamento en Venta en Manga, Cartagena",https://www.fincaraiz.com.co/apartamento-en-venta-en-manga-cartagena/193415586,193415586,https://cdn4.fincaraiz.com.co/repo/img/th.outside384x275.699794c95d894_infocdn__apto-manga-17jpeg.jpeg,[],$ 470.000.000,4 Habs. 3 Baños 118 m²,"Apartamento en venta en manga, cartagena","Apartamento enCartagena, Bolivar",,Llamar,,,,,,,,,,,,,,"¡Exclusividad y amplitud en el corazón de Manga! Venta de espectacular apartamento de 118 m² en el emblemático Edificio Barbacoa. Disfruta de la total privacidad de vivir en un edificio de solo 4 niveles, con un apartamento por piso. Esta propiedad destaca por su excelente distribución: sala-comedor luminosa, balcón con brisa caribeña, cocina integral y zona de labores independiente. Cuenta con 4 habitaciones (incluyendo alcoba de servicio), 3 baños y 3 clósets.Ubicado en un cuarto piso, incluye parqueadero privado. Su ubicación es privilegiada: en un entorno residencial y comercial seguro, a pasos de centros comerciales y a solo minutos del Centro Histórico. Una inversión inteligente para quienes buscan espacio y comodidad en la zona más tradicional de Cartagena.",[],10.4102888,-75.532916,2026-08-03
"Apartamento en Venta en Manzanillo, Cartagena",https://www.fincaraiz.com.co/apartamento-en-venta-en-manzanillo-cartagena/192958580,192958580,https://cdn4.fincaraiz.com.co/repo/img/th.outside384x275.6962e48eb05eb_infocdn__boxjmudgfmii7xlafodobqn2rydyzhsqquql86bljpg.jpg,[],$ 1.450.000.000,2 Habs. 2 Baños 113 m²,"Apartamento en venta en manzanillo, cartagena","Apartamento enCartagena, Bolivar",,Llamar,,,,,,,,,,,,,,"Trasformas tus momentos en Cartagena en este encantador apartamento de 2 habitaciones en piso alto en los morros de manzanillo, conoce de sus increíbles zonas comunes y conecta con la tranquilidad de las playa privada que tienen los morros manzanillo por la concesión otorgada de la Dimar.",[],10.5185832,-75.4960687,2026-08-03
"Apartamento en Venta en El laguito, Cartagena",https://www.fincaraiz.com.co/apartamento-en-venta-en-el-laguito-cartagena/193161699,193161699,https://cdn4.fincaraiz.com.co/repo/img/th.outside384x275.6a598380089a9_infocdn__5kunipwkj2jeytfdrago3tvu8hj2mnx4eoyqzhuipng.png,[],$ 490.000.000,1 Hab 2 Baños 53 m²,"Apartamento en venta en el laguito, cartagena","Apartamento enCartagena, Bolivar",,Llamar,,,,,,,,,,,,,,"Apartamento espectacular en El Laguito, uno de los sectores más emblemáticos y turísticos de Cartagena. Con 53 m², este apartamento ofrece un espacio cómodo y funcional ideal para vivir o rentar gracias a la alta demanda de la zona. En el área social, la sala comedor se conecta a una terraza con cama sencilla y sofá, además de una barra amplia para cuatro puestos. La cocina cuenta con estufa de inducción y campana extractora, y la zona de lavandería independiente con puerta aporta practicidad.En el área privada, una habitación con cama doble y cama sencilla, además de baño privado. El apartamento también tiene baño social completo para mayor comodidad. Se vende amoblado, incluyendo dos televisores y nevera. El edificio ofrece piscina de adultos, piscina de niños, cafetería y zona social. No incluye parqueadero. Ubicado en El Laguito, zona emblemática y turística, este apartamento es una oportunidad ideal de inversión y renta. Agenda tu visita.",[],10.3941289,-75.5608478,2026-08-03
"Apartamento en Venta en La Boquilla, Cartagena",https://www.fincaraiz.com.co/apartamento-en-venta-en-la-boquilla-cartagena/193442271,193442271,https://cdn4.fincaraiz.com.co/repo/img/th.outside384x275.69a0ba2d8fa7e_infocdn__wxsveyuc0rggmklayjv1fpuq20nsx66qbyethfvcjpg.jpg,[],$ 535.000.000,2 Habs. 1 Baño 67.49 m²,"Apartamento en venta en la boquilla, cartagena","Apartamento enCartagena, Bolivar",,Llamar,,,,,,,,,,,,,,"Disfruta de este apartamento con linda vista al mar con acceso frente al mar y cercanía a los mejores restaurantes, hoteles y sitios de interés. El edificio cuenta con excelentes áreas comunes diseñadas para el descanso y la comodidad: piscina, zonas sociales y espacios ideales para disfrutar en familia.Una oportunidad perfecta para vivir frente al mar o invertir.",[],10.4572315,-75.5089693,2026-08-03
"Apartamento en Venta en Cartagena de indias, Cartagena",https://www.fincaraiz.com.co/apartamento-en-venta-en-cartagena-de-indias-cartagena/193880342,193880342,https://cdn4.fincaraiz.com.co/repo/img/th.outside384x275.6a3a8cd037f6b_infocdn__gr-apto-en-bocagrande-1769205287-4341-2188jpeg.jpeg,[],$ 1.450.000.000,3 Habs. 3 Baños 129 m²,"Apartamento en venta en cartagena de indias, cartagena","Apartamento enCartagena, Bolivar",,Llamar,,,,,,,,,,,,,,"Vivalo o rentelo, apto de uso mixto con reglamentación  para Airbnb totalmente amoblado y disfrute de una encantadora vista a la bahia, al mar y a bocagrande, en este cómodo apto con cocina integral  abierta, baño social, sala comedor, sala de Star o estudio, tres grandes habitaciones  dos baños completos, dos amplios balcones, y adicionalmente  cuenta con parqueadero  depósitos, parqueadero  de visitantes, y en su zona social, piscinas, gym, salón social, coworking, loby,  4 ascensores, con una ubicación  privilegiada  por su cercanía  a 5 minutos del centro histórico. Llamanos  para agendar tu cita",[],10.402285070847,-75.553579330444,2026-08-03
"Casa en venta en Cartagena de indias, Cartagena",https://www.fincaraiz.com.co/casa-en-venta-en-cartagena-de-indias-cartagena/10989683,10989683,https://cdn4.fincaraiz.com.co/repo/img/th.outside384x275.6a3bfedc586a3_infocdn__gr1202152920230417042307jpeg.jpeg,[],$ 3.500.000.000,4 Habs. 6 Baños 340 m²,"Casa en venta en cartagena de indias, cartagena","Casa enCartagena, Bolivar",,Llamar,,,,,,,,,,,,,,"? ¡SE VENDE CASA EN BARCELONA DE INDIAS – SECTOR SARRIA! ?✨Ubicada en un espectacular conjunto de amplios lotes y casas de estilo contemporáneo, integradas armoniosamente con la naturaleza ?, rodeadas de caminos peatonales, lagos y parques.Un proyecto ubicado en la zona norte de Cartagena, el área de mayor desarrollo y valorización de la ciudad ?.? A solo 20 minutos del Centro Histórico, 8 minutos del Hotel Las Américas y cerca de prestigiosos colegios como Jorge Washington, Británico y Altair.? Características de la propiedad:✨ Área construida: 340 m²? Área de lote: 600 m²? 4 habitaciones? 6 baños? Estudio? Amplia sala – comedor? Cocina abierta tipo americano? Zona de labores + cuarto y baño del servicio?‍♂️ Piscina privada y jacuzzi? Jardín interior y exterior? Balcón con vista? 4 parqueaderos? Sala de estar para disfrutar en familia? Vive rodeado de naturaleza, confort y exclusividad.? Contáctame para agendar tu visita y enamorarte de esta propiedad.",[],10.521104615634,-75.473799705505,2026-08-03
"Apartamento en Venta en Marbella, Cartagena",https://www.fincaraiz.com.co/apartamento-en-venta-en-marbella-cartagena/192647578,192647578,https://cdn4.fincaraiz.com.co/repo/img/th.outside384x275.687808a182376_infocdn__llcv1hxtri8v7mnczvwvnciwiapzcwu1rjwez12wjpg.jpg,[],$ 790.000.000,3 Habs. 5 Baños 135 m²,"Apartamento en venta en marbella, cartagena","Apartamento enCartagena, Bolivar",,Llamar,,,,,,,,,,,,,,"EXCLUSIVO APARTAMENTO DUPLEX EN VENTA - MARBELLAEl Edificio es un moderno proyecto inmobiliario ubicado en el barrio El Cabrero, sector Marbella, en Cartagena de Indias. Este edificio de uso mixto (residencial y turístico) ofrece apartamentos con vistas al mar y acceso a una amplia gama de comodidadesAltura: 27 pisosZonas comunes:Piscinas para niños y adultosGimnasioBaño turco y saunaSolárium y jacuzziSalón comunal y cineTerraza mirador con vista panorámicaParque infantilRestaurante y zona BBQHelipuertoLobby de doble alturaPlanta eléctrica de cobertura totalSistema de vigilancia 24/7 y circuito cerrado de TVAcceso pavimentado y parqueaderos cubiertos",[],10.4357484,-75.536103,2026-08-03
Casa en Venta en Cartagena,https://www.fincaraiz.com.co/casa-en-venta-en-cartagena/193520510,193520510,https://cdn4.fincaraiz.com.co/repo/img/th.outside384x275.69cab5b4850f5_infocdn__mhjampc9mglv2ca3kyyi37m0xjclhw4npz3dguv1jpg.jpg,[],$ 4.444.000.000,3 Habs. 4 Baños 345 m²,Casa en venta en cartagena,"Casa enCartagena, Bolivar",,Llamar,,,,,,,,,,,,,,"Exclusivo apartamento en conjunto residencial privado mas exclusivo de la zona amurallada, ubicado en el centro histórico de Cartagena con esta impresionante propiedad de 194 m² que incluye una espectacular terraza de 150 m² con piscina privada. Este oasis urbano cuenta con 3 amplias habitaciones y 4 baños, ofreciendo el máximo confort y privacidad.Esta residencia se encuentra junto al mejor hotel de Colombia, en un área privilegiada y reconstruida. El condominio ofrece una gama inigualable de amenidades de lujo: piscina panorámica, turco, jacuzzi, sauna, gimnasio de última generación, zona de juegos para niños, salón de eventos y área de BBQ.Este lujoso apartamento, adyacente a la histórica residencia del célebre Gabriel García Márquez, representa una oportunidad única para vivir en un entorno de prestigio y cultura valorada en 1.3M USD (4.800 millones COP negociables), esta propiedad es una inversión excepcional en uno de los destinos más codiciados del mundo.",[],10.428313,-75.549365,2026-08-03
"Apartamento en Venta en Manzanillo, Cartagena",https://www.fincaraiz.com.co/apartamento-en-venta-en-manzanillo-cartagena/194063074,194063074,https://cdn4.fincaraiz.com.co/repo/img/th.outside384x275.6a6e5c584d2d1_infocdn__lpaarxmhe0zlawjiffanqivthppldde5qvdmh1l2jpg.jpg,[],$ 480.000.000,3 Habs. 2 Baños 72 m²,"Apartamento en venta en manzanillo, cartagena","Apartamento enCartagena, Bolivar",,Llamar,,,,,,,,,,,,,,"Apartamento en venta en Capriella – Serena del Mar, CartagenaVive o invierte en uno de los sectores con mayor proyección de valorización de Cartagena. Este moderno apartamento de 3 habitaciones en Capriella, Serena del Mar, ofrece espacios funcionales, excelente iluminación natural y una distribución ideal para disfrutar en familia o como inversión para renta vacacional (según la normativa vigente).El conjunto cuenta con completas zonas comunes: piscinas para adultos y niños, salón social, gimnasio, coworking, zona BBQ, juegos infantiles, senderos peatonales, amplias zonas verdes y vigilancia permanente. Además, se encuentra a solo 5 minutos de la playa de Serena del Mar, cerca de Manzanillo, con fácil acceso al aeropuerto y a la zona norte de Cartagena. Un lugar donde la tranquilidad, la naturaleza y la valorización se unen para ofrecer una excelente oportunidad de inversión.",[],10.5166182,-75.4915687,2026-08-03
"Apartamento en Venta en Bahia Kristal, Cartagena",https://www.fincaraiz.com.co/apartamento-en-venta-en-bahia-kristal-cartagena/192734656,192734656,https://cdn4.fincaraiz.com.co/repo/img/th.outside384x275.6897c21d7057a_infocdn__tzkmp2d2vcjkx307j8ew09ehydbtp2cnlfgiozm3jpg.jpg,[],$ 850.000.000,2 Habs. 2 Baños 80 m²,"Apartamento en venta en bahia kristal, cartagena","Apartamento enCartagena, Bolivar",,Llamar,,,,,,,,,,,,,,"Descubra la vida de lujo en este impresionante apartamento en venta, ubicado en el exclusivo BAIA KRISTAL, CUBO, en la Provincia de Cartagena, Bolívar, Colombia. Con 80 m² construidos, 2 baños y 1 garaje, esta propiedad de 1 a 8 años de antigüedad combina arquitectura moderna y exuberancia tropical para ofrecer una experiencia de vida tipo resort. Su diseño optimiza la luminosidad y el confort, garantizando un ambiente sereno y sofisticado.  El interior de este hogar se caracteriza por sus amplias y luminosas salas de estar, que se integran fluidamente con cocinas tipo americano, ideales para el entretenimiento y el uso diario. Los grandes ventanales no solo enmarcan las vistas, sino que también permiten una excepcional ventilación natural y el ingreso de luz, complementado con aire acondicionado para su confort. Disfruta del primer Kristal Lagoon  de Colombia, un verdadero oasis con vistas panorámicas a la puesta del sol y rodeada de exuberante vegetación. Adicionalmente, cuenta con un balcón y un jardín/patio que amplían los espacios de esparcimiento al aire libre. La fachada, adornada con palmeras, se ilumina cálidamente al atardecer, creando un escenario idílico. Además, la laguna artificial de BAIA KRISTAL realza la sensación de estar en un resort privado. Todo esto por $850.000.000.",[],10.5343025,-75.4595418,2026-08-03
"Lote en venta en Historica y del caribe norte, Cartagena",https://www.fincaraiz.com.co/lote-en-venta-en-historica-y-del-caribe-norte-cartagena/10332489,10332489,https://d3s5pkt10pk3ga.cloudfront.net/resizedImages/384x275/site/fincaraiz_service/media/listing/b455952e-70b4-44c7-be0c-bdd47fe5852d/photos/b455952e-70b4-44c7-be0c-bdd47fe5852d_0_True_3ecdd46d-cdf5-4aea-834b-97841101f831.jpg,[],$ 2.000.000.000,10000 m²,"Lote en venta en historica y del caribe norte, cartagena","Lote enCartagena, Bolivar",,Llamar,,,,,,,,,,,,,,"El lote de una hectárea está ubicado en Tierra Bomba, cerca a los límites entre Tierra Bomba y Punta Arena en el sector conocido como el Cañito colinda con las playas del Mar Caribe, ideal para construir una casa de playa.",[],10.3606975990952,-75.5394215488695,2026-08-03
"Apartamento en  Venta en Castillogrande, Cartagena",https://www.fincaraiz.com.co/apartamento-en-venta-en-castillogrande-cartagena/191759316,191759316,https://cdn4.fincaraiz.com.co/repo/img/th.outside384x275.6a0743517fcb6_infocdn__gr-venta-de-apartasuite-turistica-1750432981-7172-6465jpeg.jpeg,[],$ 490.000.000,1 Hab 1 Baño 43 m²,"Apartamento en  venta en castillogrande, cartagena","Apartamento enCartagena, Bolivar",,Llamar,,,,,,,,,,,,,,"Venta de Apartasuite con Vista al Mar – Edificio Cartagena Beach, CrespoUbicación: Cartagena, Sector CrespoÁrea: 43 m²Venta a puerta cerrada – Uso exclusivo turísticoOportunidad única para adquirir una apartasuite completamente equipada en el exclusivo edificio Cartagena Beach, en el tradicional barrio Crespo. Con una espectacular vista al mar y ubicación estratégica cerca del aeropuerto y del centro histórico, es ideal para inversión en renta turística de alta demanda.Distribución Interior•	Baño social o auxiliar•	Espacio disponible para dormitorio•	Espacio disponible para cocina•	Zona de labores•	Balcón con vista directa al marAmenidades del Edificio•	Piscina para adultos•	Piscina para niños•	Solárium•	Restaurantes•	Lobby moderno•	Lavandería•	Salón de reuniones•	Gimnasi•	Spa•	Ascensores•	Parqueaderos comunales•	Vigilancia 24 horas•	Operador turísticoEstilo de Vida Cartagena BeachRespira la brisa del mar, contempla atardeceres inolvidables desde tu balcón, siente la arena bajo tus pies y disfruta de caminatas nocturnas en el ambiente cálido y vibrante del Caribe.Cartagena Beach te ofrece una experiencia única de turismo con confort, seguridad y alta valorización.",[],10.449753460709,-75.517737928826,2026-08-03
"Apartamento en Venta en Bocagrande, Cartagena",https://www.fincaraiz.com.co/apartamento-en-venta-en-bocagrande-cartagena/193037819,193037819,https://cdn4.fincaraiz.com.co/repo/img/th.outside384x275.690135aca2708_infocdn__yb5y0ype56yyiyh4cyt3siuul9nncjsxqsi1o9kgjpg.jpg,[],$ 1.550.000.000,3 Habs. 3 Baños 129 m²,"Apartamento en venta en bocagrande, cartagena","Apartamento enCartagena, Bolivar",,Llamar,,,,,,,,,,,,,,"Apto en venta con Excelente vista3 Habitaciones2 Baños completos1 Baño socialSe vende completamente amobladoEdificio con Piscina, Jacuzzi, SaunaSe puede rentar por días y es residencial también.",[],10.4023509,-75.5538958,2026-08-03
"Apartamento en venta en Castillogrande, Cartagena",https://www.fincaraiz.com.co/apartamento-en-venta-en-castillogrande-cartagena/10204243,10204243,https://d3s5pkt10pk3ga.cloudfront.net/resizedImages/384x275/site/fincaraiz_service/media/listing/c12233ca-e240-4a51-9fb6-b5c9cafa91fe/photos/c12233ca-e240-4a51-9fb6-b5c9cafa91fe_1_True_e5df9623-de45-47f7-8499-b06b85feb6af.jpg,[],$ 783.000.000,3 Habs. 3 Baños 92 m²,"Apartamento en venta en castillogrande, cartagena","Apartamento enCartagena, Bolivar",,Llamar,,,,,,,,,,,,,,"Hermoso apartamento totalmente amoblado.Área 92.2 M2 Aprox., Incluido Balcón,- 3 alcobas (2 con baño interno)-Un baño Social- Salón Comedor-Cocina-Zona de Labores-Terraza con balcón",[],10.3954262,-75.5545526,2026-08-03
"Apartamento en Venta en Manga, Cartagena",https://www.fincaraiz.com.co/apartamento-en-venta-en-manga-cartagena/193580628,193580628,https://cdn4.fincaraiz.com.co/repo/img/th.outside384x275.69cae5fa1e100_infocdn__gr-apartamento-moderno-edf-astorg-1774738292-9781-7249jpeg.jpeg,[],$ 950.000.000,3 Habs. 3 Baños 125 m²,"Apartamento en venta en manga, cartagena","Apartamento enCartagena, Bolivar",,Llamar,,,,,,,,,,,,,,"Apartamento moderno de 125 m² en Astorga – MangaDescubre este amplio y moderno apartamento ubicado en el exclusivo Edificio Astorga, en el tradicional barrio de Manga. Con 125 m² perfectamente distribuidos, este espacio combina comodidad, funcionalidad y una excelente ubicación.Este apartamento cuenta con:3 habitaciones2 bañosCuarto y baño de servicioBalcón en L con vista panorámica, perfecto para disfrutar de atardeceres y momentos de tranquilidad.El apartamento se entrega con aires acondicionados, cortinas y muebles de TV, listo para habitar sin preocupaciones.? Manga es uno de los barrios más valorizados de Cartagena, reconocido por su ambiente residencial tranquilo, su cercanía al Centro Histórico y su fácil acceso a vías principales, supermercados, colegios y zonas comerciales. Un sector que combina tradición, valorización y calidad de vida.? Ideal para quienes buscan un hogar amplio, moderno y bien ubicado en la ciudad.",[],10.412923472344,-75.53417265823,2026-08-03
"Casa en Venta en Urbanizacion los corales, Cartagena",https://www.fincaraiz.com.co/casa-en-venta-en-urbanizacion-los-corales-cartagena/193829915,193829915,https://cdn4.fincaraiz.com.co/repo/img/th.outside384x275.6a2c738dc1c8a_infocdn__public.jpeg,[],$ 500.000.000,4 Habs. 4 Baños 110 m²,"Casa en venta en urbanizacion los corales, cartagena","Casa enCartagena, Bolivar",,Llamar,,,,,,,,,,,,,,"Casa de dos pisos independiente con buena distribución de espacios, ubicada en un excelente barrio residencial de la ciudad, con buena distribución de espacios, buena iluminación y ventilación, cocina y baños enchapados, cuenta con rejas de seguridad, vías de acceso en buen estado, facilidad de transporte público,  cerca a colegios y supermercados, centros comerciales, juegos infantiles, canchas deportivas.El primer piso cuenta con: 2 alcobas,2 baños, sala comedor, cocina integral, área de labores, estudio, patio y terraza.Segundo piso cuenta con: 2 alcobas, 2baños, sala comedor, cocina semi integral, área de labores y estudio.C-62918",[],10.3878367,-75.5007361,2026-08-03
"Apartamento en Venta en Serena del Mar, Cartagena",https://www.fincaraiz.com.co/apartamento-en-venta-en-serena-del-mar-cartagena/193995619,193995619,https://cdn4.fincaraiz.com.co/repo/img/th.outside384x275.6a58213161a78_infocdn__5rmz6vh68fp50k5wbxxxxuqk5vu7tlp4uiikvle0jpg.jpg,[],$ 360.000.000,1 Hab 1 Baño 41 m²,"Apartamento en venta en serena del mar, cartagena","Apartamento enCartagena, Bolivar",,Llamar,,,,,,,,,,,,,,"Apartaestudio para estrenar en Torrechiara, Serena del Mar – A una cuadra del HospitalApartaestudio de 41 m² completamente nuevo, nunca habitado, ubicado en el conjunto Torrechiara, uno de los más estratégicos de Serena del Mar, la ciudad planificada al norte de Cartagena de Indias. A solo una cuadra del Hospital Serena del Mar, este inmueble es una excelente opción para vivienda propia, inversión en renta o turismo médico.Mejoras premium incluidas (por encima del estándar de entrega):Cocina ampliada con mueble adicional en madera y barra en granito, que multiplica el almacenamiento y el espacio de trabajo.Salpicadero enchapado en símil mármol de gran formato, que le da un acabado sofisticado a la cocina.Baño renovado con sanitario de autor y lavamanos en cristal sobre mesón de granito.Aire acondicionado ya instalado, equipo que la constructora no entrega de fábrica.Características del apartamento:41 m² de área construidaApartaestudio para estrenar1 bañoParqueadero cubierto y privadoBalcón privado con ventanales de piso a techoVista interior con excelente orientación (fresco y luminoso todo el día)Zona de ropas independiente con lavaderoClósets empotrados en maderaEl conjunto Torrechiara ofrece:Lobby de recepción de doble alturaSalas sociales y zonas comunesSenderos y zonas verdesPiscinaCancha múltiplePortería con control de acceso y vigilanciaParqueadero cubiertoSerena del Mar: una ciudad planificada frente al mar, con hospital de alta complejidad, colegios y campus universitarios de primer nivel, manglares y reservas naturales protegidas, y acceso a playas y litoral caribe. Un desarrollo urbano pensado a largo plazo, donde la valorización nace de la planeación.Precio de venta: $360.000.000 COPIdeal para quienes buscan un hogar para estrenar, una inversión con proyección o una propiedad para renta a pacientes y familiares por su cercanía al hospital.? Agende su visita presencial o virtual escribiendo al ***o al correo[email protected]Comercializa: Avanzar Boutique Inmobiliaria. Inmueble para la venta, información de carácter ilustrativo.",[],10.5047775,-75.4674452,2026-08-03
"Apartamento en Venta en Bocagrande, Cartagena",https://www.fincaraiz.com.co/apartamento-en-venta-en-bocagrande-cartagena/193667504,193667504,https://cdn4.fincaraiz.com.co/repo/img/th.outside384x275.6a1da0ceaeff4_infocdn__gr-venta-apartamento-en-bocagrand-1776958196-5509-1730jpeg.jpeg,[],$ 1.400.000.000,3 Habs. 3 Baños 147 m²,"Apartamento en venta en bocagrande, cartagena","Apartamento enCartagena, Bolivar",,Llamar,,,,,,,,,,,,,,"Oscar Cruz Realtor - Apartamento en venta en Bocagrande con amplia terraza y 3 alcobas CartagenaUbicado en una de las zonas más exclusivas de Cartagena, este apartamento de 147 m² ofrece espacios amplios, funcionales y cómodos, ideal tanto para vivienda como para inversión.Cuenta con 3 alcobas (originalmente 2 alcobas más estudio, adaptado como tercera habitación), lo que brinda mayor versatilidad. Dispone de 3 baños: baño privado en la alcoba principal, baño auxiliar completo y baño social (medio baño). La zona social se compone de una amplia sala-comedor integrada a una cocina abierta integral, generando un ambiente moderno y acogedor.Se destaca su terraza amplia, con acceso directo desde la alcoba principal, perfecta para disfrutar del clima y la vista. El apartamento también incluye zona de labores, cuarto y baño de servicio, pisos en mármol, 1 parqueadero y depósito.Amenidades del edificio:PiscinaGimnasioSalón socialVigilancia 24/7LobbyAscensoresParqueadero de visitantesUna excelente oportunidad en una ubicación privilegiada, cerca de la playa, comercio y zonas turísticas.",[],10.401415253836,-75.554901991795,2026-08-03
"Casa en Venta en Los calamares, Cartagena",https://www.fincaraiz.com.co/casa-en-venta-en-los-calamares-cartagena/193966473,193966473,https://cdn4.fincaraiz.com.co/repo/img/th.outside384x275.6a4e5d58d3f4f_infocdn__whatsapp-image-2026-07-07-at-9-49-42-amjpg.jpg,[],$ 320.000.000,3 Habs. 1 Baño 66 m²,"Casa en venta en los calamares, cartagena","Casa enCartagena, Bolivar",,Llamar,,,,,,,,,,,,,,"? EN VENTA | Casa con potencial residencial y comercialUna excelente oportunidad para vivir, invertir o desarrollar tu negocio en un mismo lugar. Esta casa cuenta con 66 m² muy bien distribuidos, ofreciendo espacios funcionales y versátiles para adaptarse a diferentes necesidades.✨ Características principales:?️ 3 habitaciones? 1 baño?️ Sala-comedor?️ Cocina? Área: 66 m²? Uso y destinación comercialSu mayor atractivo es que el inmueble permite el desarrollo de actividades comerciales, de acuerdo con la normativa aplicable, convirtiéndolo en una opción ideal para quienes buscan una propiedad con proyección, funcionalidad y gran potencial de inversión.",[],10.3916248,-75.5011317,2026-08-03
"Apartamento en Venta en El socorro, Cartagena",https://www.fincaraiz.com.co/apartamento-en-venta-en-el-socorro-cartagena/194021423,194021423,https://cdn4.fincaraiz.com.co/repo/img/th.outside384x275.6a6139e0ae7c2_infocdn__screenshot-30jpg.jpg,[],$ 225.000.000,2 Habs. 3 Baños 67 m²,"Apartamento en venta en el socorro, cartagena","Apartamento enCartagena, Bolivar",,Llamar,,,,,,,,,,,,,,"Acogedor apartamento dúplex de 67 m², una excelente opción para quienes buscan comodidad, funcionalidad y una distribución inteligente. Cuenta con 2 amplias habitaciones, 2 baños y medio, sala-comedor con excelente iluminación natural, cocina funcional, zona de labores y parqueadero privado. Un inmueble ideal para vivir con tranquilidad o realizar una inversión segura, ubicado en un entorno que ofrece comodidad y calidad de vida",[],10.3874798,-75.4788322,2026-08-03
"Casa en Venta en El recreo, Cartagena",https://www.fincaraiz.com.co/casa-en-venta-en-el-recreo-cartagena/194026058,194026058,https://cdn4.fincaraiz.com.co/repo/img/th.outside384x275.6a627d0397635_infocdn__whatsapp-image-2026-07-21-at-11008-pmjpeg.jpeg,[],$ 600.000.000,4 Habs. 2 Baños 128 m²,"Casa en venta en el recreo, cartagena","Casa enCartagena, Bolivar",,Llamar,,,,,,,,,,,,,,"Excelente oportunidad de inversión. Casa de dos pisos conformada por dos apartamentos independientes, ideal para generar ingresos por arrendamiento o para vivir y rentar. Cada apartamento cuenta con 2 habitaciones, 1 baño, sala-comedor, cocina integral y zona de labores. El apartamento del segundo piso dispone de balcón, mientras que el del primer piso ofrece una amplia terraza utilizada como parqueadero. Una propiedad funcional, bien distribuida y con gran potencial de rentabilidad.",[],10.3887906,-75.4720596,2026-08-03
"Casa en Venta en Los calamares, Cartagena",https://www.fincaraiz.com.co/casa-en-venta-en-los-calamares-cartagena/193277119,193277119,https://cdn4.fincaraiz.com.co/repo/img/th.outside384x275.69690f07d764d_infocdn__diseno-sin-titulopng.png,[],$ 330.000.000,3 Habs. 1 Baño 66 m²,"Casa en venta en los calamares, cartagena","Casa enCartagena, Bolivar",,Llamar,,,,,,,,,,,,,,"Casa en Venta de 3 Habitaciones, 1 Baño, Sala - Comedor, Cocina, en un excelente barrio con destinacion mixta vivienda/comercial .",[],10.3916248,-75.5011317,2026-08-03
"Apartamento en Venta en La carolina, Cartagena",https://www.fincaraiz.com.co/apartamento-en-venta-en-la-carolina-cartagena/193825535,193825535,https://cdn4.fincaraiz.com.co/repo/img/th.outside384x275.6a1dd96472c92_infocdn__property-17768-1-1774476240-imagenjpg.jpg,[],$ 530.000.000,3 Habs. 2 Baños 128 m²,"Apartamento en venta en la carolina, cartagena","Apartamento enCartagena, Bolivar",,Llamar,,,,,,,,,,,,,,APARTAMENTO EN VENTA SECTOR BOCAGRANDEINFORMACIÓN GENERAL DEL APARTAMENTOÁrea: 128 m²Sala amplia de 30 m² con mirador hacia la Avenida Tercera3 alcobas principalesAlcoba principal con:Baño privadoDos clósetsBaño auxiliar remodelado (para alcobas y visitas)CocinaZona de ropasAlcoba de servicio con bañoParqueadero esrituradoEN EL CONJUNTO:Ascensor remodelado de última generaciónLobbyPiscina con duchasSalón social con baño remodeladoTanque de agua elevadoParqueaderos en primer pisoPortería con personal de confianzaPersonal adicional de serviciosAmbiente residencial,[],10.3967385,-75.4625192,2026-08-03
"Apartamento en Venta en La Boquilla, Cartagena",https://www.fincaraiz.com.co/apartamento-en-venta-en-la-boquilla-cartagena/193474336,193474336,https://cdn4.fincaraiz.com.co/repo/img/th.outside384x275.69efd3e01515a_infocdn__2cxsnmglyh59vgdabxoyy3qfzjppapkuisptclfcjpg.jpg,[],$ 770.000.000,1 Hab 2 Baños 70 m²,"Apartamento en venta en la boquilla, cartagena","Apartamento enCartagena, Bolivar",,Llamar,,,,,,,,,,,,,,"✨ Apartamento con encantadora vista al mar y a la Ciénaga.Descubre este hermoso apartamento con una encantadora vista al mar y a la ciénaga, ubicado en un edificio con amplias zonas comunes tipo resort y salida directa a la playa de Morros. Un espacio ideal para disfrutar, descansar y conectarte con la naturaleza.El edificio permite vivirlo o generar ingresos a través de rentas cortas, convirtiéndolo en una excelente oportunidad de inversión.? Contáctanos para más detalles y agenda tu visita.",[],10.4674791,-75.4992698,2026-08-03
"Apartamento en Venta en Manga, Cartagena",https://www.fincaraiz.com.co/apartamento-en-venta-en-manga-cartagena/193427043,193427043,https://cdn4.fincaraiz.com.co/repo/img/th.outside384x275.69cada327c71c_infocdn__gr-venta-apartamento-2-alcobas-du-1771861412-9218-3256jpeg.jpeg,[],$ 590.000.000,2 Habs. 3 Baños 90 m²,"Apartamento en venta en manga, cartagena","Apartamento enCartagena, Bolivar",,Llamar,,,,,,,,,,,,,,"ESTADO DEL INMUEBLE: Excelente | ¿LO QUIERES? Vendemos apartamento DUPLEX de 2 habitaciones en el Edificio Crux en el Barrio de Manga en Cartagena de indias | Area total: 90 mts2 | VISTA A LA BAHIA DE MANGA.DISTRIBUCCION: Area de 90 mts2 - (Vista hacia la Bahia de Manga) distribuidos de la siguiente manera: Primer nivel: Sala, comedor, cocina integral tipo americano, zona de labores, balcon. Segundo nivel: Hall de acceso, habitacion principal con baño privado y vestier, una habitacion adicional con closet y baño interno, con salida de todas las habitaciones al balcon, garaje y deposito.AMENIDADES DEL EDIFICIO: El edificio Crux, hace parte de unos de los sectores de mas alta valorización con gran proyección urbanística que cuenta con excelente vías de acceso ubicado en unos de los sectores mas tradicionales de la ciudad de Cartagena en la tranquilidad del barrio Manga. Este sector, donde se erige este afamado proyecto esta rodeado del ambiente tradicional necesario para gozar de una tranquila y placentera calidad de vida.Este moderno edificio contara con 25 niveles con un total de 105 apartamentos de 1, 2 y 3 habitaciones en un área de lote de 2.332m2 , con 4 pisos de parqueaderos incluyendo semisótano y en el último piso se encuentra la zona socialLa planta tipo está conformada por 5 apartamentos y contara con la siguiente distribuccion:- En el semisótano están ubicados parqueaderos.- En su piso de acceso, tiene una entrada a doble altura, espacio",[],10.412552484224,-75.533452033997,2026-08-03
"Apartamento en venta en Las palmeras, Cartagena",https://www.fincaraiz.com.co/apartamento-en-venta-en-las-palmeras-cartagena/10616514,10616514,https://cdn4.fincaraiz.com.co/repo/img/th.outside384x275.6a3c4ec7d71f2_infocdn__gr32539120221129012653jpeg.jpeg,[],$ 175.000.000,3 Habs. 2 Baños 56 m²,"Apartamento en venta en las palmeras, cartagena","Apartamento enCartagena, Bolivar",,Llamar,,,,,,,,,,,,,,"Apartamento, ubicado en una zona de alto desarrollo en la ciudad de Cartagena, diagonal al Portal de TransCaribe y cerca al Terminal de Transportes. En el sector encontramos Colegios, jardín infantil, Universidades, Clínicas, Hospitales, Centros Comerciales, Gimnasio, Supermercados, entre otros. Y dentro del Conjunto, zonas verdes y una terraza en el último piso.Características del Apartamento.Primer piso:Sala-ComedorCocina IntegralHall de alcobasZona de ropasAlcoba principal con bañoDos alcobas auxiliaresUn baño auxiliarCaracterísticas del Edificio:Portería con dos accesos peatonalesTres ascensoresVigilancia 24 horasDos Salones socialesTerraza en el último piso con vista panorámicaParqueaderos comunalesZonas verdes",[],10.399726079152,-75.468226075172,2026-08-03
Apartamento en Venta en Cartagena,https://www.fincaraiz.com.co/apartamento-en-venta-en-cartagena/193346394,193346394,https://cdn4.fincaraiz.com.co/repo/img/th.outside384x275.697f87c999f8d_infocdn__rc0niacprjhnjexwd6fd3tjkpgaw0fqocbkbqwfkjpg.jpg,[],$ 3.950.000.000,3 Habs. 4 Baños 270 m²,Apartamento en venta en cartagena,"Apartamento enCartagena, Bolivar",,Llamar,,,,,,,,,,,,,,"Penthouse para estrenar en Piso 6 Morros Kai de 176,5 m2 construidos y 93,5 m2 de balcón/terraza, en primera línea de mar.  El balcón/terraza rodea el apartamento. Cuenta con 3 habitaciones, 2 de éstas con baño privado, tiene otro baño completo y baño social.  Todas las habitaciones tienen salida al balcón/terraza.  También encuentra sala/comedor con salida al balcón/terraza, cocina abierta, cuarto y baño del servicio, zona de lavanderia, hall de alcobas amplio para ser usado como estudio o zona de trabajo, depósito y 2 parqueaderos independientes. Zonas comunes del edificio: salida directa a la playa, 4 piscinas, gimnasio, zona infantil, salón social, recepción tipo lobby, lindas zonas verdes, parqueaderos de visitantes.",[],10.518032,-75.496125,2026-08-03
"Apartamento en Venta en Serena del Mar, Cartagena",https://www.fincaraiz.com.co/apartamento-en-venta-en-serena-del-mar-cartagena/192759659,192759659,https://cdn4.fincaraiz.com.co/repo/img/th.outside384x275.689fed7940aaa_infocdn__ky5cm5u3u8hekhqck9atxakiibgyuwcaaj58q7bjjpg.jpg,[],$ 380.000.000,2 Habs. 3 Baños 58 m²,"Apartamento en venta en serena del mar, cartagena","Apartamento enCartagena, Bolivar",,Llamar,,,,,,,,,,,,,,"? ¡Oportunidad única de inversión o vivienda! a pocos metros de la playa? ¡Oportunidad única de inversión o vivienda!Descubre este moderno apartamento estrenado en 2024, ideal para quienes valoran el confort, la seguridad y la proyección de valorización en una zona estratégica de la ciudad.✨ Características del inmueble:Área construida: 58 m²2 habitaciones2 baños completosUbicado en el tercer pisoAcabados contemporáneos de alta calidad? Amenidades del conjunto:PiscinaGimnasio completamente dotadoParque infantilEspacio de coworkingSalón comunal para eventosPerfecto para vivir con tranquilidad o como una inversión rentable. ¡Contáctanos para más información o agendar tu visita!",[],10.5056449,-75.4726837,2026-08-03
"Apartamento en Venta en El laguito, Cartagena",https://www.fincaraiz.com.co/apartamento-en-venta-en-el-laguito-cartagena/193741812,193741812,https://cdn4.fincaraiz.com.co/repo/img/th.outside384x275.6a039889083f2_infocdn__bdfbef7d-461a-4669-8fb6-1decaec042e0.jpeg,[],$ 780.000.000,3 Habs. 2 Baños 144 m²,"Apartamento en venta en el laguito, cartagena","Apartamento enCartagena, Bolivar",,Llamar,,,,,,,,,,,,,,"Apartamento remodelado en excelente condición, se vende amoblado. Cuenta con 3 alcobas, 2 baños, cocina equipada y 2 terrazas con espaciosas . Además, el edificio permite rentas cortas, lo que lo hace ideal para inversión. ***",[],10.394694661788,-75.562140999532,2026-08-03
"Apartamento en Venta en Serena del Mar, Cartagena",https://www.fincaraiz.com.co/apartamento-en-venta-en-serena-del-mar-cartagena/10733709,10733709,https://d3s5pkt10pk3ga.cloudfront.net/resizedImages/384x275/site/fincaraiz_service/media/listing/61485ca2-5012-4863-af71-f7103822596c/photos/61485ca2-5012-4863-af71-f7103822596c_7_False_1595e9c2-31ce-45cb-a749-0a5f6f344c59.jpg,[],$ 1.580.000.000,2 Habs. 2 Baños 100 m²,"Apartamento en venta en serena del mar, cartagena","Apartamento enCartagena, Bolivar",,Llamar,,,,,,,,,,,,,,"EL PRECIO INCLUYE MUEBLES! APARTAMENTO EN MORROS ZOE.Cuenta con 2 habitaciones (Walk In Closet en la habitación principal), 2 baños (baño social y baño privado en la habitación principal), cocina integral tipo americana, sala – comedor, amplio balcón, zona de ropas, deposito, parqueadero, aires acondicionados en cada cuarto y en sala – comedor, y una inmejorable vista al mar y al urbanismo del conjunto.Además, tiene con 3 piscinas al aire libre, 2 jacuzzis y turco, parque infantil, gimnasio, salón social, planta eléctrica, y 1,6 km de playa frente al conjunto, con acceso directo.Se encuentra ubicado en la zona norte de Cartagena, con una ubicación privilegiada frente al mar y acceso directo a la playa (playa murallas – la playa concesionada de serena del mar), cerca del edificio de la sede caribe de la Universidad de los Andes, y del Hospital de Serena del Mar (operado por la Fundación Santafé de Bogotá), a 15 minutos del centro histórico, y a 10 minutos del aeropuerto Rafael Núñez. En la zona norte de Cartagena se encuentran desarrollos como los hoteles Conrad, Hilton, Meliá y Estelar; servicios como Supermercado Carulla, D1, Isimo, farmacias, veterinarias, restaurantes, estaciones de gasolina, y colegios como Aspaen y Altair. Se encuentran las inversiones adelantadas por el gobierno como el túnel de Crespo y el Viaducto de la Ciénaga, que han puesto a la Zona Norte cada vez más cerca del centro de la ciudad, y que la convierten en una zona con todas las facilidades y un alto potencial de valorización.La Zona Norte de Cartagena se ha consolidado como una de las áreas de mayor proyección en la ciudad, combinando desarrollo urbanístico, conectividad estratégica y una propuesta de estilo de vida premium. Este sector, ubicado a pocos minutos del Aeropuerto Internacional Rafael Núñez y del Centro Histórico, ha sido cuidadosamente planeado para ofrecer un entorno que equilibra modernidad, naturaleza y confort.En esta zona, destacan proyectos innovadores como Serena del Mar, conocida como “la ciudad soñada”, que redefine el concepto de urbanismo en Colombia, con infraestructura de clase mundial. Serena del Mar incluye hospitales de nivel internacional, universidades, centros comerciales, clubs residenciales y una red vial interna que facilita la movilidad.El futuro de la Zona Norte promete aún más exclusividad, se proyecta como un punto clave para inversionistas, con nuevos desarrollos inmobiliarios que combinan lujo y sostenibilidad, extensas zonas verdes, playas, y acceso a servicios de primer nivel.Además, la cercanía con la vía al Mar, que conecta con Barranquilla, refuerza su atractivo como un destino estratégico para vivir, invertir o vacacionar. La Zona Norte no solo está transformando el paisaje de Cartagena, sino que también está definiendo un nuevo estándar de calidad de vida en el caribe colombiano, convirtiéndose en el lugar ideal para quienes buscan un entorno sofisticado, tranquilo y conectado con la naturaleza.En la zona norte de Cartagena se encuentran desarrollos como los hoteles Meliá y Estelar; servicios como Supermercado Carulla, D1, farmacias, veterinarias, y restaurantes, en ramblas, la plaza comercial de zona norte, así como estaciones de gasolina, colegios como Aspaen, Altair y Británico. Además, a pocos metros se encuentra la sede caribe de la Universidad de los Andes, el Hospital de Serena del Mar (operado por la Fundación Santafé de Bogotá), a 15 minutos el centro histórico, a 10 minutos el aeropuer",[],10.5189962,-75.495531,2026-08-03
"Apartamento en Venta en 2. localidad de la virgen y turistica, Cartagena",https://www.fincaraiz.com.co/apartamento-en-venta-en-2-localidad-de-la-virgen-y-turistica-cartagena/193999356,193999356,https://cdn4.fincaraiz.com.co/repo/img/th.outside384x275.6a593c8b51d32_infocdn__vky8cyxyi4789pspwootkdxf5i4wvgw7352ssubzjpg.jpg,[],$ 390.000.000,2 Habs. 2 Baños 59 m²,"Apartamento en venta en 2. localidad de la virgen y turistica, cartagena","Apartamento enCartagena, Bolivar",,Llamar,,,,,,,,,,,,,,"Descubra una oportunidad de inversión inigualable en Serena del Mar, donde el lujo y la rentabilidad se encuentran a solo 500 metros de las paradisíacas playas. Este excepcional apartamento no solo ofrece un estilo de vida envidiable, sino que también cuenta con licencia de turismo para estancias cortas, garantizando un retorno de inversión atractivo y constante. Sumérjase en un mundo de comodidades exclusivas: un elegante lobby, portería y vigilancia 24/7 para su tranquilidad, espectaculares piscinas, un moderno gimnasio, parque infantil, zona de BBQ, un innovador espacio de coworking, salón de eventos y una dedicada zona para mascotas.Ubicado en un sector exclusivo que forma parte del prestigioso megaproyecto Serena del Mar, este apartamento le sitúa en el epicentro del desarrollo y la valorización. A solo 3 minutos, encontrará el futuro Shopping Cristal Mall, el centro comercial más grande de Latinoamérica, prometiendo una experiencia de compras y entretenimiento sin igual. Además, la riqueza histórica y cultural del Centro Histórico de Cartagena está a solo 15 minutos, combinando la modernidad con el encanto colonial. Esta es la inversión perfecta para quienes buscan un activo que genere ingresos mientras disfrutan de un destino turístico de primer nivel.",[],10.5166182,-75.4915687,2026-08-03
"Apartamento en venta en El recreo, Cartagena",https://www.fincaraiz.com.co/apartamento-en-venta-en-el-recreo-cartagena/10623907,10623907,https://cdn4.fincaraiz.com.co/repo/img/th.outside384x275.69ea82b4f294a_infocdn__gr27916120191003100123jpg.jpg,[],$ 170.000.000,2 Habs. 1 Baño 53 m²,"Apartamento en venta en el recreo, cartagena","Apartamento enCartagena, Bolivar",,Llamar,,,,,,,,,,,,,,"En Venta Hermoso Apartamento El RecreoOfrece Sala Comedor, 2 Alcobas, 1 Baño, Cocina Integral, Zona social, Canchas Deportivas cercas, Transporte publico Cercano, Colegios/Univercidades cercanas, Area Urbana, Cerca de Centros comerciales.No cuenta con parquedero ni ascensor***",[],10.387088,-75.4731659,2026-08-03
"Apartamento en Venta en La Boquilla, Cartagena",https://www.fincaraiz.com.co/apartamento-en-venta-en-la-boquilla-cartagena/193579184,193579184,https://cdn4.fincaraiz.com.co/repo/img/th.outside384x275.6a1df3028bdc2_infocdn__picture-66e8205b838745af8977be9843f04a93jpeg.jpeg,[],$ 760.000.000,1 Hab 2 Baños 72 m²,"Apartamento en venta en la boquilla, cartagena","Apartamento enCartagena, Bolivar",,Llamar,,,,,,,,,,,,,,"Apartamento recién remodelado y completamente dotado para que puedas comenzar a generar un retorno inmediato de tu inversión. Cuenta con 72 mts 2 , un amplio balcón con vista a la ciénaga desde donde podrás disfrutar de los más bellos paisajes, 1 habitación, 2 baños, cocina tipo americano, sala comedor, zona de labores y 1 parqueadero.  Con excelentes amenities y salida directa q la playa. Ubicado en una zona de alta valorización y muy cerca a todo, al centro histórico, aeropuerto, restaurantes, supermercados , hospitales etc .",[],10.4655059,-75.5008696,2026-08-03
"Casa en Venta en El centro, Cartagena",https://www.fincaraiz.com.co/casa-en-venta-en-el-centro-cartagena/193592790,193592790,https://cdn4.fincaraiz.com.co/repo/img/th.outside384x275.69d1a936ee2bd_infocdn__sq7xjogczi1ufhjcoabuwjrgptjvtleomvjbohqdjpg.jpg,[],$ 7.500.000.000,5 Habs. 5 Baños 378 m²,"Casa en venta en el centro, cartagena","Casa enCartagena, Bolivar",,Llamar,,,,,,,,,,,,,,"Espectacular casa: una verdadera joya arquitectónica en el corazón de la ciudad histórica. Rodeada de los mejores restaurantes y de los sitios más emblemáticos, esta propiedad ofrece una ubicación privilegiada a pocos pasos de la muralla y del prestigioso centro comercial La Serrezuela.Viva la experiencia de combinar historia, exclusividad y comodidad en un solo lugar.Contáctanos para más detalles y agenda tu visita. Tu próximo hogar te está esperando.",[],10.4282689,-75.5473213,2026-08-03
"Apartamento en Venta en La Boquilla, Cartagena",https://www.fincaraiz.com.co/apartamento-en-venta-en-la-boquilla-cartagena/193979076,193979076,https://cdn4.fincaraiz.com.co/repo/img/th.outside384x275.6a518bef845d5_infocdn__2zrecadytsayqgtdfhprryjv1grgthqdl4s2oidmjpg.jpg,[],$ 1.350.000.000,2 Habs. 2 Baños 114 m²,"Apartamento en venta en la boquilla, cartagena","Apartamento enCartagena, Bolivar",,Llamar,,,,,,,,,,,,,,"Pent-house en venta en Morros.Disfrute de este espectacular Pent-house moderno y remodelado, con impresionantes vistas al mar ya la Ciénaga de la Virgen. Sus amplios espacios, diseño contemporáneo y excelente iluminación lo convierten en una propiedad única para vivir o invertir. Ubicado en un exclusivo edificio con completas zonas comunes tipo resort, piscina, cancha de tenis, áreas de recreación y salida directa a las playas de Morros.Además, el edificio permite alquileres cortos, brindando una excelente oportunidad de generar ingresos mientras disfrutas de una de las zonas con mayor valorización de Cartagena.¡Contáctanos para más detalles y agenda tu visita!",[],10.467327917455,-75.499616582031,2026-08-03
Apartamento en Venta en Cartagena,https://www.fincaraiz.com.co/apartamento-en-venta-en-cartagena/193861024,193861024,https://cdn4.fincaraiz.com.co/repo/img/th.outside384x275.6a298970c908f_infocdn__nnhvmntgpyyychy3goijhhbzgfdwtiubt4fl3cujjpg.jpg,[],$ 850.000.000,3 Habs. 3 Baños 110 m²,Apartamento en venta en cartagena,"Apartamento enCartagena, Bolivar",,Llamar,,,,,,,,,,,,,,"Tiene un área total de 107M2, y cuenta con 3 habitaciones (Walk In Closet en la habitación principal), 3 baños, cocina tipo americana, sala – comedor, amplio balcón en ""L"" con vista al gran canal, zona de ropas, 1 deposito, y 2 parqueaderos. Cuenta con todos los aires acondicionados: En los cuartos, y en el área de sala – comedor un aire tipo cassete, además tiene cortinas tipo screen y black out.La Zona Norte de Cartagena se ha consolidado como una de las áreas de mayor proyección en la ciudad, combinando desarrollo urbanístico, conectividad estratégica y una propuesta de estilo de vida premium. Este sector, ubicado a pocos minutos del Aeropuerto Internacional Rafael Núñez y del Centro Histórico, ha sido cuidadosamente planeado para ofrecer un entorno que equilibra modernidad, naturaleza y confort.En esta zona, destacan proyectos innovadores como Serena del Mar, conocida como “la ciudad soñada”, que redefine el concepto de urbanismo en Colombia, con infraestructura de clase mundial. Serena del Mar incluye hospitales de nivel internacional, universidades, centros comerciales, clubs residenciales y una red vial interna que facilita la movilidad.El futuro de la Zona Norte promete aún más exclusividad, se proyecta como un punto clave para inversionistas, con nuevos desarrollos inmobiliarios que combinan lujo y sostenibilidad, extensas zonas verdes, playas, y acceso a servicios de primer nivel.Además, la cercanía con la vía al Mar, que conecta con Barranquilla, refuerza su atractivo como un destino estratégico para vivir, invertir o vacacionar. La Zona Norte no solo está transformando el paisaje de Cartagena, sino que también está definiendo un nuevo estándar de calidad de vida en el caribe colombiano, convirtiéndose en el lugar ideal para quienes buscan un entorno sofisticado, tranquilo y conectado con la naturaleza.En la zona norte de Cartagena se encuentran desarrollos como los hoteles Meliá y Estelar; servicios como Supermercado Carulla, D1, farmacias, veterinarias, y restaurantes, en ramblas, la plaza comercial de zona norte, así como estaciones de gasolina, colegios como Aspaen, Altair y Británico. Además, a pocos metros se encuentra la sede caribe de la Universidad de los Andes, el Hospital de Serena del Mar (operado por la Fundación Santafé de Bogotá), a 15 minutos el centro histórico, a 10 minutos el aeropuerto Rafael Núñez y a 5 minutos la playa concesionada de Serena del Mar.Para el año 2027, la zona norte de Cartagena contará con 2 centros comerciales adicionales, que permitirán a sus residentes disfrutar de una mayor variedad de tiendas, restaurantes, y servicios, como bancos, supermercados, entre muchos más.Así mismo, se encuentran las inversiones adelantadas por el gobierno como el túnel de Crespo y el Viaducto de la Ciénaga, que han puesto a la Zona Norte cada vez más cerca del centro de la ciudad y que la convierten en una zona con todas las facilidades y un alto potencial de valorización.",[],10.5009976,-75.4696448,2026-08-03
"Apartamento en Venta en Bahia Kristal, Cartagena",https://www.fincaraiz.com.co/apartamento-en-venta-en-bahia-kristal-cartagena/193687193,193687193,https://cdn4.fincaraiz.com.co/repo/img/th.outside384x275.69f155b95e243_infocdn__qvnvlamclyjdbwfqudloqauetmhkv4q2otpunyo3jpg.jpg,[],$ 890.000.000,2 Habs. 2 Baños 80 m²,"Apartamento en venta en bahia kristal, cartagena","Apartamento enCartagena, Bolivar",,Llamar,,,,,,,,,,,,,,"Descubra la oportunidad de adquirir un moderno y luminoso apartamento en venta, ubicado en el exclusivo complejo residencial BAIA KRISTAL, en el Anillo Vial de Cartagena, Bolívar. Este apartamento, con una antigüedad entre 1 y 8 años, ofrece 2 baños, 1 garaje y se encuentra en el sexto piso, brindando un entorno sofisticado y confortable para la vida contemporánea.  El interior de la propiedad se caracteriza por su diseño contemporáneo y sus salas de estar acogedoras y luminosas. La cocina tipo americano, totalmente equipada y funcional, con una práctica barra estilo americano, complementa a la perfección un estilo de vida sofisticado. Disfrute de vistas espectaculares a una laguna artificial y de la ventilación natural que lo mantiene fresco todo el año.  Entre sus características clave, destacan la vista panorámica, el piso en baldosa/mármol y su configuración como vivienda multifamiliar. BAIA KRISTAL ofrece un entorno vibrante con áreas al aire libre ideales para disfrutar del sol y la naturaleza, proporcionando un ambiente ideal para quienes buscan comodidad y exclusividad en un mismo lugar.  Este apartamento representa una excelente inversión para quienes buscan una propiedad única en Cartagena.",[],10.5358906,-75.4584075,2026-08-03
"Apartamento en Venta en 2. localidad de la virgen y turistica, Cartagena",https://www.fincaraiz.com.co/apartamento-en-venta-en-2-localidad-de-la-virgen-y-turistica-cartagena/194014239,194014239,https://cdn4.fincaraiz.com.co/repo/img/th.outside384x275.6a5fb2315dd4f_infocdn__picture-96d523404b104301963b7396a094affbjpg.JPG,[],$ 888.000.000,2 Habs. 3 Baños 88 m²,"Apartamento en venta en 2. localidad de la virgen y turistica, cartagena","Apartamento enCartagena, Bolivar",,Llamar,,,,,,,,,,,,,,"✨ Apartamento de 88 m² | 2 habitaciones | CartagenaVive o invierte en una de las zonas con mayor proyección de Cartagena. Este apartamento de 88 m², ubicado en un piso alto, combina diseño moderno, funcionalidad y una ubicación estratégica a solo 500 metros caminando de la playa.Cuenta con 2 habitaciones, cada una con excelente iluminación, 3 baños y una distribución muy bien pensada que aprovecha cada espacio. Incluye 1 parqueadero, ideal para mayor comodidad.Ubicado en un sector en pleno desarrollo y crecimiento, cerca al aeropuerto, este proyecto ofrece un estilo de vida tipo resort con amenidades de alto nivel: lobby de doble altura tipo hotel, piscina de adultos, sky bar, mini golf, cine al aire libre y amplias zonas verdes.Un espacio perfecto para disfrutar Cartagena o generar ingresos a través de rentas.? Precio: $888 millones COP? Nuevo, listo para entrega",[],10.514071,-75.498642,2026-08-03
"Apartamento en Venta en Serena del Mar, Cartagena",https://www.fincaraiz.com.co/apartamento-en-venta-en-serena-del-mar-cartagena/193861552,193861552,https://cdn4.fincaraiz.com.co/repo/img/th.outside384x275.6a299bbe6da58_infocdn__bbvsoywby5sh8quvjvoyz9x9w5ackhma1xq8pz0spng.png,[],$ 1.290.000.000,2 Habs. 2 Baños 115 m²,"Apartamento en venta en serena del mar, cartagena","Apartamento enCartagena, Bolivar",,Llamar,,,,,,,,,,,,,,"Cuenta con 2 habitaciones, 2 baños (baño social que conecta con la habitación No. 2, y baño privado en la habitación principal), cocina tipo americana, sala – comedor, amplio balcón que conecta a todas las habitaciones, zona de ropas, 1 parqueadero, aires acondicionados en cada cuarto y en sala – comedor, además de vista lateral al mar.Morros Eco cuenta con 2 piscinas, 2 jacuzzis, canal de nado para adultos, parque infantil, gimnasio, salón social, turco, y 1,6 km de playa frente al conjunto, con acceso directo.Este inmueble se encuentra ubicado en la zona norte de Cartagena de Indias, con una ubicación privilegiada frente al mar y con acceso directo a la playa concesionada de serena del mar), cerca de hoteles como Meliá y Estelar; y con servicios como Supermercado Carulla, D1, Isimo, farmacias, veterinarias, restaurantes, estaciones de gasolina, colegios como Aspaen, Altair y Británico.La Zona Norte de Cartagena se ha consolidado como una de las áreas de mayor proyección en la ciudad, combinando desarrollo urbanístico, conectividad estratégica y una propuesta de estilo de vida premium. Este sector, ubicado a pocos minutos del Aeropuerto Internacional Rafael Núñez y del Centro Histórico, ha sido cuidadosamente planeado para ofrecer un entorno que equilibra modernidad, naturaleza y confort.En esta zona, destacan proyectos innovadores como Serena del Mar, conocida como “la ciudad soñada”, que redefine el concepto de urbanismo en Colombia, con infraestructura de clase mundial. Serena del Mar incluye hospitales de nivel internacional, universidades, centros comerciales, clubs residenciales y una red vial interna que facilita la movilidad.El futuro de la Zona Norte promete aún más exclusividad, se proyecta como un punto clave para inversionistas, con nuevos desarrollos inmobiliarios que combinan lujo y sostenibilidad, extensas zonas verdes, playas, y acceso a servicios de primer nivel.Además, la cercanía con la vía al Mar, que conecta con Barranquilla, refuerza su atractivo como un destino estratégico para vivir, invertir o vacacionar. La Zona Norte no solo está transformando el paisaje de Cartagena, sino que también está definiendo un nuevo estándar de calidad de vida en el caribe colombiano, convirtiéndose en el lugar ideal para quienes buscan un entorno sofisticado, tranquilo y conectado con la naturaleza.En la zona norte de Cartagena se encuentran desarrollos como los hoteles Meliá y Estelar; servicios como Supermercado Carulla, D1, farmacias, veterinarias, y restaurantes, en ramblas, la plaza comercial de zona norte, así como estaciones de gasolina, colegios como Aspaen, Altair y Británico. Además, a pocos metros se encuentra la sede caribe de la Universidad de los Andes, el Hospital de Serena del Mar (operado por la Fundación Santafé de Bogotá), a 15 minutos el centro histórico, a 10 minutos el aeropuerto Rafael Núñez y a 5 minutos la playa concesionada de Serena del Mar.Para el año 2027, la zona norte de Cartagena contará con 2 centros comerciales adicionales, que permitirán a sus residentes disfrutar de una mayor variedad de tiendas, restaurantes, y servicios, como bancos, supermercados, entre muchos más.Así mismo, se encuentran las inversiones adelantadas por el gobierno como el túnel de Crespo y el Viaducto de la Ciénaga, que han puesto a la Zona Norte cada vez más cerca del centro de la ciudad y que la convierten en una zona con todas las facilidades y un alto potencial de valorización.",[],10.5205822,-75.494941,2026-08-03
"Casa en venta en Cartagena de indias, Cartagena",https://www.fincaraiz.com.co/casa-en-venta-en-cartagena-de-indias-cartagena/10620292,10620292,https://cdn4.fincaraiz.com.co/repo/img/th.outside384x275.694ef17a71f96_infocdn__gr-venta-de-casa-en-el-centro-his-1674739717-9705-3061jpg.jpg,[],$ 3.800.000.000,3 Habs. 3 Baños 200 m²,"Casa en venta en cartagena de indias, cartagena","Casa enCartagena, Bolivar",,Llamar,,,,,,,,,,,,,,"VENTA de Casa en el Centro Historico de Cartagena Area: 200 Mts 2 Constriudos - 110 Mts Lote, Alcobas 3. Con  Pisicna.Reparto Primer NivelSala-ComedorCocina Abierta con BarraPiscinaAlcoba con Closet y Baño InternoReparto Seungo NivelAlcobas Principal con Baño interno  y BalconAlcoba AuxuliarReparto Terce NivelTerraza PequeñaEn el año de 1984 La UNESCO declaro al conjunto de forticaciones del Centro Historico de Cartena como Patrimonio Historico de la Humanidad, cuyas calles dentro de este maravillo sector se encentran calles pintorescas y coloridadas, llena de cultura, ritmo y energia caribeña y el atractivo colonial, Invertir en Cartagena es apropiarse de una parte de la hitoria, hazla tuya.",[],10.424590616105,-75.552084119135,2026-08-03
"Apartamento en Venta en El laguito, Cartagena",https://www.fincaraiz.com.co/apartamento-en-venta-en-el-laguito-cartagena/194030370,194030370,https://cdn4.fincaraiz.com.co/repo/img/th.outside384x275.6a638e6a733f9_infocdn__lpgt9ge6gvwn1unhhzdekuqxqcvdoqtprqsckwkzjpg.jpg,[],$ 480.000.000,1 Hab 2 Baños 46 m²,"Apartamento en venta en el laguito, cartagena","Apartamento enCartagena, Bolivar",,Llamar,,,,,,,,,,,,,,"El Laguito! El apartamento de tus sueños en Cartagena. De una sola habitación con una relajante vista al mar, piso 14, acondicionado con dos camas en la habitación, más sofá cama en el área social. Una inversión maravillosa",[],10.3953804,-75.5628095,2026-08-03
"Casa en Venta en Barú, Cartagena",https://www.fincaraiz.com.co/casa-en-venta-en-baru-cartagena/193371006,193371006,https://cdn4.fincaraiz.com.co/repo/img/th.outside384x275.6a346bbc40926_infocdn__gr-venta-casa-frente-al-canal-en-1770482710-3208-3174jpeg.jpeg,[],$ 1.900.000.000,6 Habs. 5 Baños 261 m²,"Casa en venta en barú, cartagena","Casa enCartagena, Bolivar",,Llamar,,,,,,,,,,,,,,"ESTADO DE INMUEBLE: Excelente | ¿LO QUIERES? Vendemos espectacular Casa en Condominio Marina de Barú en etapa LOS CABOS en la Isla de Baru en Cartagena de Indias | Area lote: 750 mts2 | Area construida: 260 mts2REPARTO: Sala - comedor, cocina cerrada completa - tipo integral, sala de exterior, BBQ, terraza mirador al canal, 3 habitaciones adicionales, un baño compartido entre las habitaciones, un baño social, 2 habitaciones en semisotano, un baño compartido, area de deposito y salida al muelle del conjunto residencial (El area de muelle no es exclusivo), Segundo nivel: Habitacion principal, vestier y baño interno privado. Area de lote: 750 mts2 -  Area de construccion: 260 Mts2. | Incluye un lancha pequeña con un motor 60HPCONDOMINIO MARINA BARÚ - CARTAGENA DE INDIAS, es el sitio ideal para los amantes de los deportes náuticos, la naturaleza y la relajación de una manera diferente. Para crear un entorno amigable con la naturaleza, conservaremos las especies autóctonas y nativas de la región, ayudándonos con movimientos de tierra muy sutiles para controlar las escorrentías naturales y su mayor aprovechamiento. Los jardines secos minimalistas son excelentes en nuestro clima combinado con la sombra de árboles de gran porte y palmeras.LOS CABOS en el CONDOMINIO MARINA DE BARU son hermosas villas campestres de 2 pisos frente a canales navegables, ideales para descansar y estar largas temporadas de vacaciones con la familia y amigos, cuenta con tres amplios mu",[],10.205377038807,-75.619583129883,2026-08-03
"Apartamento en Venta en El cabrero, Cartagena",https://www.fincaraiz.com.co/apartamento-en-venta-en-el-cabrero-cartagena/193894165,193894165,https://cdn4.fincaraiz.com.co/repo/img/th.outside384x275.6a4bbae8242cd_infocdn__473-1-1781897265jpg.jpg,[],$ 1.270.000.000,3 Habs. 4 Baños 150 m²,"Apartamento en venta en el cabrero, cartagena","Apartamento enCartagena, Bolivar",,Llamar,,,,,,,,,,,,,,"Cartagena oportunidad de inversión. Venta de apartamento en El Cabrero de 3 alcobas con un área de 150 m² distribuido así Sala-comedor con amplios espacios y acceso a balcón con agradable vista al lago, cocina integral, zona de labores, baño social, tres alcobas y cuatro baños. El edificio cuenta con zonas sociales como: piscina para adultos y niños, solárium, sala relax, turco, gimnasio dotado, salón social, salón de juegos infantiles, zona BBQ y espacios para ejercicio al aire libre. Además, ofrece vigilancia, circuito cerrado de televisión, planta eléctrica.Ubicado en el tradicional barrio El Cabrero, uno de los sectores con mayor valorización de Cartagena. Su estratégica ubicación permite estar a tan solo 3 minutos del Centro Histórico y a 5 minutos del Aeropuerto Internacional Rafael Núñez, con fácil acceso a playas, supermercados, restaurantes, universidades y centros médicos. Una excelente oportunidad para invertir en una de las zonas más exclusivas y mejor ubicadas de Cartagena. Contáctenos y programe su visita.",[],10.4321409,-75.5424856,2026-08-03
"Apartamento en Venta en El cabrero, Cartagena",https://www.fincaraiz.com.co/apartamento-en-venta-en-el-cabrero-cartagena/193476033,193476033,https://cdn4.fincaraiz.com.co/repo/img/th.outside384x275.69ac52a8ab37a_infocdn__panoramicajpg.jpg,[],$ 720.000.000,3 Habs. 2 Baños 121 m²,"Apartamento en venta en el cabrero, cartagena","Apartamento enCartagena, Bolivar",,Llamar,,,,,,,,,,,,,,"Excelentemente ubicado, cerca al mar y al Centro histórico, en un sector tradicional de la ciudad,  encontramos un apartamento con muy buena iluminación natural,  muy ventilado, con amplios espacios  en todas sus áreas,  balcón con vista a la calle principal,  sala, comedor,  cocina, área de labores, cuarto y baño de servicio,  tres habitaciones con buenos clósets,  la principal con baño interno, las otras dos compartiendo baño.   En el pasillo, closet de linos.  Ascensor que llega directamente al apartamento.   Parqueadero cubierto. El edificio  ofrece salón comunal, vigilancia 24 horas.  Planta eléctrica de cubrimiento parcial. Se pueden encender bombillos y abanicos.",[],10.4332531,-75.5412319,2026-08-03
"Apartamento en  Venta en Manga, Cartagena",https://www.fincaraiz.com.co/apartamento-en-venta-en-manga-cartagena/191531051,191531051,https://cdn4.fincaraiz.com.co/repo/img/th.outside384x275.69dd14707f9bd_infocdn__gr32539120241005093659jpeg.jpeg,[],$ 650.000.000,2 Habs. 2 Baños 79 m²,"Apartamento en  venta en manga, cartagena","Apartamento enCartagena, Bolivar",,Llamar,,,,,,,,,,,,,,"Vendo Apto con excelentes acabados en el barrio Manga, 2 alcobas, 2 baños, sala, comedor, cocina, zona de labores, balcón vista al lago, castillo san Felipez, centro comercial San Felipe a solo 5 minutos del centro, amplio moderno, garaje, ubicación estratégica.",[],10.4178915,-75.5413062,2026-08-03
"Apartamento en Venta en Villa estrella, Cartagena",https://www.fincaraiz.com.co/apartamento-en-venta-en-villa-estrella-cartagena/193731298,193731298,https://cdn4.fincaraiz.com.co/repo/img/th.outside384x275.6a01d8e03ded4_infocdn__gr32539120260510111728jpg.jpg,[],$ 220.000.000,3 Habs. 2 Baños 54 m²,"Apartamento en venta en villa estrella, cartagena","Apartamento enCartagena, Bolivar",,Llamar,,,,,,,,,,,,,,"¡Oportunidad Única! Apartamento en Venta en Guanabara – Carioca CondominioSe vende exclusivo apartamento con acabados de calidad en el conjunto residencial Guanabra, ubicado dentro del macroproyecto Carioca en Cartagena de Indias. Una propiedad lista para habitar que combina seguridad, confort y una ubicación estratégica con alta valorización.Características Destacadas del InmuebleÁrea de 54 m².Ubicado en Segundo piso, ideal para un acceso rápido y cómodo.Alcoba principal con baño y closet2 alcobas auxiliares.1 baño auxiliarSala-comedor con buenos acabados en techos y lámparas.Cocina Integral dotada con muebles de madera de alta durabilidad.Área independiente para lavado y secado.Balcón con vista externa privilegiada con ventilación constante.Garaje privado asignado para su vehículo.Reja de seguridad instalada en la puerta principal.Pisos y techos con molduras estéticas superiores al promedio de la zona.Ventajas de Vivir en Guanabara Condominio Carioca.El conjunto cerrado ofrece un estilo de vida de club residencial diseñado para el disfrute familiar:Piscinas: Áreas separadas para adultos y niños.Diversión Infantil: Parque con juegos mecánicos seguros.Eventos: Salón social equipado para reuniones y celebraciones.Vigilancia: Seguridad privada estricta y control de acceso 24/7.Ubicación, Accesos y Sitios de Interés.El apartamento goza de una conectividad envidiable en el sector de La Carolina:",[],10.408696932934,-75.467540367103,2026-08-03
"Casa en venta en Zaragocilla, Cartagena",https://www.fincaraiz.com.co/casa-en-venta-en-zaragocilla-cartagena/10623518,10623518,https://cdn4.fincaraiz.com.co/repo/img/th.outside384x275.69ea7ae0c3f49_infocdn__gr279163020250404074216jpeg.jpeg,[],$ 1.190.000.000,5 Habs. 6 Baños 620 m²,"Casa en venta en zaragocilla, cartagena","Casa enCartagena, Bolivar",,Llamar,,,,,,,,,,,,,,"DESCRIPCION- Casa esquinera, multifamiliar de dos niveles, consta de 303Mt2 de lote y 620Mt2 de área construida. Primer piso: consta de 3 locales comerciales rentando todos con contratos largos. Segundo piso: consta de 2 apartamentos rentando con contrato, uno con 4 alcobas y otro de 1 alcoba. Renta $7.630.000 libres. Valor de venta negociable. Todos los  contratos son asegurados por Seguro el Libertador.Oportunidad para Inversionistas!, se financia el 50%***",[],10.4034621,-75.5023947,2026-08-03
"Apartamento en Venta en El cabrero, Cartagena",https://www.fincaraiz.com.co/apartamento-en-venta-en-el-cabrero-cartagena/193475595,193475595,https://cdn4.fincaraiz.com.co/repo/img/th.outside384x275.69df9661c2e05_infocdn__gr-venta-apartamento-en-edificio-1771857419-6257-7902jpeg.jpeg,[],$ 960.000.000,2 Habs. 2 Baños 64 m²,"Apartamento en venta en el cabrero, cartagena","Apartamento enCartagena, Bolivar",,Llamar,,,,,,,,,,,,,,"Oscar Cruz Realtor - Apartamento amoblado en venta con vista al mar en Murano Centro – El Cabrero | 2 alcobas | 64 m²:Moderno apartamento amoblado en venta en el exclusivo Edificio Murano Centro, ubicado en el tradicional y privilegiado barrio El Cabrero, a pocos pasos de la playa y muy cerca del Centro Histórico de Cartagena.El apartamento cuenta con 64 m² muy bien distribuidos, ofreciendo sala–comedor con excelente iluminación natural, cocina abierta integral, y balcón con espectacular vista al mar, ideal para disfrutar de los atardeceres de Cartagena de Indias.Dispone de 2 cómodas alcobas y 2 baños, y se vende completamente amoblado, listo para habitar o para inversión en renta vacacional, gracias a su ubicación estratégica cerca de las playas y del centro turístico de la ciudad.Características del apartamento:Área: 64 m²2 alcobas2 bañosSala – comedorCocina abierta integralBalcón con vista al marSe vende completamente amobladoExcelente opción para vivienda o inversiónAmenidades del edificio:Piscina con vista panorámicaTerraza / rooftopGimnasioJacuzziLobbyVigilancia y portería 24 horasAscensoresParqueaderos",[],10.4331537,-75.5412613,2026-08-03
"Apartamento en Venta en Manga, Cartagena",https://www.fincaraiz.com.co/apartamento-en-venta-en-manga-cartagena/192331489,192331489,https://cdn4.fincaraiz.com.co/repo/img/th.outside384x275.6996195355401_infocdn__gr-apartamento-3-alcobas-edificio-1698252544-8985-876jpg.jpg,[],$ 830.000.000,2 Habs. 3 Baños 98 m²,"Apartamento en venta en manga, cartagena","Apartamento enCartagena, Bolivar",,Llamar,,,,,,,,,,,,,,"PARA ESTRENARDESCRIPCION GENERAL DEL PROYECTOUbicado en Cartagena en el tradicional barrio Manga en la Segunda Avenida con calle 27, una moderna torre de 19 pisos, 50 apartamentos en total de 2 y de 3 alcobas con áreas de 82, 98,109, 112 y 117Mt2, cuatro apartamentos por piso. Con lobby de doble altura.El apartamento tiene dos habiaciones y cuarto de servicio con baño masDESCRIPCION DE LOS INMUEBLES DEL PROYECTOSemisótano: Consta de rampa de acceso, parqueaderos, área de tanque de reserva de agua, cuarto de bombas, cuarto de basuras, escalera y dos ascensores.Nivel Lobby y acceso principal: Consta de escaleras y rampas de acceso peatonal, recepción, sala de vistas con ambientación moderna, oficina de administración, área para empleados y mantenimiento, pasillo de dos ascensores, escalera, y cuarto eléctrico.Del Piso 2 al Piso 5:·         parqueaderos·         2 ascensores y 2 escalerasPlanta Tipo Piso 6 a 17: Consta de 4 aptos así: Tipo A de 2 alcobas, Tipo B de 3 alcobas, Tipo C de 2 alcobas y Tipo D de 3 alcobas.Los tipos de apartamentos se desarrollan así:Apartamento tipo A de 2 alcobas: Consta de 2 alcobas, 3 baños, sala comedor 1 balcón, Cocina abierta completa, zona de lavado labores y alcoba y baño de servicio.  Área de 98.50m2.Apartamento tipo B de 2 alcobas: Consta de 3 alcobas, 3 baños, sala comedor 2 balcones, cocina abierta completa, zona de lavado con alcoba y baño de servicio. Área de 117 m2",[],10.4104015,-75.5346017,2026-08-03
"Apartamento en Venta en Serena del Mar, Cartagena",https://www.fincaraiz.com.co/apartamento-en-venta-en-serena-del-mar-cartagena/192738219,192738219,https://cdn4.fincaraiz.com.co/repo/img/th.outside384x275.689a35278ee34_infocdn__gytnii823rwvwfewo2mobspc48vu5cg9lmm3m0nojpg.jpg,[],$ 400.000.000,2 Habs. 3 Baños 68 m²,"Apartamento en venta en serena del mar, cartagena","Apartamento enCartagena, Bolivar",,Llamar,,,,,,,,,,,,,,"HERMOSO APARTAMENTO EN VENTA, EN SERENA DEL MAR A POCOS METROS DE LA PLAYA¡Oportunidad única! Vive o invierte en un apartamento moderno, estrenado en 2024, con excelente ubicación y acabados de alta calidad.Ideal para quienes buscan confort, seguridad y una excelente valorización.Características del inmueble:Área: 68 m²Parqueadero privado: N.º 5Distribución: 2 habitaciones | 2 bañosValor de venta: $400.000.000 COPAmenidades del conjunto:Vigilancia 24 horasPiscinaZona de coworkingEstacionamiento propioAmbientes tranquilos y modernosIncluye mobiliario NUEVO con valor estimado de $15 millones:2 aires acondicionados1 neveraCortinas tipo blackout en habitacionesCortina tipo riel en la salida al balcón2 camas dobles con colchones1 sofá-cama1 comedor de 4 puestos",[],10.5056449,-75.4726837,2026-08-03
"Apartamento en Venta en El centro, Cartagena",https://www.fincaraiz.com.co/apartamento-en-venta-en-el-centro-cartagena/193741516,193741516,https://cdn4.fincaraiz.com.co/repo/img/th.outside384x275.6a0393d8cdfe3_infocdn__5d38e4ce-e5dd-4e0f-8376-0ff40675d7f3.jpeg,[],$ 1.700.000.000,1 Hab 1 Baño 63 m²,"Apartamento en venta en el centro, cartagena","Apartamento enCartagena, Bolivar",,Llamar,,,,,,,,,,,,,,"2 Piscinas (1 adultos y 1 para niños)• 1 Salón Social para Eventos• 1 Spa de tres plantas con Gimnasio , Turco, Sauna , sala de masajes,Jacuzzis• 1 Algibe• Áreas comunes arborizadas con jardines tropicales y BBQ, fuentes deagua y canalillos que recorren los 6 patios.• Terrazas comunales con vistas a la ciudad 360º para disfrutar yrealizar eventos. ***",[],10.426589273819,-75.549498738876,2026-08-03
"Apartamento en Venta en Castillogrande, Cartagena",https://www.fincaraiz.com.co/apartamento-en-venta-en-castillogrande-cartagena/193421279,193421279,https://cdn4.fincaraiz.com.co/repo/img/th.outside384x275.6998d61585af4_infocdn__a9rcwlwmjavabknpjv5y9z6zmz6zj5qfgj8dulnkjpg.jpg,[],$ 1.250.000.000,2 Habs. 2 Baños 99 m²,"Apartamento en venta en castillogrande, cartagena","Apartamento enCartagena, Bolivar",,Llamar,,,,,,,,,,,,,,"Descubra este exclusivo apartamento en venta en Castillogrande, la prestigiosa zona de Cartagena de Indias, Bolívar. Esta propiedad moderna ofrece una experiencia de vida elevada, combinando lujo y funcionalidad con impresionantes vistas panorámicas al mar y a la ciudad, ideal para quienes buscan un refugio sofisticado en la costa caribeña de Colombia.  El apartamento cuenta con amplias terrazas y balcones que invitan a disfrutar del entorno, complementados por múltiples piscinas de diseño contemporáneo. Sus luminosos interiores se complementan con pisos en baldosa, dos baños y un garaje, creando un ambiente sofisticado y optimizado para el esparcimiento y el lujo. La propiedad, con una antigüedad de entre 9 y 15 años, mantiene un estilo contemporáneo y funcional.  Entre sus características clave, destacan la ventilación natural que maximiza la frescura y confort, las vistas panorámicas que deleitan desde cada ángulo, y las diversas áreas de piscina perfectas para el ocio. Cada detalle ha sido concebido para ofrecer una experiencia de vida cómoda y elegante. Una oportunidad única para vivir en uno de los sectores más deseados de Cartagena.",[],10.3942723,-75.5516879,2026-08-03
"Casa en Venta en Providencia, Cartagena",https://www.fincaraiz.com.co/casa-en-venta-en-providencia-cartagena/193704567,193704567,https://cdn4.fincaraiz.com.co/repo/img/th.outside384x275.69f8c54cd9048_infocdn__peovf9zgcxejzkpro6tuijmgokozlxmzf0r2qiobjpg.jpg,[],$ 650.000.000,4 Habs. 4 Baños 123 m²,"Casa en venta en providencia, cartagena","Casa enCartagena, Bolivar",,Llamar,,,,,,,,,,,,,,"Bienvenidos a esta fantástica casa ubicada en el exclusivo conjunto residencial Llano verde en Cartagena de Indias. Este hermoso hogar cuenta con 4 amplias habitaciones y 4 cómodos baños, perfectos para disfrutar de una vida llena de comodidad y tranquilidad.La propiedad se destaca por sus generosos espacios, con un área construida de 123 metros cuadrados, brindando una excelente distribución para adaptarse a tus necesidades. Además, dispone de un práctico parqueadero privado para tu mayor conveniencia.Situada en un entorno privilegiado, esta casa te ofrece la oportunidad de vivir en un exclusivo conjunto residencial, rodeado de áreas verdes y amenidades que te permitirán disfrutar de un estilo de vida excepcional.No dejes pasar la oportunidad de conocer este hermoso hogar. Contacta a nuestro equipo y programa una visita para que puedas descubrir por ti mismo todas las maravillas que esta propiedad tiene para ofrecerte.",[],10.3883435,-75.4677254,2026-08-03
"Apartamento en Venta en La Boquilla, Cartagena",https://www.fincaraiz.com.co/apartamento-en-venta-en-la-boquilla-cartagena/193520804,193520804,https://cdn4.fincaraiz.com.co/repo/img/th.outside384x275.6a3a87fbd5223_infocdn__gr-venta-de-apartamento-en-edific-1773705990-356-9635jpeg.jpeg,[],$ 850.000.000,1 Hab 2 Baños 86 m²,"Apartamento en venta en la boquilla, cartagena","Apartamento enCartagena, Bolivar",,Llamar,,,,,,,,,,,,,,"Oscar Cruz Realtor - Venta de apartamento de uso mixto en Edificio Morros 3 – Área: 86 m² con terraza privada, completamente remodelado y amobladoEste moderno apartamento de 86 m² ofrece un diseño amplio, funcional y totalmente actualizado. Cuenta con sala y comedor integrados, además de una cocina abierta integral,, que aporta un estilo contemporáneo y práctico.Dispone de zona de labores independiente, dos baños (uno de ellos en la habitación principal) y una distribución muy cómoda. Tanto la habitación principal como la sala tienen salida directa a la terraza privada, creando una conexión perfecta entre los espacios interiores y exterioresLa terraza está cubierta con pérgola, ideal para disfrutar en cualquier momento del día. El apartamento se vende completamente amoblado, listo para habitar o rentar.Incluye además:•    1 parqueadero•    Depósito / lockerAmenidades del edificioEl Edificio Morros 3 es un exclusivo sector de La Boquilla, reconocido por su enfoque turístico, ideal para inversión.Entre sus amenidades se destacan:•    Piscinas para adultos y niños•    Zonas húmedas (jacuzzi y turco)•    Gimnasio•    Áreas sociales y de descanso•    Seguridad 24/7•    Parqueaderos para visitantes•    Salida directa a la playa",[],10.466767876512,-75.500518923811,2026-08-03
"Apartamento en Venta en Serena del Mar, Cartagena",https://www.fincaraiz.com.co/apartamento-en-venta-en-serena-del-mar-cartagena/193585502,193585502,https://cdn4.fincaraiz.com.co/repo/img/th.outside384x275.69e85255642cb_infocdn__public.jpeg,[],$ 730.000.000,2 Habs. 2 Baños 78.2 m²,"Apartamento en venta en serena del mar, cartagena","Apartamento enCartagena, Bolivar",,Llamar,,,,,,,,,,,,,,"El apartamento cuenta con modernos acabados y acogedores espacios con excelente luz natural y la distribución es ideal. Ubicado en la zona de mayor desarrollo de la ciudad Serena del Mar; en un conjunto residencial el cual ofrece seguridad y tranquilidad. Vigilancia 24 horas, tiene zonas verdes, portería, Gimnasio, zona de juegos infantiles, zona de BBQ, Co-working y Salón social. Cerca puede encontrar el Hospital de Serena del mar, la Universidad de los Andes, Centro comercial las Ramblas, supermercados y el terminal de transportes. Excelentes vías de acceso.   C-62794",[],10.5009976,-75.4696448,2026-08-03
"Apartamento en Venta en Torices, Cartagena",https://www.fincaraiz.com.co/apartamento-en-venta-en-torices-cartagena/193661430,193661430,https://cdn4.fincaraiz.com.co/repo/img/th.outside384x275.69e847c8a46ea_infocdn__public.jpeg,[],$ 250.000.000,2 Habs. 2 Baños 52.03 m²,"Apartamento en venta en torices, cartagena","Apartamento enCartagena, Bolivar",,Llamar,,,,,,,,,,,,,,"Apartamento ubicado cerca del centro histórico, a pocos pasos del centro comercial mall plaza, cerca del emblemático castillo de san Felipe y a pocos minutos del aeropuerto, plazas y supermercados. El edificio cuenta con ascensor, piscina, salón social y vigilancia las 24 horas. C-62553",[],10.43169,-75.53521,2026-08-03
"Apartamento en Venta en Bocagrande, Cartagena",https://www.fincaraiz.com.co/apartamento-en-venta-en-bocagrande-cartagena/193043964,193043964,https://cdn4.fincaraiz.com.co/repo/img/th.outside384x275.69ea8a1c7aa2e_infocdn__mjlonmownlmazlrmoakktap5mo5tbuob6ayj60fljpg.jpg,[],$ 1.700.000.000,3 Habs. 2 Baños 115 m²,"Apartamento en venta en bocagrande, cartagena","Apartamento enCartagena, Bolivar",,Llamar,,,,,,,,,,,,,,"Disfruta de la vista al mar en este encantador apartamento de 3 habitaciones ubicado en la primera línea de playa, estrena la renovada playa de Bocagrande y trasforma tus momentos de experiencias con los interese culturales de la zona impulsados por la alcaldía. EL edificio cuenta con los permisos para rentas cortas.¡Contáctanos para mas detalles y agenda tu visita!",[],10.3998198,-75.5596323,2026-08-03
"Apartamento en  Venta en Bellavista, Cartagena",https://www.fincaraiz.com.co/apartamento-en-venta-en-bellavista-cartagena/191544499,191544499,https://cdn4.fincaraiz.com.co/repo/img/th.outside384x275.673f931c6b6d1_infocdn__gr32539120241008110933jpeg.jpeg,[],$ 198.000.000,3 Habs. 2 Baños 58 m²,"Apartamento en  venta en bellavista, cartagena","Apartamento enCartagena, Bolivar",,Llamar,,,,,,,,,,,,,,"Vendo Apto con excelentes acabados 3 alcobas, 2 baños, sala, comedor, cocina, zona de labores, balcon, ambiente familiar, zona infantil, parques cercanos.CaracteristicasApartamento para venta, ubicado en el barrio Buenavista - Cartagena (kilómetro 1 vía mamonal), a pocos metros de Contecar, Blockport, sector industrial de la ciudad, restaurantes, tiendas cabecera de barrio, cómodas vías de acceso, transporte publico cercano; el edificio consta de vigilancia privada las 24/7, ascensores, parqueadero, piscina, juegos infantiles para niños, salón social para eventos, cancha deportiva; el apto consta de balcón con buena vista, 3 habitaciones, 2 baños, sala - comedor, cocina integral abierta, zona de labores.",[],10.4287421,-75.5207557,2026-08-03
"Apartamento en Venta en El laguito, Cartagena",https://www.fincaraiz.com.co/apartamento-en-venta-en-el-laguito-cartagena/193660753,193660753,https://cdn4.fincaraiz.com.co/repo/img/th.outside384x275.6a5eb7b631f90_infocdn__property-19521-1-1775239878-imagenjpg.jpg,[],$ 450.000.000,1 Hab 1 Baño 51 m²,"Apartamento en venta en el laguito, cartagena","Apartamento enCartagena, Bolivar",,Llamar,,,,,,,,,,,,,,"Se vende hermoso Apartamento en Cartagena, zona turística, ideal para rentas cortas, largas o simplemente para disfrutar de la vida plácidamente, 51.15 mts2, a 20 metros de la playa, sector el Laguito al lado del Hotel Hilton, cuenta con Piscina y juegos para niños (no tiene parqueadero), esta distribuido con Sala Comedor con aire acondicionado, Balcón con hermosa vista al lago, cocina integral, baño full remodelado y 1 habitación con Aire acondicionado Administración 384.000. Precio $450.000.000. Info. ***",[],10.413407256581,-75.551233201362,2026-08-03
"Apartamento en Venta en La Boquilla, Cartagena",https://www.fincaraiz.com.co/apartamento-en-venta-en-la-boquilla-cartagena/192831332,192831332,https://cdn4.fincaraiz.com.co/repo/img/th.outside384x275.68db28fa4ef63_infocdn__gr-venta-apartamento-uso-turstico-1755549495-0318-8827jpeg.jpeg,[],$ 780.000.000,1 Hab 2 Baños 72 m²,"Apartamento en venta en la boquilla, cartagena","Apartamento enCartagena, Bolivar",,Llamar,,,,,,,,,,,,,,"Oscar Cruz Realtor - Apartamento en Cartagena – Morros 3- Área: 72 Mts , La Boquilla -Amoblado y listo para rentarCaracterísticas principales•	Área: 72 m²•	Distribución: originalmente de 1 alcoba, hoy convertido en un espacio abierto y moderno•	Zona de habitación con baño privado•	Baño social•	Cocina integral abierta•	Sala–comedor amplia•	Alcoba con vista directa a la Ciénaga de la Virgen•	Piso alto•	Se vende totalmente amoblado•	Ideal para vivienda o inversión en rentas cortas⸻Amenidades del edificio Morros 3•	Piscinas frente al mar•	Acceso directo a la playa•	Gimnasio equipado•	Spa y zonas de descanso•	Salón social•	Seguridad 24/7⸻Ubicación privilegiada – La Boquilla, Cartagena•	Zona tranquila con playas amplias y naturales•	A pocos minutos del Centro Histórico•	Cerca del Aeropuerto Internacional Rafael Núñez	•	Conexión directa con la Zona Norte y Serena del Mar",[],10.466486245043,-75.500248531185,2026-08-03
"Lote en Venta en Condominio Residencial Terranova, Cartagena",https://www.fincaraiz.com.co/lote-en-venta-en-condominio-residencial-terranova-cartagena/193755247,193755247,https://cdn4.fincaraiz.com.co/repo/img/th.outside384x275.6a07699a09197_infocdn__vhk6mj9rco88vcnztgclfvqvooahlznqdth7o6yejpg.jpg,[],$ 100.000.000,4618 m²,"Lote en venta en condominio residencial terranova, cartagena","Lote enCartagena, Bolivar",,Llamar,,,,,,,,,,,,,,"Lotes urbanizados ubicados dentro del Conjunto Residencial Cartagena Laguna Club, de topografía plana, de forma irregular, con todos los servicios públicos, vías asfaltadas en buen estado. El conjunto lo componen 44 bloques de apartamentos de 4 pisos cada uno, con urbanismo ha sido desarrollado en 85% aprox. zonas verdes, áreas comunes, compuesto por piscina, lago, mini market, kiosco, capilla, cancha de tenis, cancha múltiple, juegos de niños, ciclo rutas, transporte privado, planta eléctrica para zonas comunes, club ecuestre, club de playa.Ubicados en la zona norte, sector de expansión urbanística, con cercanía a diversos complejos urbanísticos residenciales, hoteleros, comerciales y de servicios, como: Barcelona de Indias, Terranova, Barceloneta, Puerta de las Americas, Club Karibana, Colegio George Washington, Colegio Británico, Universidad Jorge Tadeo Lozano, Centro Comercial las Ramblas.***",[],10.5392052,-75.4663754,2026-08-03
"Lote en  Venta en Cartagena de indias, Cartagena",https://www.fincaraiz.com.co/lote-en-venta-en-cartagena-de-indias-cartagena/192124851,192124851,https://cdn4.fincaraiz.com.co/repo/img/th.outside384x275.6a3bfef27492f_infocdn__gr1202151920250307082551jpeg.jpeg,[],$ 900.000.000,600 m²,"Lote en  venta en cartagena de indias, cartagena","Lote enCartagena, Bolivar",,Llamar,,,,,,,,,,,,,,"¡SE VENDEN LOTES UBICADOS EN BARCELONA DE INDIAS!Lote ubicado en condominio urbanizado. A solo 15 minutos del centro histórico y 8 minutos del Hotel Las Américas Beach Resort en el Sector de Manzanillo del Mar. Cuenta con vigilancia 24 horas y cuenta con todos los servicios públicos.VENTAJAS DE LA ZONA NORTE:  La Zona Norte de Cartagena se consolidó como el nuevo polo de desarrollo de la ciudad y de alta valorización. En ella están ubicados los corregimientos de La Boquilla, Manzanillo del Mar y Punta Canoa. Las playas de este sector son hermosas y las apuestas del sol alucinantes.Además de las proyectos ya finalizados en la actualidad como Cartagena Laguna Club, Karibana, Puerta de Las Américas, Barcelona de Indias, Barceloneta etc, se llevan a cabo verdaderas moles residenciales como el megaproyecto de Serena del Mar, comerciales como Paseo Comercial Las Ramblas e industriales.Cuenta además con instituciones de educación secundaria como el Colegio Británico de Cartagena, Gimnasio Altair, Colegio Jorge Washintong, GCI, y Gimnasio Cartagena de varones pertenecientes a Aspaén y de Educación Superior como La Universidad Jorge Tadeo Lozano.",[],10.520260737695,-75.474228858948,2026-08-03
Apartamento en Venta en Cartagena,https://www.fincaraiz.com.co/apartamento-en-venta-en-cartagena/193826408,193826408,https://cdn4.fincaraiz.com.co/repo/img/th.outside384x275.6a1dfa10076ee_infocdn__6pn4b1vozcclgsjr7dyv4qywokqbcfumt0b1unjtjpg.jpg,[],$ 1.100.000.000,4 Habs. 3 Baños 138 m²,Apartamento en venta en cartagena,"Apartamento enCartagena, Bolivar",,Llamar,,,,,,,,,,,,,,"SE VENDE APARTAMENTO EN ZONA NORTE DE CARTAGENAÁrea: 138 m²Opción de venta amoblado por valor adicional de cincuenta millones de pesosEl inmueble cuenta con una zona social compuesta por sala y comedor integrados, conectados directamente con un balcón principal acondicionado para uso exterior. La cocina de concepto abierto incorpora mesón en granito, mobiliario superior e inferior de alta capacidad, alacena integrada, mueble sobre nevera y accesorios funcionales en acero inoxidable.Adicionalmente, el apartamento incluye lavavajillas empotrado y puerta de seguridad.La zona de labores es independiente y se complementa con cuarto y baño de servicio.Distribución interior:• Alcoba principal con baño privado, vestier y balcón independiente• Dos alcobas auxiliares• Estudio independiente multipropósito• Baño auxiliar de alcobas• Sala – comedor• Cocina abierta• Zona de labores independiente• Cuarto y baño de servicioEspecificaciones adicionales:• Cortinas eléctricas en sala-comedor• Aires acondicionados instalados en todos los espacios del apartamento• Citófono interno en alcoba principal• Punto de televisión y tomacorrientes adicionales en sala-comedor• Mesón de granito en cocina• Lavavajillas empotrado• Puerta de seguridadEl apartamento cuenta con adecuaciones eléctricas y de iluminación que permiten automatización y configuración de distintos ambientes según requerimientos del usuario.La Zona Norte de Cartagena se ha consolidado como uno de los sectores con mayor desarrollo urbanístico y valorización de la ciudad, gracias a su infraestructura moderna, conectividad y crecimiento residencial.El sector cuenta con acceso cercano a:• Serena del Mar• Hospital Serena del Mar – Fundación Santa Fe• Universidad de los Andes – Sede Caribe• Centros comerciales y zonas gastronómicas• Supermercados y servicios complementarios• Colegios reconocidos• Playas de la Zona Norte• Aeropuerto Internacional Rafael Núñez• Centro Histórico de CartagenaAsimismo, proyectos de infraestructura como el Túnel de Crespo y el Viaducto de la Ciénaga han fortalecido significativamente la conectividad y valorización del sector.Propiedad orientada a usuarios que buscan ubicación estratégica, especificaciones modernas y un entorno residencial consolidado dentro de la Zona Norte de Cartagena.",[],10.504671,-75.4688354,2026-08-03
"Apartamento en Venta en Santa lucia, Cartagena",https://www.fincaraiz.com.co/apartamento-en-venta-en-santa-lucia-cartagena/193815521,193815521,https://cdn4.fincaraiz.com.co/repo/img/th.outside384x275.6a19ce4a524f1_infocdn__picture-3283d08c83f44a298158b3e4e41e3040jpeg.jpeg,[],$ 780.000.000,3 Habs. 3 Baños 98 m²,"Apartamento en venta en santa lucia, cartagena","Apartamento enCartagena, Bolivar",,Llamar,,,,,,,,,,,,,,"Venta o permuta apartamento Cartagena en exclusivo sector Cielo MARValor: $780 millonesÁrea: 98.2m2Habitaciones: 3Baños: 3Nivel: 12Ubicado a solo 10 min del Aeropuerto, es una zona muy exclusiva.Estrato: 5Predial al año: $3.500.000Parqueadero cubierto: 1Unidad cerrada con: Piscinas, Solarium, Spa, Gym, Sky bar, Salón social, Zona Niños, Cinema.Se acepta apto de menor valor en Medellín o vehículo.R:761",[],10.391048,-75.47942,2026-08-03
"Apartamento en venta en Cielo mar, Cartagena",https://www.fincaraiz.com.co/apartamento-en-venta-en-cielo-mar-cartagena/10989704,10989704,https://cdn4.fincaraiz.com.co/repo/img/th.outside384x275.6a3bfe7a2b6cf_infocdn__gr1202154720250902051512jpeg.jpeg,[],$ 800.000.000,3 Habs. 2 Baños 100 m²,"Apartamento en venta en cielo mar, cartagena","Apartamento enCartagena, Bolivar",,Llamar,,,,,,,,,,,,,,"? ¡APARTAMENTO PARA ESTRENAR EN CIELO MAR!Vive o invierte en Cielo Mar, la zona de mayor desarrollo y valorización al norte de Cartagena ?.A solo unos pasos de la playa ?️, a 1 km del Aeropuerto Rafael Núñez ✈️ y a 2.9 km del Centro Histórico ?.¡Ubicación privilegiada para disfrutar o rentar!? Características del Apartamento (100 m²):?️ 3 habitaciones (principal con baño y walk-in closet)? 3 baños?️ Estudio? Balcón con vista panorámica al norte?️ Sala – Comedor?️ Cocina integral? Zona de labores? Depósito? Parqueadero? Amenidades del Edificio:? Zonas verdes? Car Lobby?️ Portería y vigilancia 24/7⚡ Planta eléctrica con cobertura total?️ Lobby de doble altura tipo hotel? Cada torre con 2 ascensores☀️ Amenidades Piso 4 (compartidas con Torre 2):Terraza solárium? Juegos infantiles?‍♂️ Sendero peatonal⚽ Cancha sintética? Cine bajo las estrellas?️ Gimnasio + zona TRX? Zona de entretenimiento? Amenidades Piso 17:? Bar Lounge? Piscina de borde infinito? Piscina para niños? Spa?‍♂️ Turco? Jacuzzi? Salón social? Sala de juntas? Una inversión segura y de alto valor en la ciudad amurallada.? Contáctanos para más información o agendar una visita.",[],10.4558455,-75.5051856,2026-08-03
"Apartamento en Venta en Bocagrande, Cartagena",https://www.fincaraiz.com.co/apartamento-en-venta-en-bocagrande-cartagena/192912113,192912113,https://cdn4.fincaraiz.com.co/repo/img/th.outside384x275.68d4911f07913_infocdn__o9hly5lht3l1tsntyls0cp5v8yvd96rpogze9klvjpg.jpg,[],$ 830.000.000,3 Habs. 3 Baños 164 m²,"Apartamento en venta en bocagrande, cartagena","Apartamento enCartagena, Bolivar",,Llamar,,,,,,,,,,,,,,"Apartamento en venta, ubicado en el prestigioso sector de Boca grande, Cartagena de Indias. Este apartamento de 164 m² cuenta con 3 habitaciones con clóset. Habitación principal con baño privado. Dos habitaciones auxiliares, baño auxiliar completo, sala – comedor, sala de televisión, cocina integral, balcón. Vista al exterior desde el piso número 5.  Tiene 1 garaje cubierto. Todas sus habitaciones cuentan con aire acondicionado y ventilación natural. Adicional cuarto de servicio y baño.Características del apartamentoÁrea: 164 m²3 habitacionesHabitación principal con closet y baño privado.2 habitaciones auxiliares1 baño auxiliar completoSala – comedorSala de televisiónCuarto de servicio y bañoCocina integralBalcónGaraje cubiertoEsta propiedad está ubicada en el prestigioso sector de Boca grande, una de las zonas de mayor valorización y desarrollo urbanístico en Cartagena.•	A pocos pasos de la playa.•	Conexión directa con el Anillo Vial, permitiendo llegar al Aeropuerto Internacional Rafael Núñez en menos de 20 minutos.•	Cercanía a exclusivos hoteles, restaurantes de alta cocina y centros comerciales como el Centro comercial Boca grande•	A 15-20 minutos de la Ciudad Amurallada, permitiendo disfrutar de la historia y vida nocturna de Cartagena.Este apartamento ofrece un entorno residencial con la proximidad a los puntos más estratégicos de la ciudad.",[],10.4101185,-75.5505696,2026-08-03
"Apartamento en Venta en El centro, Cartagena",https://www.fincaraiz.com.co/apartamento-en-venta-en-el-centro-cartagena/193921468,193921468,https://cdn4.fincaraiz.com.co/repo/img/th.outside384x275.6a68f79bd66f5_infocdn__478-3-1782493663jpg.jpg,[],$ 950.000.000,2 Habs. 2 Baños 58 m²,"Apartamento en venta en el centro, cartagena","Apartamento enCartagena, Bolivar",,Llamar,,,,,,,,,,,,,,"Cartagena Oportunidad de inversión Centro Histórico venta de apartamento de 2 alcobas conjunto residencial Santo Domingo, ideal para rentas cortas a través de plataformas como Airbnb. El apartamento cuenta con un área de 58 m²  distribuido así: sala comedor con salida al balcón colonial con hermosa vista a los jardines internos, cocina abierta dos alcobas: la principal con salida al balcón colonial y vista a los jardines closet, baño social que le da uso a las dos alcobas. El apartamento esta totalmente remodelado. ubicado en Santo Domingo una de las zona privilegiada, exclusivas y de mas alta valorización del Centro Histórico, a tan solo 50 metros de la emblemática Plaza de Santo Domingo, en el corazón de la ciudad amurallada, donde se vive la magia de las calles coloniales de Cartagena.El conjunto ofrece un patio central con hermosos jardines internos, ascensor y una espectacular vista hacia las murallas de Cartagena, brindando privacidad en plena ciudad antigua.Ubicado en una de las zonas de mayor valorización y alta demanda turística de Cartagena de Indias, esta propiedad es perfecta tanto para inversión como para uso residencial¡Contáctanos hoy mismo para más información, no dejes pasar esta oportunidad!",[],10.424793141266,-75.553373807585,2026-08-03
"Apartamento en Venta en Bocagrande, Cartagena",https://www.fincaraiz.com.co/apartamento-en-venta-en-bocagrande-cartagena/193261972,193261972,https://cdn4.fincaraiz.com.co/repo/img/th.outside384x275.696183b79814a_infocdn__ambliapeez8rmdkpjoeygwrvmng6f3nrpmvjzw7sjpg.jpg,[],$ 890.000.000,1 Hab 2 Baños 67 m²,"Apartamento en venta en bocagrande, cartagena","Apartamento enCartagena, Bolivar",,Llamar,,,,,,,,,,,,,,"Espectacular apartamento moderno en venta, con impresionante vista al mar y a la ciudad. Ubicado en un edificio de privilegiada ubicación, cerca de los principales puntos de interés y de los mejores restaurantes de la zona.El edificio ofrece excelentes áreas comunes y brinda la flexibilidad de vivirlo o rentarlo, convirtiéndolo en una excelente opción tanto para vivir como para inversión.",[],10.403787094827,-75.554346150293,2026-08-03
"Apartamento en Venta en Marbella, Cartagena",https://www.fincaraiz.com.co/apartamento-en-venta-en-marbella-cartagena/193081954,193081954,https://cdn4.fincaraiz.com.co/repo/img/th.outside384x275.692728e85484e_infocdn__dbe69764-3d02-475e-a831-cc51d0e07ffe.jpeg,[],$ 620.000.000,3 Habs. 3 Baños 126 m²,"Apartamento en venta en marbella, cartagena","Apartamento enCartagena, Bolivar",,Llamar,,,,,,,,,,,,,,"APARTAMENTO PARA LA VENTA EN EL BARRIO MARBELLA FRENTE AL MAR. Esta propiedad cuenta con 140 m2, 3 habitaciones, 3 baños, cuarto y baño de servicio, cocina cerrada semi - integral, area de labores, sala - comedor espaciosa, balcon con hermosa vista  al mart y garaje cubierto. El edificio cuenta con ascensor, terraza con piscina  y zona BBQ en ultimo piso. El edificio se encuentra  a solo unos minutos del Centro Historico y del aeropuerto de Cartagena. ***",[],10.4364704,-75.536091,2026-08-03
"Apartamento en Venta en La Boquilla, Cartagena",https://www.fincaraiz.com.co/apartamento-en-venta-en-la-boquilla-cartagena/193819691,193819691,https://cdn4.fincaraiz.com.co/repo/img/th.outside384x275.6a35d6ddf1e0a_infocdn__gr-venta-apartamento-en-edificio-1780146580-8101-6419jpeg.jpeg,[],$ 770.000.000,1 Hab 2 Baños 72 m²,"Apartamento en venta en la boquilla, cartagena","Apartamento enCartagena, Bolivar",,Llamar,,,,,,,,,,,,,,"Óscar Cruz Realtor - Venta de apartamento en Edificio Morros Epic, La Boquilla – 72 m², 1 alcoba, a puerta cerrada, permite rentas turísticasSe vende excelente apartamento en el exclusivo Edificio Morros Epic, ubicado en el sector de La Boquilla, Cartagena. Una oportunidad ideal tanto para disfrutar como segunda vivienda como para inversionistas interesados en el mercado de rentas cortas.El apartamento cuenta con un área de 72 m² y se vende completamente amoblado, listo para habitar o comenzar a generar ingresos de manera inmediata.Características:Área: 72 m²1 alcoba amplia2 baños completosParqueadero cubiertoSe vende a puerta cerradaPermite rentas turísticas y alquiler por plataformas de hospedajeValor de venta: $770.000.000 COPInversión con excelente rentabilidadLa propiedad registra una facturación promedio cercana a los $8.000.000 mensuales mediante rentas cortas, convirtiéndose en una alternativa atractiva para quienes buscan ingresos recurrentes en uno de los destinos turísticos más demandados del país.Las tarifas de alojamiento oscilan entre $330.000 y $380.000 por noche, dependiendo de la temporada y la ocupación.Su ubicación privilegiada en La Boquilla, cerca de la playa y de importantes atractivos de Cartagena, sumada a la alta demanda de alojamiento turístico en la zona, hacen de este apartamento una inversión sólida con gran potencial de valorización.Solicite más informació",[],10.465148148469,-75.50138218098,2026-08-03
"Apartamento en venta en Cartagena de indias, Cartagena",https://www.fincaraiz.com.co/apartamento-en-venta-en-cartagena-de-indias-cartagena/10883392,10883392,https://cdn4.fincaraiz.com.co/repo/img/th.outside384x275.6a5f90ee3dc7d_infocdn__11821-0-5755727jpg.jpg,[],$ 215.000.000,2 Habs. 2 Baños 52 m²,"Apartamento en venta en cartagena de indias, cartagena","Apartamento enCartagena, Bolivar",,Llamar,,,,,,,,,,,,,,"APARTAMENTO DE 52 METROS CUADRADOS, EXTERIOR, VISTA PANORÁMICA, DOS HABITACIONES, LA PRINCIPAL CON BAÑO PRIVADO, ESTUDIO, BAÑO SOCIAL, COCINA INTEGRAL ABIERTA CON ISLA, ZONA DE LAVANDRÍA, BALCÓN, PARQUEADERO COMUNAL, EDIFICIO DE 31 PISOS CON DOS ASCENSORES, PISCINA PARA ADULTOS Y PARA NIÑOS, TERRAZA BBQ, SAUNA , TURCO, GIMNASIO, SALA DE JUEGOS, CANCHAS MÚLTIPLES, PARQUEADERO COMUNAL. CERCA AL PUERTO Y A 30 MINUTOS DE A BARÚ.",[],10.378425714965,-75.503067817794,2026-08-03
"Lote en Venta en Marbella, Cartagena",https://www.fincaraiz.com.co/lote-en-venta-en-marbella-cartagena/193333973,193333973,https://cdn4.fincaraiz.com.co/repo/img/th.outside384x275.6a234b9536f5c_infocdn__gr32539120260128042254jpg.jpg,[],$ 1.915.200.000,504 m²,"Lote en venta en marbella, cartagena","Lote enCartagena, Bolivar",,Llamar,,,,,,,,,,,,,,"¡Lote Estratégico de 504 m² en Marbella! A Pasos del Mar y el Centro Histórico¡Oportunidad de invertir en sector con excelente proyección de Cartagena! en el barrio Marbella, una ubicación privilegiada que conecta la tradición del Centro Amurallado con la modernidad del crecimiento en el norte.A solo unos pasos de las playas de Marbella y a minutos del Aeropuerto Internacional Rafael Núñez.Su cercanía al megaproyecto Gran Malecón del Mar garantiza una valorización exponencial, transformando el entorno en un referente turístico y recreativo de talla mundial.Ubicado en un área de alta expansión constructiva, ideal para proyectos residenciales de lujo, hoteles boutique o desarrollos comerciales.",[],10.434700948749,-75.536889561685,2026-08-03
Apartamento en Venta en Cartagena,https://www.fincaraiz.com.co/apartamento-en-venta-en-cartagena/192333879,192333879,https://cdn4.fincaraiz.com.co/repo/img/th.outside384x275.6812d15011336_infocdn__3fbqbvfoyobojbphzallxbctic65la7ukib1eyfrjpg.jpg,[],$ 780.000.000,3 Habs. 2 Baños 110 m²,Apartamento en venta en cartagena,"Apartamento enCartagena, Bolivar",,Llamar,,,,,,,,,,,,,,"SIN AMOBLAR! Tiene un área de 110M2, y cuenta con 3 habitaciones (Walk In Closet en la habitaciónprincipal), estudio, 2 baños (baño social y baño privado en la habitación principal), cocina tipoamericana, sala – comedor, 2 balcones (uno en la sala y otro en la habitación principal),zona de ropas, 1 parqueadero, aires acondicionados en cada cuarto, en el área desala – comedor, y en el estudio. La cocina está totalmente remodelada y cuenta con puerta de seguridad.Burano es un proyecto con 5 años de antigüedad en Serena del Mar, rodeado demucha vegetación, y con zonas comunes como: Piscina, jacuzzi, cancha múltiple,sauna, turco, amplias zonas verdes, gym, salón de juegos, salón social, parque infantil, yzona de BBQ.En la zona norte de Cartagena se encuentran desarrollos como los hoteles Meliá y Estelar; servicios como Supermercado Carulla, D1, farmacias, veterinarias, y restaurantes, en ramblas, la plaza comercial de zona norte, así como estaciones de gasolina, colegios como Aspaen, Altair y Británico. Además, a pocos metros se encuentra la sede caribe de la Universidad de los Andes, el Hospital de Serena del Mar (operado por la Fundación Santafé de Bogotá), a 15 minutos el centro histórico, a 10 minutos el aeropuerto Rafael Núñez y a 5 minutos la playa concesionada de Serena del Mar.",[],10.5058819,-75.4680121,2026-08-03
"Apartamento en Venta en Serena del Mar, Cartagena",https://www.fincaraiz.com.co/apartamento-en-venta-en-serena-del-mar-cartagena/193579246,193579246,https://cdn4.fincaraiz.com.co/repo/img/th.outside384x275.69caa4818d361_infocdn__picture-2ae91acb6d9a4724acf8176f9e9973c6jpg.jpg,[],$ 750.000.000,2 Habs. 2 Baños 108 m²,"Apartamento en venta en serena del mar, cartagena","Apartamento enCartagena, Bolivar",,Llamar,,,,,,,,,,,,,,"Este elegante y acogedor apartamento en venta se encuentra en el sexto piso de un edificio ubicado en serena del mar, en Cartagena De Indias. Con una superficie total de 108 metros cuadrados, esta propiedad cuenta con dos habitaciones, dos baños y dos puestos de estacionamiento. Construido en el año 2022, el apartamento ofrece una distribución moderna que integra la sala, el comedor y la cocina en un espacio abierto y funcional. Destacando por su excelente iluminación natural, el área social se conecta con una amplia terraza tipo mirador, ideal para disfrutar del aire libre y apreciar hermosos atardeceres. La habitación principal brinda comodidad y privacidad, mientras que la segunda habitación es perfecta para huéspedes o como estudio. Además, el edificio cuenta con servicios como piscina, área de relax, zona de BBQ, cancha de básquet, cancha de fútbol y accesibilidad para adultos mayores y personas con discapacidad. Una propiedad pensada para vivir con tranquilidad, comodidad y en contacto con la naturaleza.",[],10.5056449,-75.4726837,2026-08-03
"Apartamento en Venta en Bocagrande, Cartagena",https://www.fincaraiz.com.co/apartamento-en-venta-en-bocagrande-cartagena/193741799,193741799,https://cdn4.fincaraiz.com.co/repo/img/th.outside384x275.6a039867b7fca_infocdn__5df3fb4d-445c-4093-8d52-ef999f1e9309.jpeg,[],$ 1.000.000.000,3 Habs. 2 Baños 176 m²,"Apartamento en venta en bocagrande, cartagena","Apartamento enCartagena, Bolivar",,Llamar,,,,,,,,,,,,,,"Apartamento con espacios amplios, frente a la bahia e Iglesia de Bocagrande. ***",[],10.4016958,-75.5532697,2026-08-03
"Casa en venta en Marbella, Cartagena",https://www.fincaraiz.com.co/casa-en-venta-en-marbella-cartagena/10616170,10616170,https://cdn4.fincaraiz.com.co/repo/img/th.outside384x275.670ed35bde545_infocdn__gr32539120220408111404jpeg.jpeg,[],$ 700.000.000,3 Habs. 4 Baños 144 m²,"Casa en venta en marbella, cartagena","Casa enCartagena, Bolivar",,Llamar,,,,,,,,,,,,,,"Casa #1 de 2 niveles detallada asi:Primer Piso:  Terraza, sala, comedor, cocina, 2 alcobas con 2 baños c/u completos, 1 baño social o auxiliar, patio de labores y patio social.Segundo piso:  Sala star, 1 alcoba con su baño interno, balcón vista a la calle, a una cuadra de las playas de Marbella.Area terreno: 4 Ancho por 36 FondoAl día con todos los impuestos.",[],10.435122720892,-75.536670684814,2026-08-03
"Apartamento en Venta en Manga, Cartagena",https://www.fincaraiz.com.co/apartamento-en-venta-en-manga-cartagena/193741805,193741805,https://cdn4.fincaraiz.com.co/repo/img/th.outside384x275.6a039881e2588_infocdn__8063c77e-87a9-4f63-bc17-49e18c648c8d.jpeg,[],$ 600.000.000,3 Habs. 2 Baños 110 m²,"Apartamento en venta en manga, cartagena","Apartamento enCartagena, Bolivar",,Llamar,,,,,,,,,,,,,,Apartamento con excelente ubicación en el sector  residencial  del barrio Manga.  ***,[],10.4201319,-75.5375732,2026-08-03
"Apartamento en Venta en Bocagrande, Cartagena",https://www.fincaraiz.com.co/apartamento-en-venta-en-bocagrande-cartagena/193741049,193741049,https://cdn4.fincaraiz.com.co/repo/img/th.outside384x275.6a038d01143b1_infocdn__0f93d6dc-25eb-4748-a495-3493d6e8c7b6.jpeg,[],$ 3.900.000.000,3 Habs. 4 Baños 340 m²,"Apartamento en venta en bocagrande, cartagena","Apartamento enCartagena, Bolivar",,Llamar,,,,,,,,,,,,,,"ESPECTACULAR APARTAMENTO , CON VISTA A LA BAHÍA DE CARTAGENA. ***",[],10.4021562,-75.5535041,2026-08-03
"Apartamento en Venta en El centro, Cartagena",https://www.fincaraiz.com.co/apartamento-en-venta-en-el-centro-cartagena/192636419,192636419,https://cdn4.fincaraiz.com.co/repo/img/th.outside384x275.68d6c23248126_infocdn__276-1-1752506148jpg.jpg,[],$ 6.850.000.000,4 Habs. 6 Baños 440 m²,"Apartamento en venta en el centro, cartagena","Apartamento enCartagena, Bolivar",,Llamar,,,,,,,,,,,,,,"Cartagena oportunidad de inversión centro histórico. Venta apartamento Casa del Boquetillo, En este exclusivo condominio encontrarás privacidad y lujo en ciudad antigua de Cartagena.Este apartamento dúplex tiene un área total de 440.22 m². distribuido en dos nivelesPrimer nivel imponente hall de entrada con espejo de agua, sala y comedor que conduce a un hermoso patio terraza con piscina, 3 alcobas: alcoba principal tipo suit con baño y vista impresionante a la terraza jardín, dos alcobas adicionales cada una con baño privado, cocina abierta con zona de labores, baño social, baño de servicio. Segundo nivel: sala de estar, baño completo, estudio. Incluye dos garajes y una bodega para espacio adicional de almacenamiento. El edificio ofrece zona social con piscina infinita con vista al mar y las murallas, turco, sauna, gimnasio, salón mirador, cocina, zona de masajes y patio de juegos para niños. Que esperas para conocerlo, contactanos ahora. ¡Viva o invierta en el corazón de la ciudad amurallada!",[],10.42844499947,-75.548905700235,2026-08-03
"Apartamento en Venta en Crespo, Cartagena",https://www.fincaraiz.com.co/apartamento-en-venta-en-crespo-cartagena/192662306,192662306,https://cdn4.fincaraiz.com.co/repo/img/th.outside384x275.687e5ac6222a6_infocdn__gbljyslixl8ndtwwtsgfvstgxussnkjled0ggbsrjpg.jpg,[],$ 650.000.000,1 Hab 1 Baño 48 m²,"Apartamento en venta en crespo, cartagena","Apartamento enCartagena, Bolivar",,Llamar,,,,,,,,,,,,,,"1 HABITACION, BAÑO,SALA,COMEDOR,COCINA, PISCINA,PARQUEADERO COMUNAL",[],10.4454451,-75.5176517,2026-08-03
"Lote en Venta en Cartagena de indias, Cartagena",https://www.fincaraiz.com.co/lote-en-venta-en-cartagena-de-indias-cartagena/192325030,192325030,https://cdn4.fincaraiz.com.co/repo/img/th.outside384x275.681261c41d176_infocdn__gr-lote-en-karibana-beach-golf-ca-1699638251-4335-8101jpg.jpg,[],$ 1.200.000.000,797 m²,"Lote en venta en cartagena de indias, cartagena","Lote enCartagena, Bolivar",,Llamar,,,,,,,,,,,,,,"BROKER INMOBILIARIO: Paula Lucía Gómez Vélez - ESTADO DEL INMUEBLE: EXCELENTE. ¿Lo quieres? Vendemos este espectacular lote ubicado en Karibana Golf Beach Condominio - Manzanillo del Mar.CARACTERISTICAS DEL CONDOMINIO: Este proyecto se hizo famoso por su incomparable campo de golf con 18 hoyos totalmente diseñados por Nicklaus Design en un espectacular entorno sobre el Mar Caribe . Un campo excepcional y retador que abrió sus puertas al Karibana Championship del Web.com Tour aprobado por la PGA.En un importante lote de 145 hectáreas, donde se están realizando obras con enfoque turístico, se viene construyendo con éxito Karibana. Con un kilómetro de playa concesionada y una impresionante vista al bosque natural, al mar y la ciudad de Cartagena, este paraíso abre sus puertas al descanso, la calma, la alegría y el buen vivir.Este magnifico condominio cuenta dentro de sus instalaciones con el exclusivo Dreams Hotels & Resorts Cartagena, con 270 habitaciones, club para niños, spa, restaurantes, piscinas, bar, locales comerciales y otros servicios complementarios que sumarán aún más beneficios al placer de vivir en un lugar que lo tiene todo. Lo que hace de Karibana un desarrollo único en su especie, es la amplia diversidad de actividades de entretenimiento y descanso que ofrece, dentro de las que se destacan su Club House, su Club de Playa, sus canchas de tenis con Plexi cushion, sus deportes náuticos y su impresionante campo de golf diseñado y construid",[],10.5427316,-75.4912515,2026-08-03
"Lote en Venta en Cartagena de indias, Cartagena",https://www.fincaraiz.com.co/lote-en-venta-en-cartagena-de-indias-cartagena/192295464,192295464,https://cdn4.fincaraiz.com.co/repo/img/th.outside384x275.6807d3623cefe_infocdn__gr-lote-en-karibana-beach-golf-ca-1699638213-5663-6779jpg.jpg,[],$ 1.400.000.000,986 m²,"Lote en venta en cartagena de indias, cartagena","Lote enCartagena, Bolivar",,Llamar,,,,,,,,,,,,,,"BROKER INMOBILIARIO: Paula Lucía Gómez Vélez - ESTADO DEL INMUEBLE: EXCELENTE. ¿Lo quieres? Vendemos este espectacular lote ubicado en Karibana Golf Beach Condominio - Manzanillo del Mar.CARACTERISTICAS DEL CONDOMINIO: Este proyecto se hizo famoso por su incomparable campo de golf con 18 hoyos totalmente diseñados por Nicklaus Design en un espectacular entorno sobre el Mar Caribe . Un campo excepcional y retador que abrió sus puertas al Karibana Championship del Web.com Tour aprobado por la PGA.En un importante lote de 145 hectáreas, donde se están realizando obras con enfoque turístico, se viene construyendo con éxito Karibana. Con un kilómetro de playa concesionada y una impresionante vista al bosque natural, al mar y la ciudad de Cartagena, este paraíso abre sus puertas al descanso, la calma, la alegría y el buen vivir.Este magnifico condominio cuenta dentro de sus instalaciones con el exclusivo Dreams Hotels & Resorts Cartagena, con 270 habitaciones, club para niños, spa, restaurantes, piscinas, bar, locales comerciales y otros servicios complementarios que sumarán aún más beneficios al placer de vivir en un lugar que lo tiene todo. Lo que hace de Karibana un desarrollo único en su especie, es la amplia diversidad de actividades de entretenimiento y descanso que ofrece, dentro de las que se destacan su Club House, su Club de Playa, sus canchas de tenis con Plexi cushion, sus deportes náuticos y su impresionante campo de golf diseñado y construid",[],10.5427316,-75.4912515,2026-08-03
Apartamento en Venta en Cartagena,https://www.fincaraiz.com.co/apartamento-en-venta-en-cartagena/192301477,192301477,https://cdn4.fincaraiz.com.co/repo/img/th.outside384x275.68095bdea25fb_infocdn__gr14907620230711085248jpg.jpg,[],$ 1.350.000.000,3 Habs. 3 Baños 145 m²,Apartamento en venta en cartagena,"Apartamento enCartagena, Bolivar",,Llamar,,,,,,,,,,,,,,Valparaíso es un edificio residencial de apartamentos todos con vista franca a la Bahía de Cartagena. Su gran atractivo es la ubicación frente a la Bahía y al lado de la Iglesia de Bocagrande.,[],10.402106,-75.5528622,2026-08-03
"Lote en Venta en Cartagena de indias, Cartagena",https://www.fincaraiz.com.co/lote-en-venta-en-cartagena-de-indias-cartagena/192294850,192294850,https://cdn4.fincaraiz.com.co/repo/img/th.outside384x275.681f8e7d523af_infocdn__gr149072720231003033836jpeg.jpeg,[],$ 1.250.000.000,978 m²,"Lote en venta en cartagena de indias, cartagena","Lote enCartagena, Bolivar",,Llamar,,,,,,,,,,,,,,"BROKER INMOBILIARIO: Paula Lucía Gómez Vélez - ESTADO DEL INMUEBLE: EXCELENTE. ¿Lo quieres? Vendemos este espectacular lote en Karibana Golf Beach Condominio - Manzanillo del Mar.CARACTERISTICAS DEL CONDOMINIO: Este proyecto se hizo famoso por su incomparable campo de golf con 18 hoyos totalmente diseñados por Nicklaus Design en un espectacular entorno sobre el Mar Caribe . Un campo excepcional y retador que abrió sus puertas al Karibana Championship del Web.com Tour aprobado por la PGA.En un importante lote de 145 hectáreas, donde se están realizando obras con enfoque turístico, se viene construyendo con éxito Karibana. Con un kilómetro de playa concesionada y una impresionante vista al bosque natural, al mar y la ciudad de Cartagena, este paraíso abre sus puertas al descanso, la calma, la alegría y el buen vivir.Este magnifico condominio cuenta dentro de sus instalaciones con el exclusivo Dreams Hotels & Resorts Cartagena, con 270 habitaciones, club para niños, spa, restaurantes, piscinas, bar, locales comerciales y otros servicios complementarios que sumarán aún más beneficios al placer de vivir en un lugar que lo tiene todo. Lo que hace de Karibana un desarrollo único en su especie, es la amplia diversidad de actividades de entretenimiento y descanso que ofrece, dentro de las que se destacan su Club House, su Club de Playa, sus canchas de tenis con Plexi cushion, sus deportes náuticos y su impresionante campo de golf diseñado y construido por Ni",[],10.5427316,-75.4912515,2026-08-03
Lote en Venta en Cartagena,https://www.fincaraiz.com.co/lote-en-venta-en-cartagena/192386327,192386327,https://cdn4.fincaraiz.com.co/repo/img/th.outside384x275.6823e2e2612c7_infocdn__-lote-albatross-karibana-beach-1746896615-8662-6670jpeg.jpeg,[],$ 1.400.000.000,911 m²,Lote en venta en cartagena,"Lote enCartagena, Bolivar",,Llamar,,,,,,,,,,,,,,"Vendemos este espectacular lote en Karibana Golf Beach Condominio.CARACTERISTICAS DEL CONDOMINIO: Este proyecto se hizo famoso por su incomparable campo de golf con 18 hoyos totalmente diseñados por Nicklaus Design en un espectacular entorno sobre el Mar Caribe . Un campo excepcional y retador que abrió sus puertas al Karibana Championship del Web.com Tour aprobado por la PGA.En un importante lote de 145 hectáreas, donde se están realizando obras con enfoque turístico, se viene construyendo con éxito Karibana. Con un kilómetro de playa concesionada y una impresionante vista al bosque natural, al mar y la ciudad de Cartagena, este paraíso abre sus puertas al descanso, la calma, la alegría y el buen vivir.Este magnifico condominio cuenta dentro de sus instalaciones con el exclusivo Dreams Hotels & Resorts Cartagena, con 270 habitaciones, club para niños, spa, restaurantes, piscinas, bar, locales comerciales y otros servicios complementarios que sumarán aún más beneficios al placer de vivir en un lugar que lo tiene todo. Lo que hace de Karibana un desarrollo único en su especie, es la amplia diversidad de actividades de entretenimiento y descanso que ofrece, dentro de las que se destacan su Club House, su Club de Playa, sus canchas de tenis con Plexi cushion, sus deportes náuticos y su impresionante campo de golf diseñado y construido por Nicklaus Design.",[],10.5427316,-75.4912515,2026-08-03
"Apartamento en Venta en Manga, Cartagena",https://www.fincaraiz.com.co/apartamento-en-venta-en-manga-cartagena/193741817,193741817,https://cdn4.fincaraiz.com.co/repo/img/th.outside384x275.6a03989f1eff7_infocdn__18211d20-0ec0-4f6a-8e33-b85521020ca6.jpeg,[],$ 2.300.000.000,3 Habs. 5 Baños 443 m²,"Apartamento en venta en manga, cartagena","Apartamento enCartagena, Bolivar",,Llamar,,,,,,,,,,,,,,. ***,[],10.4137021,-75.5424315,2026-08-03
"Apartamento en  Venta en Cartagena de indias, Cartagena",https://www.fincaraiz.com.co/apartamento-en-venta-en-cartagena-de-indias-cartagena/192225503,192225503,https://cdn4.fincaraiz.com.co/repo/img/th.outside384x275.67edb492bc06a_infocdn__gr-apartamento-2-alcobas-kariban-1743629692-8224-59jpeg.jpeg,[],$ 1.400.000.000,2 Habs. 2 Baños 125 m²,"Apartamento en  venta en cartagena de indias, cartagena","Apartamento enCartagena, Bolivar",,Llamar,,,,,,,,,,,,,,"BROKER INMOBILIARIO: Paula Lucía Gómez Vélez - ¿Lo quieres? Vendemos este espectacular apartamento de Karibana Golf Beach Condominio.  CARACTERISTICAS DEL CONDOMINIO: Este proyecto se hizo famoso por su incomparable campo de golf con 18 hoyos totalmente diseñados por Nicklaus Design en un espectacular entorno sobre el Mar Caribe . Un campo excepcional y retador que abrió sus puertas al Karibana Championship del Web.com Tour aprobado por la PGA. En un importante lote de 145 hectáreas, donde se están realizando obras con enfoque turístico, se viene construyendo con éxito Karibana. Con un kilómetro de playa concesionada y una impresionante vista al bosque natural, al mar y la ciudad de Cartagena, este paraíso abre sus puertas al descanso, la calma, la alegría y el buen vivir. Este magnifico condominio cuenta dentro de sus instalaciones con un exclusivo hotel con 270 habitaciones, club para niños, spa, restaurantes, piscinas, bar, locales comerciales y otros servicios complementarios que sumarán aún más beneficios al placer de vivir en un lugar que lo tiene todo. Lo que hace de Karibana un desarrollo único en su especie, es la amplia diversidad de actividades de entretenimiento y descanso que ofrece, dentro de las que se destacan su Club House, su Club de Playa, sus canchas de tenis con Plexi cushion, sus deportes náuticos y su impresionante campo de golf diseñado y construido por Nicklaus Design.Mayores Informes: MOVIL: (+57) ***MAIL:",[],10.5425917,-75.4916197,2026-08-03
"Apartaestudio en Venta en Arroyo de piedra, Cartagena",https://www.fincaraiz.com.co/apartaestudio-en-venta-en-arroyo-de-piedra-cartagena/194020686,194020686,https://cdn4.fincaraiz.com.co/repo/img/th.outside384x275.6a611b15613c4_infocdn__40lhddaqpguuosodbm6jn43u2qlh906uh8plnqphjpg.jpg,[],$ 420.000.000,1 Hab 2 Baños 53 m²,"Apartaestudio en venta en arroyo de piedra, cartagena","Apartaestudio enCartagena, Bolivar",,Llamar,,,,,,,,,,,,,,Apartaesrudio en Condominio doral  ubicado en zona norte cartagena,[],10.5562441,-75.458069,2026-08-03
"Casa en  Venta en La consolata, Cartagena",https://www.fincaraiz.com.co/casa-en-venta-en-la-consolata-cartagena/192028219,192028219,https://cdn4.fincaraiz.com.co/repo/img/th.outside384x275.67b10523f316e_infocdn__imagen-de-whatsapp-2024-02-12-a-las-164928-f2c1fb9ajpg.jpg,[],$ 200.000.000,3 Habs. 1 Baño 55 m²,"Casa en  venta en la consolata, cartagena","Casa enCartagena, Bolivar",,Llamar,,,,,,,,,,,,,,Casa de dos pisos divididas en dos apartamentos iguales,[],10.3767821,-75.4810146,2026-08-03
"Apartamento en Venta en La Boquilla, Cartagena",https://www.fincaraiz.com.co/apartamento-en-venta-en-la-boquilla-cartagena/194046395,194046395,https://cdn4.fincaraiz.com.co/repo/img/th.outside384x275.6a6934d08cf9f_infocdn__9kxncnuowrjpthxb90cmxj5ainymmcy9swgklyzujpg.jpg,[],$ 1.300.000.000,2 Habs. 2 Baños 112 m²,"Apartamento en venta en la boquilla, cartagena","Apartamento enCartagena, Bolivar",,Llamar,,,,,,,,,,,,,,"Vive, disfruta e invierte en un apartamento que genera valorImagina tener un apartamento en el exclusivo conjunto de Morros epic , al que puedas escapar cuando quieras y que, mientras no lo utilizas, produzca ingresos para ayudarte a cubrir sus gastos e incluso generar una utilidad adicional. Esta propiedad hace posible ambas cosas.Se vende espectacular apartamento completamente amoblado y equipado, listo para habitar o continuar operándolo en alquileres de corta estancia. Una excelente oportunidad para quienes desean diversificar su patrimonio con un activo inmobiliario de alta valorización y gran potencial de rentabilidad.Características del apartamento2 amplias alcobas.2 baños completos.Baño de servicio.Moderna cocina integral de concepto abierto.Zona de labores.Amplia sala-comedor con excelente iluminación natural.Espectacular terraza de gran tamaño, ideal para compartir con familiares y amigos o simplemente disfrutar del aire libre.Parqueadero privado.Casillero (depósito).Se entrega completamente amoblado y equipado.Una inversión inteligenteEste apartamento es perfecto para quienes buscan una segunda vivienda que puedan disfrutar durante vacaciones o fines de semana y que, al mismo tiempo, se convierta en una inversión rentable.Gracias a la alta demanda de alquileres de corta estancia, la propiedad puede generar ingresos que ayuden a cubrir los costos de administración, mantenimiento y operación, además de dejar una utilidad adicional mientras el inmueble continúa valorizándose con el paso del tiempo.Es la combinación perfecta entre calidad de vida, patrimonio y rentabilidad.Ideal para:✔ Personas que desean una segunda vivienda.✔ Inversionistas en alquileres de corta estancia.✔ Quienes buscan un inmueble listo para generar ingresos desde el primer día.✔ Compradores que desean proteger su capital en un activo con excelente potencial de valorización.¡Agenda tu visita y conoce una propiedad donde podrás disfrutar, invertir y hacer crecer tu patrimonio en un solo lugar!",[],10.4660626,-75.5016916,2026-08-03
"Apartamento en Venta en Serena del Mar, Cartagena",https://www.fincaraiz.com.co/apartamento-en-venta-en-serena-del-mar-cartagena/194032236,194032236,https://cdn4.fincaraiz.com.co/repo/img/th.outside384x275.6a63db6b557e1_infocdn__mxwrxnfowma3gkf1plywgazlpbhoncvnych2uulmpng.png,[],$ 455.000.000,2 Habs. 2 Baños 72 m²,"Apartamento en venta en serena del mar, cartagena","Apartamento enCartagena, Bolivar",,Llamar,,,,,,,,,,,,,,"Gran oportunidad!!!!, Espectacular apartamento con diseño exclusivo,  ubicado en Serena del mar sector corales con via a la playa de manzanillo 10 minutos caminando,  sector tranquilo de amplia valoración listo para ocupar, espacioso, iluminado, cuenta con 2 aires acondicionados y 2 ventiladores de techo, 2 habitaciones cada una con closet, 2 baños totalmente terminados y con divisiones uno de ellos ducha de agua caliente, cocina con barra americana en cuarzo blanco, 72 metros con una amplia sala comedor y  estudio, una pequeña bodega en la sala para almacenar elementos oculta, Parqueadero propio, balcon y zona de lavanderia, cerradura digital con apertura remota, camara al ingreso de la puerta, muro termico en habitacion principal para aislar las altas temperaturas, DIRECTOS sin intermediarios, Sin credito pero el leasing esta listo para transpaso ahorrando mas del 50% en escrituras, no lo piense llamenos para tener su apartamento soñado y lo mejor con licencia para rentas cortas lo que permite alquilarlo como desee. Valor venta $455.000.000 millones sin muebles, $470.000.000 totalmente dotado como las fotos. El conjunto cerrado cuenta con piscina adultos y niños, coworking, gimnasio dotado, sala de juntas y area de juegos, A tan solo 10 minutos del centro comercial las ramblas y al futuro desarrollo de kristal mall el primer shopping resort mas grande en latinoamerica un lugar de alta valorización y desarrollo.",[],10.5166182,-75.4915687,2026-08-03
"Apartaestudio en Venta en Serena del Mar, Cartagena",https://www.fincaraiz.com.co/apartaestudio-en-venta-en-serena-del-mar-cartagena/193658154,193658154,https://cdn4.fincaraiz.com.co/repo/img/th.outside384x275.69e795f461938_infocdn__gk6mhnw5fhlhujfshuy7lnx4qdas66c8wlkfrkykjpg.jpg,[],$ 300.000.000,1 Hab 1 Baño 37 m²,"Apartaestudio en venta en serena del mar, cartagena","Apartaestudio enCartagena, Bolivar",,Llamar,,,,,,,,,,,,,,"Hermoso Aparta estudio para Estrenar con remodelación a unos pasos del hospital de Serena,  tiene parqueadero.",[],10.5050867,-75.4671847,2026-08-03
"Apartamento en Venta en Marbella, Cartagena",https://www.fincaraiz.com.co/apartamento-en-venta-en-marbella-cartagena/194011795,194011795,https://cdn4.fincaraiz.com.co/repo/img/th.outside384x275.6a5ee1ea9803a_infocdn__kpmehyaojsnzsaxxc02rghv5aeijqyb1jjtyy84wjpg.jpg,[],$ 700.000.000,4 Habs. 4 Baños 134 m²,"Apartamento en venta en marbella, cartagena","Apartamento enCartagena, Bolivar",,Llamar,,,,,,,,,,,,,,"? A minutos de la playa, en una de las zonas más exclusivas de Cartagena.? 3 habitaciones amplias con closet c/u? Habitación principal con baño privado?️ Amplia sala-comedor + balcón?‍? Cocina con mesón de porcelanato? Habitación de servicio con baño privado? 2 parqueaderos + depósito? Zonas sociales: piscina, salón social, área infantil y portería 24 horas.? ¡Escríbenos y agenda tu visita hoy mismo! No dejes pasar esta oportunidad de vivir frente al mar.",[],10.4357484,-75.536103,2026-08-03
"Apartamento en Venta en Serena del Mar, Cartagena",https://www.fincaraiz.com.co/apartamento-en-venta-en-serena-del-mar-cartagena/193149936,193149936,https://cdn4.fincaraiz.com.co/repo/img/th.outside384x275.6929c4e80d5c4_infocdn__9stte9ns2jv1efmsdhsbjq1b5u9lf5ndnlphqt1mjpg.jpg,[],$ 650.000.000,2 Habs. 2 Baños 108 m²,"Apartamento en venta en serena del mar, cartagena","Apartamento enCartagena, Bolivar",,Llamar,,,,,,,,,,,,,,"Se vende moderno apartamento de 2 habitaciones, 2 baños y 2 parqueaderos, ubicado en una de las zonas de mayor crecimiento y valorización de Cartagena. Un espacio diseñado para disfrutar de la tranquilidad, el confort y la vida caribeña en su máxima expresión.Este apartamento cuenta con:? Amplia sala-comedor con excelente iluminación natural?️ Cocina abierta tipo americana con acabados contemporáneos?️ Habitación principal con baño privado y walking-closet?️ Segunda habitación ideal para huéspedes, estudio o familia? Baño social completo? Dos parqueaderos independientesAdemás, podrás disfrutar de las exclusivas amenidades de Serena del Mar:? Piscinas para adultos y niños y zonas humedas.?️‍♂️ Gimnasio totalmente dotado? Senderos peatonales y zonas verdes? Salón social y zonas de coworking? Ambiente seguro, moderno y rodeado de naturalezaUn lugar ideal para vivir o invertir en una zona de alta valorización.¡Tu nuevo hogar te espera en Serena del Mar!",[],10.5006165,-75.468905,2026-08-03
"Lote en Venta en Punta canoa, Cartagena",https://www.fincaraiz.com.co/lote-en-venta-en-punta-canoa-cartagena/193995180,193995180,https://cdn4.fincaraiz.com.co/repo/img/th.outside384x275.6a5803c9c45ee_infocdn__wzophq2ojr90f8skbbtfsji3szteawszhttsnm9wjpg.jpg,[],$ 12.000.000.000,40000 m²,"Lote en venta en punta canoa, cartagena","Lote enCartagena, Bolivar",,Llamar,,,,,,,,,,,,,,"1. DATOS GENERALES DEL LOTE- Nombre: Lote frente al Mar Caribe- Ubicación: Punta Canoa, Cartagena- Tipo: Oportunidad exclusiva de inversión- Extensión: 4 hectáreas de terreno- Frente al mar: 200 metros de frente al Mar Caribe- Propiedad en venta: 4 Ha, ya delimitada y con infraestructura2. UBICACIÓN Y CONECTIVIDAD- Aeropuerto Internacional Rafael Núñez: 20 - 25 min- Ciudad Amurallada de Cartagena: 30 - 35 min- Acceso: Excelente acceso vial- Zona: Norte de Cartagena, uno de los principales corredores de expansión turística e inmobiliaria del Caribe colombiano3. CARACTERÍSTICAS PRINCIPALES- Energía: Energía eléctrica disponible + plantas generadoras instaladas- Infraestructura: Aproximadamente 5.000 m² de infraestructura construida- Jurídico: Excelente tradición y situación jurídica4. USOS IDEALES- Hotel o resort turístico- Desarrollo institucional o universitario- Wellness retreat- Condominio turístico- Desarrollo inmobiliario de alto nivel- Uso mixto5. VALOR- Valor por m²: $300.000 COP- Valor total: $12.000 Millones de pesos COP- Valor aprox. en dólares: USD ***",[],10.5708317,-75.5104405,2026-08-03
"Apartamento en Venta en Punta canoa, Cartagena",https://www.fincaraiz.com.co/apartamento-en-venta-en-punta-canoa-cartagena/193991369,193991369,https://cdn4.fincaraiz.com.co/repo/img/th.outside384x275.6a576e79d54f0_infocdn__ga2migaadxfg7o7kzlecacowwacav2pbvujpeb7qjpg.jpg,[],$ 540.000.000,3 Habs. 4 Baños 90 m²,"Apartamento en venta en punta canoa, cartagena","Apartamento enCartagena, Bolivar",,Llamar,,,,,,,,,,,,,,"En venta   apartamento a puerta cerrada  Domotizado y totalmente Amoblado para estrenar.Muy muy económico.Calle 6Torre 4Apt 1023 Habitaciones4 Baños1 Terraza con techo corredizo y Jacuzzi1 parqueaderosSala comedorWifi StarlinkSistema de cámaras de seguridadSitema Alexa en todo el aptoElectrodomésticos SamsungConjunto residencial en construcción,  no se paga Agua, ni Luz, ni Gas, ni administración,  mientras terminan el proyecto.Interesados ***",[],10.5628601,-75.4787983,2026-08-03
"Apartamento en Venta en Torices, Cartagena",https://www.fincaraiz.com.co/apartamento-en-venta-en-torices-cartagena/193987651,193987651,https://cdn4.fincaraiz.com.co/repo/img/th.outside384x275.6a56668169c8a_infocdn__mr8lhpuwb3u7brd8gdt5cfuhrvbwsuls5la6bzttjpg.jpg,[],$ 450.000.000,3 Habs. 2 Baños 56 m²,"Apartamento en venta en torices, cartagena","Apartamento enCartagena, Bolivar",,Llamar,,,,,,,,,,,,,,"Excelente oportunidad de inversión en uno de los sectores con mayor proyección de Cartagena. Se vende completamente amoblado y listo para generar ingresos desde el primer día.El edificio permite rentas cortas, lo que lo convierte en una excelente alternativa para alquiler turístico o plataformas como Airbnb. Su ubicación estratégica, a pocos minutos del Centro Histórico, las playas de Marbella y el Aeropuerto Rafael Núñez, lo hace muy atractivo para visitantes nacionales e internacionales.El apartamento ofrece espacios cómodos, buena iluminación y ventilación natural, y se encuentra cerca de supermercados, restaurantes, transporte público y todos los servicios necesarios.Ideal para inversionistas que buscan una propiedad con alto potencial de rentabilidad o para quienes desean disfrutar de Cartagena con la comodidad de un apartamento completamente dotado.Se entrega totalmente amoblado y listo para habitar o rentar.",[],10.4342831,-75.533613,2026-08-03
"Apartamento en Venta en Bocagrande, Cartagena",https://www.fincaraiz.com.co/apartamento-en-venta-en-bocagrande-cartagena/193975198,193975198,https://cdn4.fincaraiz.com.co/repo/img/th.outside384x275.6a5067c12fd27_infocdn__gwn5kwrakzob7ldizxbvcpxi0eofmnuztew82xpwpng.png,[],$ 2.200.000.000,3 Habs. 2 Baños 116 m²,"Apartamento en venta en bocagrande, cartagena","Apartamento enCartagena, Bolivar",,Llamar,,,,,,,,,,,,,,"Apartamento de lujo en venta en Murano Elite, CartagenaEspectacular apartamento remodelado de 3 habitaciones en el exclusivo edificio Murano Elite, ubicado en el piso 31 con una vista privilegiada al mar y a la ciudad.Cuenta con muebles de lujo, pisos renovados, cocina amplia, 2 baños enchapados con acabados premium y un balcón con vista al mar, ideal para disfrutar los atardeceres de Cartagena desde la comodidad de tu hogar.Sus espacios son amplios, modernos e iluminados, pensados para quienes buscan elegancia, comodidad y una propiedad con alto potencial de valorización y renta.Características:Área: 116 mt2Administración: $ ***Predial : $ ***habitaciones2 bañosPiso 311 parqueaderoVista al marBalcónCocina abiertaPiso porcelanatoRemodeladoMuebles de lujoBaños enchapados con acabados premiumEdificio Murano ElitePrecio de venta: $2.200 millones COPUna propiedad exclusiva, lista para disfrutar o invertir en una de las zonas más atractivas de Cartagena.",[],10.409689572163,-75.551768461377,2026-08-03
"Apartamento en Venta en Marbella, Cartagena",https://www.fincaraiz.com.co/apartamento-en-venta-en-marbella-cartagena/193969982,193969982,https://cdn4.fincaraiz.com.co/repo/img/6a4ef8a0eee51_infocdn__liqauwljxx6f8bvvqybprncqcpil4dgsfwspfrucwebp.webp,[],$ 870.000.000,3 Habs. 2 Baños 117 m²,"Apartamento en venta en marbella, cartagena","Apartamento enCartagena, Bolivar",,Llamar,,,,,,,,,,,,,,"Apartamento en venta directa, ubicado en El Cabrero - Cartagena; el apartamento consta de 3 habitaciones, sala de TV, sala-comedor, aire acondicionados, 2 baños, Vestier, balcón con vista al mar y laguna del cabrero y zona BBQ, cocina integral, zona de labores cubierta, dos parqueaderos cubiertos, Depósito. A pocos metros del centro histórico, playas de marbella, restaurantes, almacenes de cadena, centros comerciales, a pocos minutos del aeropuerto Rafael Núñez; El edificio consta de 2 piscinas (adultos y niños), gimnasio equipado, salón social para eventos, zona de BBQ, baño turco, sauna, 4 jacuzzis, zona de juegos infantiles, 2 ascensores (inquilinos y de mascotas), parqueadero cubierto, parqueadero para visitantes, vigilancia privada las 24/7, circuito cerrado de TV.",[],10.4338638,-75.539081,2026-08-03
"Apartamento en venta en Puerta de las Américas, Cartagena",https://www.fincaraiz.com.co/apartamento-en-venta-en-puerta-de-las-americas-cartagena/10166097,10166097,https://d3s5pkt10pk3ga.cloudfront.net/resizedImages/384x275/site/fincaraiz_service/media/listing/3f3a2446-8061-4079-bb8f-1987900b2d20/photos/3f3a2446-8061-4079-bb8f-1987900b2d20_1_True_be35a8cd-46ab-4930-a9b5-9c7605be980a.jpg,[],$ 485.000.000,2 Habs. 2 Baños 75 m²,"Apartamento en venta en puerta de las américas, cartagena","Apartamento enCartagena, Bolivar",,Llamar,,,,,,,,,,,,,,"Hermoso apartmento con acabados de lujo, todo en excelentes condiciones, en zona Norte de Cartagena a 15 minutos de la ciudad amurallada y Bocagrande sobre la vía al mar con fácil acceso a Barranquilla y otras ubicaciones de la región. El apartamento cuenta con 2 habitaciones 2 baños balcón, cocina sala comedor y un corredor a la entrada muy amplio, un parqueadero Gimnasio piscina clubhouse jacuzzi y zonas verdes La zona es muy tranquila. Torre esra ubicada a la entrada de la porteria y vigilancia. Ojo! este apartamento fue adecuando con acabalados de alta calidad como puertas y cocina contra incendios.",[],10.532766,-75.4586784,2026-08-03
"Apartamento en Venta en Bocagrande, Cartagena",https://www.fincaraiz.com.co/apartamento-en-venta-en-bocagrande-cartagena/193942407,193942407,https://cdn4.fincaraiz.com.co/repo/img/th.outside384x275.6a458fb20a0a5_infocdn__m10lfuvbiozgy2bhry0rizjcc1xdzdgfqhehfitmjpg.jpg,[],$ 780.000.000,3 Habs. 3 Baños 132 m²,"Apartamento en venta en bocagrande, cartagena","Apartamento enCartagena, Bolivar",,Llamar,,,,,,,,,,,,,,"Apartamento en excelente estado.su excelente ubicación permite disfrutar de la comodidad de tener todo a pocos pasos a una cuadra del C.C plaza bocagrande media cuadra de la playa y supermercados. Desde la sala se aprecia una agradable vista al mar. Cuenta  con tres alcobas, alcoba principal con baño privado y walking closet. Dos habitaciones, baño auxiliar con ducha. Sala comedor muy amplia, cocina abierta, zona de labores amplia o habitación de servicio, cuenta con baño y ducha. Adicional, apartamento cuenta totalmente con black out, dos aires acondicionados en habitaciones 1 y 2. Edificio cuenta con Dos ascensores, vigilancia 24hr. Piso 2.",[],10.4101185,-75.5505696,2026-08-03
"Apartamento en Venta en 2. localidad de la virgen y turistica, Cartagena",https://www.fincaraiz.com.co/apartamento-en-venta-en-2-localidad-de-la-virgen-y-turistica-cartagena/193928243,193928243,https://cdn4.fincaraiz.com.co/repo/img/th.outside384x275.6a41d9cabed71_infocdn__f6lwwoue3nj3skwxlhqfsdfuwactcunkqbnaqegujpg.jpg,[],$ 320.000.000,1 Hab 1 Baño 42 m²,"Apartamento en venta en 2. localidad de la virgen y turistica, cartagena","Apartamento enCartagena, Bolivar",,Llamar,,,,,,,,,,,,,,"✨ Apartamento en venta en Serena del Mar – Capriella ✨Haz realidad el sueño de vivir o invertir en uno de los sectores con mayor proyección de Cartagena.Este acogedor apartamento ofrece 42 m² de área privada, complementados con 10 m² de área común de uso exclusivo, un espacio tipo patio con grama natural delimitado por un cerco vegetal, ideal para disfrutar al aire libre con total privacidad. En conjunto, brinda un ambiente amplio, cómodo y diferente a los apartamentos tradicionales del conjunto.? Distribución:• 1 habitación amplia e iluminada.• 1 baño moderno.• Sala–comedor con excelente ventilación e iluminación natural.• Cocina abierta tipo americana.• Zona de labores.• Balcón con acceso directo al patio privado de uso exclusivo.? Un diferencial que enamoraAl estar ubicado en el primer piso, el apartamento cuenta con un agradable patio con zona verde de aproximadamente 10 m², de uso exclusivo del inmueble. Es el lugar perfecto para disfrutar un café, compartir con amigos, crear un pequeño jardín, relajarse al aire libre o brindar un espacio ideal para mascotas.?️ Más que un apartamento, un estilo de vidaUbicado en Capriella, dentro de Serena del Mar, un entorno diseñado para el bienestar, con amplias zonas verdes, tranquilidad y excelente valorización.✨ Amenidades del conjunto:• Piscinas para adultos y niños.• Gimnasio.• Coworking ideal para trabajo remoto.• Zona de juegos infantiles.• Gimnasio biosaludable al aire libre.• Senderos peatonales.• Acceso a playa privada.• Vigilancia 24/7.? Ubicación estratégica:• A pocos minutos de la playa de Manzanillo.• Cerca del centro comercial Las Ramblas (restaurantes, supermercados y servicios).• Fácil acceso al aeropuerto Rafael Núñez y al Centro Histórico de Cartagena.? Ideal para:• Personas que trabajan de forma remota.• Parejas.• Quienes buscan un apartamento con espacios exteriores poco comunes.• Inversionistas interesados en una zona de alta valorización y gran potencial para renta vacacional.",[],10.5166182,-75.4915687,2026-08-03
"Apartamento en Venta en Manga, Cartagena",https://www.fincaraiz.com.co/apartamento-en-venta-en-manga-cartagena/193976911,193976911,https://cdn4.fincaraiz.com.co/repo/img/th.outside384x275.6a510dc5f334a_infocdn__1yeqde2xixmj8elhhcc71wsft2hchck6jf36kblyjpg.jpg,[],$ 450.000.000,4 Habs. 3 Baños 115 m²,"Apartamento en venta en manga, cartagena","Apartamento enCartagena, Bolivar",,Llamar,,,,,,,,,,,,,,Excelente ubicación edificio residencial,[],10.3932277,-75.4832311,2026-08-03
"Apartamento en Venta en Serena del Mar, Cartagena",https://www.fincaraiz.com.co/apartamento-en-venta-en-serena-del-mar-cartagena/193978533,193978533,https://cdn4.fincaraiz.com.co/repo/img/th.outside384x275.6a5163fd6996f_infocdn__yl3kqtruz91izxhlbqp6uqr9za16ns4jep8u8qpojpg.jpg,[],$ 620.000.000,2 Habs. 2 Baños 89 m²,"Apartamento en venta en serena del mar, cartagena","Apartamento enCartagena, Bolivar",,Llamar,,,,,,,,,,,,,,Si buscas tranquilidad este es tu apartamento,[],10.5056449,-75.4726837,2026-08-03
"Apartamento en Venta en Manga, Cartagena",https://www.fincaraiz.com.co/apartamento-en-venta-en-manga-cartagena/193978606,193978606,https://cdn4.fincaraiz.com.co/repo/img/th.outside384x275.6a563a94a03cd_infocdn__fsaao2ixeqtskdgsy1fvkfx0vcua9gh10r1lfzmpjpg.jpg,[],$ 1.500.000.000,4 Habs. 5 Baños 228 m²,"Apartamento en venta en manga, cartagena","Apartamento enCartagena, Bolivar",,Llamar,,,,,,,,,,,,,,El mejor condominio de Cartagena con las mejores vistas y ambiente familiar,[],10.409516,-75.5374373,2026-08-03
Apartamento en Venta en Cartagena,https://www.fincaraiz.com.co/apartamento-en-venta-en-cartagena/193978794,193978794,https://cdn4.fincaraiz.com.co/repo/img/th.outside384x275.6a516f4a606a4_infocdn__guyfvasx3t157eotoiuhir0qedm6gwgoeowznyxqjpg.jpg,[],$ 940.000.000,4 Habs. 4 Baños 140 m²,Apartamento en venta en cartagena,"Apartamento enCartagena, Bolivar",,Llamar,,,,,,,,,,,,,,Acogedor apartamento,[],10.4119699,-75.5349485,2026-08-03
"Apartamento en Venta en Manga, Cartagena",https://www.fincaraiz.com.co/apartamento-en-venta-en-manga-cartagena/193978836,193978836,https://cdn4.fincaraiz.com.co/repo/img/th.outside384x275.6a5171fd0494d_infocdn__usajqhrdzwlgwffoua3qrk4gphat0dmi6ljh9pfbjpg.jpg,[],$ 950.000.000,4 Habs. 5 Baños 145 m²,"Apartamento en venta en manga, cartagena","Apartamento enCartagena, Bolivar",,Llamar,,,,,,,,,,,,,,Espectacular apartamento con baño en cada una de sus habitaciones,[],10.4119699,-75.5349485,2026-08-03
Apartamento en Venta en Cartagena,https://www.fincaraiz.com.co/apartamento-en-venta-en-cartagena/193903672,193903672,https://cdn4.fincaraiz.com.co/repo/img/th.outside384x275.6a398a419ce1f_infocdn__lrdyyxcyuljxstnoqshpkc5ub0ai2o7lsootqydrjpg.jpg,[],$ 860.000.000,2 Habs. 2 Baños 75 m²,Apartamento en venta en cartagena,"Apartamento enCartagena, Bolivar",,Llamar,,,,,,,,,,,,,,"Apartamento en venta con vista a la laguna – Baia Kristal, CartagenaOportunidad de inversión en Baia Kristal, el primer proyecto en Colombia con laguna cristalina Crystal Lagoons, un desarrollo exclusivo con playas privadas de arena blanca y amenidades tipo resort.Características del apartamentoApartamento de 75,21 m² de área total, que incluye terraza, diseñado con una distribución funcional de 2 habitaciones y 2 baños, sala, comedor y cocina abierta.  Una de las habitaciones tiene la opción de ingreso independiente. 4o. piso.Cuenta con una amplia terraza con vista directa a la laguna cristalina, uno de los mayores atractivos del proyecto, ideal para disfrutar del entorno y del paisaje del desarrollo.El inmueble se entrega con:* Depósito incluido* Aire acondicionado instalado* Cerraduras digitales de acceso y* Cámaras de seguridad en cada puertaAmenidades del proyectoBaia Kristal ofrece un entorno tipo resort con:* Laguna de aguas cristalinas navegable en paddle o kayak* Playa privada de arena blanca* Jacuzzis con vista a la laguna* Club House* Gimnasio completamente equipado* ⁠Zonas de descanso y recreación* ⁠Salas de coworking en cada piso",[],10.536420331988,-75.456418581909,2026-08-03
"Apartamento en Venta en Bocagrande, Cartagena",https://www.fincaraiz.com.co/apartamento-en-venta-en-bocagrande-cartagena/193558590,193558590,https://cdn4.fincaraiz.com.co/repo/img/th.outside384x275.69c309c785365_infocdn__kufyjf60wzai8032ql56kkv9okiociqdnq1vlgjljpg.jpg,[],$ 1.200.000.000,2 Habs. 1 Baño 67 m²,"Apartamento en venta en bocagrande, cartagena","Apartamento enCartagena, Bolivar",,Llamar,,,,,,,,,,,,,,"Apartamentos en el exclusivo edificio Morros City, ubicados en loa piso 11, 29, 32, 38 y 40, una de las mejores direcciones turísticas de Cartagena. Bocagrande. Estas propiedad desde 67 m²  hasta 112 metros combina comodidad, ubicación privilegiada y alto potencial de rentabilidad. Cada apartamento Cuenta con 1 o 2 habitaciones, 2 baños, cocina completamente equipada y se vende totalmente amoblado, listo para habitar o generar ingresos desde el primer día.Disfruta de una espectacular vista panorámica al océano y a la icónica ciudad amurallada, un diferencial que eleva la experiencia tanto para propietarios como para huéspedes.Ideal para inversión: perfecto para alquiler vacacional en una zona de alta demanda turística, con excelente ocupación durante todo el año.Una oportunidad única para adquirir un activo premium en Cartagena, con valorización constante y gran potencial de ingresos.",[],10.4048595,-75.5551146,2026-08-03
"Apartamento en Venta en Serena del Mar, Cartagena",https://www.fincaraiz.com.co/apartamento-en-venta-en-serena-del-mar-cartagena/193573272,193573272,https://cdn4.fincaraiz.com.co/repo/img/th.outside384x275.69c6f0d8760ef_infocdn__tfdiwzj9eieuyvlc0zvrixfsxd8j0lwqe0ydoxwcjpg.jpg,[],$ 770.000.000,3 Habs. 3 Baños 88 m²,"Apartamento en venta en serena del mar, cartagena","Apartamento enCartagena, Bolivar",,Llamar,,,,,,,,,,,,,,"Se vende apartamento con balcón y terraza privada en Condominio Altana - Serena del Mar, Cartagena.- Área apto con balcón: 87,74 mts2- Piso 5- Área terraza privada (altana): 92,05 mts2- 3 Alcobas (1 habitación Lock-In Suite)- 3 Baños completos con ducha- 2 Walking Closet- Zona de Ropas- 1 Parqueadero Cubierto- Más de 25 amenidades en condominio: Co-working, Gimnasio, Piscina Infinita para adultos, Parque de Mascotas, Cancha Sintética, Rooftop Deck, Parque de Niños, Piscina de Niños, Club House, Salón Social, Piscina Familiar, Sauna y Turco, entre otras.- Único dueño- Construcción reciente - 2 años de antigüedad- Estrato 4- Ubicación estratégica- Sala - comedor, cocina abierta, zona de ropas, 3 habitaciones, 3 baños.- Se entrega con aires acondicionados en las 3 hab. y cortinas motorizadas- Hab. Principal amplia y luminosa con walking closet y baño completo.- Habitación Lock- In Suite amplia con puerta de acceso independiente, walking closet y baño completo.- Habitación o posible estudio con baño completo.- Terraza privada (Altana) en el piso 6to exclusiva del apartamento con vistapanorámica y jacuzzi.-El condominio está ubicado en el corazón urbano de Serena del Mar,a pocos metros de la Marina del Gran Canal, Centro Hospitalario, Calle Comercial y amplios parques.Este apartamento es ideal para quienes buscan calidad de vida en un entorno tranquilo y exclusivo, en la zona más prometedora de Cartagena...",[],10.5041563,-75.4681517,2026-08-03
"Apartamento en Venta en Bocagrande, Cartagena",https://www.fincaraiz.com.co/apartamento-en-venta-en-bocagrande-cartagena/193700083,193700083,https://cdn4.fincaraiz.com.co/repo/img/th.outside384x275.69f60e68b03ea_infocdn__nqhliveip9rlr71lgq0w5kqbuyu1scywasfmub27jpg.jpg,[],$ 1.530.000.000,2 Habs. 3 Baños 98 m²,"Apartamento en venta en bocagrande, cartagena","Apartamento enCartagena, Bolivar",,Llamar,,,,,,,,,,,,,,"Vendo directamente espectacular apartamento de doble altura en el piso treinta y siete del Edificio Murano Elite, referente de confort y elegancia en Bocagrande, Cartagena. Estrato seis. En sus 98 metros encuentra dos habitaciones con baño (principal con Wolking closet), baño social, sala-comedor, cocina integral abierta, zona de lavandería y un amplio balcón con magnífica vista a la playa, al Mar Caribe, a Bocagrande y al Centro Histórico pues está ubicado en primera línea de playa. Dispone de un parqueadero propio. En el piso 40 del edificio encuentra piscina, sala de juegos y vistas panorámicas de la ciudad. Zona húmeda en el piso tres con jacuzzi, piscina de propulsión, piscina finlandesa, baño turco, sala de masajes, sala de reuniones, gimnasio y zona BBQ. Elegante recepción, vigilancia permanente, circuito cerrado de tv en todo el edificio, tres ascensores y diez parqueaderos de visitantes. Cerca al centro comercial Bocagrande Plaza, a la Av. San Martín, a supermercados, droguerías, entidades financieras y restaurantes. Lo vendo a puerta cerrada (completamente equipado) y recibo en parte de pago, un apartamento de hasta quinientos millones en Bogotá.",[],10.409322295051,-75.551588118417,2026-08-03
"Apartamento en Venta en Alto Bosque, Cartagena",https://www.fincaraiz.com.co/apartamento-en-venta-en-alto-bosque-cartagena/193917129,193917129,https://cdn4.fincaraiz.com.co/repo/img/th.outside384x275.6a3d5b2f84627_infocdn__rxiszxgsji4fdj2zf048tgvou302zlc9ffpw0i5rjpg.jpg,[],$ 240.000.000,1 Hab 1 Baño 60 m²,"Apartamento en venta en alto bosque, cartagena","Apartamento enCartagena, Bolivar",,Llamar,,,,,,,,,,,,,,"En venta apartamento en excelente ubicación Hermoso apartamento con una distribución funcional y cómoda, compuesto por 2 alcobas, estudio independiente y 2 baños, sala - comedor, balcòn y zona de labores. El edificio ofrece completas amenidades para el disfrute y bienestar de sus residentes, entre ellas: 4 ascensores. Piscina para adultos y niños. Elegante lobby a doble altura. Zona social y área de juegos. Planta eléctrica para las zonas comunes. Ubicado en un sector estratégico, con fácil acceso a colegios, transporte público y principales vías de la ciudad. Rodeado de zonas residenciales e industriales, y a pocos minutos del centro, lo que garantiza comodidad, conectividad y valorización. Una excelente oportunidad para vivir o invertir",[],10.391439,-75.5196631,2026-08-03
Lote en Venta en Cartagena,https://www.fincaraiz.com.co/lote-en-venta-en-cartagena/193901716,193901716,https://cdn4.fincaraiz.com.co/repo/img/th.outside384x275.6a3963986e9dd_infocdn__stbfijwwhecakb19g1zaxpjvqdivmlbroxbodrgpjpg.jpg,[],$ 3.890.000.000,33000 m²,Lote en venta en cartagena,"Lote enCartagena, Bolivar",,Llamar,,,,,,,,,,,,,,"? ¡ATENCIÓN CONSTRUCTORES E INVERSIONISTAS! ?Terreno de 33.000 m² listo para desarrollar cerca a Cartagena ?️?️Si busca un proyecto seguro, con baja tramitología y alta rentabilidad, esto es para usted:✅ Licencias APROBADAS para macro-condominios.✅ Ubicación estratégica: Cerca de las playas de Cartagena y al nuevo aeropuerto internacional.✅ Precio de oportunidad: Solo $120.000 por m².Evite años de trámites y empiece a construir el próximo gran éxito del Caribe.Contáctenos hoy mismo y agende su cita.",[],10.3932277,-75.4832311,2026-08-03
Lote en Venta en Cartagena,https://www.fincaraiz.com.co/lote-en-venta-en-cartagena/193499148,193499148,https://cdn4.fincaraiz.com.co/repo/img/th.outside384x275.69b2cae3ca55c_infocdn__gxyod8bs3mcgzgd0d1dmjqiectk7owwidmkdpy4pjpg.jpg,[],$ 48.654.000.000,1530000 m²,Lote en venta en cartagena,"Lote enCartagena, Bolivar",,Llamar,,,,,,,,,,,,,,"Lote de Terreno denominado “TIERRA LINDA”, localizado en el Corregimiento de Arroyo de Piedra, Zona Norte, en jurisdicción del Distrito de Cartagena, en la ciudad de Cartagena de Indias. Inmueble localizado sobre la margen Norte de la Vía Bayunca — Pontezuela, entrando por el predio Berlín en el sector de Pontezuela, Zona Norte, de la ciudad de Cartagena, 2,50 Kilómetros al Occidente de la población de Bayunca y 2,13 Kilómetros al Oriente de la Población de Pontezuela .",[],10.55168,-75.45093,2026-08-03
"Apartamento en Venta en Bocagrande, Cartagena",https://www.fincaraiz.com.co/apartamento-en-venta-en-bocagrande-cartagena/193872858,193872858,https://cdn4.fincaraiz.com.co/repo/img/th.outside384x275.6a2ca306c9c00_infocdn__fyyyvomsm1avidwtafi2l9pthsodbrtb8gbwovacjpg.jpg,[],$ 700.000.000,3 Habs. 3 Baños 105 m²,"Apartamento en venta en bocagrande, cartagena","Apartamento enCartagena, Bolivar",,Llamar,,,,,,,,,,,,,,"Acogedor apartamento frente a las playas más tranquilas de Bocagrande, en un edificio con piscina, sauna y baño turco, tres cuartos, tres baños, parqueadero, terraza, bodega.",[],10.4052809,-75.5545952,2026-08-03
"Apartamento en Venta en El bosque, Cartagena",https://www.fincaraiz.com.co/apartamento-en-venta-en-el-bosque-cartagena/193866843,193866843,https://cdn4.fincaraiz.com.co/repo/img/th.outside384x275.6a2aef26249b7_infocdn__ijuf5hxspcnuhgqfu7lsks5ljo2ktvwi5bemyhisjpg.jpg,[],$ 250.000.000,2 Habs. 2 Baños 59 m²,"Apartamento en venta en el bosque, cartagena","Apartamento enCartagena, Bolivar",,Llamar,,,,,,,,,,,,,,"Apartamento de dos habitaciones, dos baños, un balcón, un estudio, sala comedor, vista panorámica, cocina integral, cuarto de lavado, piso cerámica, bellos acabados en baños y cocina, piso 18, edificio de 20 pisos llamado torres bahía, dos ascensores, piscina, salón comunal, en el sector de alto bosque en Cartagena, cerca a la escuela de cadetes.",[],10.394787,-75.5208855,2026-08-03
"Apartamento en Venta en Serena del Mar, Cartagena",https://www.fincaraiz.com.co/apartamento-en-venta-en-serena-del-mar-cartagena/193851203,193851203,https://cdn4.fincaraiz.com.co/repo/img/th.outside384x275.6a264fbfe3957_infocdn__4noxtbad5xvwitzkawb35c9xqzrhoegi9pztgsszjpg.jpg,[],$ 585.000.000,1 Hab 2 Baños 53 m²,"Apartamento en venta en serena del mar, cartagena","Apartamento enCartagena, Bolivar",,Llamar,,,,,,,,,,,,,,"Se vende hermoso apto en Conjunto en Castelo con terraza de 40 mts, área del apto de 53 mts2, tiene una vista genial hacia el norte de Cartagena sin edificios en frente. 1 alcoba con baño y walk-in closet, cocina abierta tipo americana, zona independiente de lavadero y área lavadora, calentador a gas, tiene un baño social, hall de entrada y área de sala y comedor. 1 parqueadero cubierto y depósito amplio. ( se encuentra arrendado actualmente), apto entregado hace 1 año 1/2.",[],10.500692,-75.4690425,2026-08-03
"Apartamento en  Venta en El laguito, Cartagena",https://www.fincaraiz.com.co/apartamento-en-venta-en-el-laguito-cartagena/191979532,191979532,https://cdn4.fincaraiz.com.co/repo/img/th.outside384x275.67a517296acfd_infocdn__s7arc7fpsurwo0km3m17mqoufajuam6vsykuzjkijpg.jpg,[],$ 950.000.000,4 Habs. 4 Baños 146.55 m²,"Apartamento en  venta en el laguito, cartagena","Apartamento enCartagena, Bolivar",,Llamar,,,,,,,,,,,,,,"Aprtamento completamente remodelado en El Laguito, Cartagena. Cuenta con 4 habitaciones, 4 baños completos, zona de lavandería, cocina integral, balcón con vista al laguito. Todo el apartamento tiene aire acondicionado. Se vende completamente amoblado.",[],10.39429430642,-75.561219994304,2026-08-03
"Casa en Venta en Cartagena de indias, Cartagena",https://www.fincaraiz.com.co/casa-en-venta-en-cartagena-de-indias-cartagena/193799481,193799481,https://cdn4.fincaraiz.com.co/repo/img/th.outside384x275.6a15cb03b7770_infocdn__gisqn3rs9sq1m0g5r1ulca3b20za19dtybnrchylpng.png,[],$ 800.000.000,5 Habs. 4 Baños 450 m²,"Casa en venta en cartagena de indias, cartagena","Casa enCartagena, Bolivar",,Llamar,,,,,,,,,,,,,,"Hermosa y amplia casa ubicada cerca a la vía principal, cercana a clínicas, colegios, universidades, centros comerciales y centro recreacional. 3 Pisos, 5 habitaciones, sala, comedor, garaje, patio de servicios, habitación de servicios, amplia terraza.",[],10.3906606,-75.4939967,2026-08-03
"Apartamento en Venta en El cabrero, Cartagena",https://www.fincaraiz.com.co/apartamento-en-venta-en-el-cabrero-cartagena/193618418,193618418,https://cdn4.fincaraiz.com.co/repo/img/th.outside384x275.69da5f65e6791_infocdn__xol82judmmdxhh5se30ipzpgiixapaurmppzt3bpjpg.jpg,[],$ 760.000.000,2 Habs. 3 Baños 97 m²,"Apartamento en venta en el cabrero, cartagena","Apartamento enCartagena, Bolivar",,Llamar,,,,,,,,,,,,,,"Idealmente situado, en el historico barrio El Cabrero, a pocos minutos caminando del centro amurallado de Cartagena y a una cuadra de la playa ; se vende hermoso apartamento de 97m2 en el piso 18. Bien distribuido con dos habitaciones luminosas, tres banos, balcon, zona de labores y parqueadero. El edificio cuenta con 3 piscinas en el rooftop, jacuzzi, turco, gimnasio dotado, salon social, salon de juegos, parque infantil, parqueadero cubierto y servicio de vigilancia 24/7.",[],10.4330052,-75.541099,2026-08-03
