Título,URL detalle,id_inmueble,URL imagen,Etiquetas,Precio listado,Tipología listado,Descripción breve,Ubicación listado,Publicante,Acción disponible,Porcentaje terminado,Porcentaje vendido,Ocupación,Desarrollador,Estado,Parqueaderos,Financiación,Formas de pago,Cuota inicial,Cantidad de pisos,Aplica subsidio,Fecha de Finalización,Estrato,Descripción completa,Unidades,Latitud,Longitud,fecha_recoleccion
"TURPIALES DE CANTOVAL, Apartamentos en Venta en Lagos de Torca, Bogotá",https://www.fincaraiz.com.co/proyectos-vivienda/turpiales-de-cantoval-apartamentos-en-venta-en-lagos-de-torca-bogota/7952697,7952697,https://s3.amazonaws.com/imagenesprof.fincaraiz.com.co/OVFR_COL/2023/3/3/4140454_668_2.jpg,[],Desde $ 262.635.000,3 Habs. 1 Baño 45.05 m²,"Turpiales de cantoval, apartamentos en venta en lagos de torca, bogotá","Apartamento enBogotá, Bogotá, d.c.",COMPENSAR,Llamar,¡Pregúntale!,¡Pregúntale!,¡Pregúntale!,¡Pregúntale!,En construcción,¡Pregúntale!,¡Pregúntale!,¡Pregúntale!,¡Pregúntale!,¡Pregúntale!,¡Pregúntale!,¡Pregúntale!,3,"Turpiales de Cantoval es un proyecto de interés social que se construirá en el plan parcial lagos de torca, la mega apuesta arquitectónica al norte de Bogotá, con un concepto que evoluciona el desarrollo urbanístico de nuestra ciudad, turpiales esta distribuido en 5 torres de 12 y 13 pisos con un área de 45mts, único proyecto vis en la zona que se entrega con acabados, listo para habitar.",[],4.787036,-74.0282537,2026-08-03
"MAUI 68, Apartamentos en Venta en Venecia, Bogotá",https://www.fincaraiz.com.co/proyectos-vivienda/maui-68-apartamentos-en-venta-en-venecia-bogota/10471287,10471287,https://d3s5pkt10pk3ga.cloudfront.net/resizedImages/384x275/site/fincaraiz_service/media/listing/3f523e5c-b635-4f6d-8cc1-2fabf4d15301/photos/3f523e5c-b635-4f6d-8cc1-2fabf4d15301_10_False_e05139f7-2d5a-4f07-9974-fbb0b37d031c.jpg,[],Desde $ 310.000.000,2 Habs. 2 Baños 42.66 m²,"Maui 68, apartamentos en venta en venecia, bogotá","Apartamento enBogotá, Bogotá, d.c.",COMPENSAR,Llamar,¡Pregúntale!,¡Pregúntale!,¡Pregúntale!,¡Pregúntale!,Sobre planos,¡Pregúntale!,20% cuota inicial y 80% financiación,¡Pregúntale!,¡Pregúntale!,¡Pregúntale!,¡Pregúntale!,¡Pregúntale!,3,"EN CONSTRUCCIÓN!! Proyecto de Vivienda de Renovación Urbana que NO APLICA SUBSIDIO y se consolida en una zona privilegiada sobre la Avenida 68 en el barrio Venecia, al Sur de Bogotá. Pensado para quienes buscan calidad de vida, ofrece amplios espacios funcionales y zonas comunes pensadas para toda la familia, incluyendo tus peluditos. Viviendas de dos habitaciones y opción de dos baños en un diseño funcional con ACABADOS BÁSICOS. - ENTREGAS DESDE 2027 ¡¡NO SE RECIBE SUBSIDIO!!",[],4.59620363999903000000,-74.13779049163200000000,2026-08-03
"NATIVA - PARQUE DE LAS AMERICAS, Apartamento en Venta en La florida occidental, Bogotá",https://www.fincaraiz.com.co/proyectos-vivienda/nativa-parque-de-las-americas-apartamentos-en-venta-en-la-florida-occidental-bogota/10338805,10338805,https://d3s5pkt10pk3ga.cloudfront.net/resizedImages/384x275/site/fincaraiz_service/media/listing/a8e2d6ed-a382-4f13-b8d5-9ec033ea122b/photos/a8e2d6ed-a382-4f13-b8d5-9ec033ea122b_1_True_4222dffb-041d-4fd2-b9eb-f21b36fcd247.jpg,[],Desde $ 301.326.480,1 Hab 1 Baño 38.81 m²,"Nativa - parque de las americas, apartamento en venta en la florida occidental, bogotá","Apartamento enBogotá, Bogotá, d.c.",COMPENSAR,Llamar,¡Pregúntale!,¡Pregúntale!,¡Pregúntale!,¡Pregúntale!,En construcción,¡Pregúntale!,¡Pregúntale!,¡Pregúntale!,¡Pregúntale!,¡Pregúntale!,¡Pregúntale!,¡Pregúntale!,3,"NATIVA es el segundo proyecto inmobiliario independiente de Parque de las Américas con viviendas de interés social y renovación urbana. Esta propuesta arquitectónica innovadora ocupa una posición privilegiada en el corazón del plan parcial de renovación urbana “Triángulo de Bavaria”, siguiendo los exitosos pasos de su predecesor, la manzana: Terra",[],4.62475780000000000000,-74.08926030000000000000,2026-08-03
"PRIMERA ESTE, Apartamento en Venta en Chapinero Alto, Bogotá",https://www.fincaraiz.com.co/proyectos-vivienda/primera-este-apartamentos-en-venta-en-chapinero-alto-bogota/10119735,10119735,https://cdn4.fincaraiz.com.co/repo/img/th.outside384x275.69a8a7df24bda_infocdn__yhx1kikevngooix33z9pnk5wfpmbuaftfwasukjkjpg.jpg,[],Desde $ 412.000.000,1 Hab 1 Baño 34.28 m²,"Primera este, apartamento en venta en chapinero alto, bogotá","Apartamento enBogotá, Bogotá, d.c.",IC CONSTRUCTORA,Llamar,¡Pregúntale!,¡Pregúntale!,¡Pregúntale!,¡Pregúntale!,En construcción,¡Pregúntale!,¡Pregúntale!,¡Pregúntale!,¡Pregúntale!,¡Pregúntale!,¡Pregúntale!,¡Pregúntale!,5,"Torre Norte de Primera Este es el nuevo capítulo de un proyecto que transforma la manera de vivir en Chapinero Alto. Con 19 pisos residenciales y zonas comunes exclusivas, esta torre ha sido diseñada para ofrecer una experiencia moderna, funcional y sofisticada, en una ubicación privilegiada de Bogotá: la Avenida Circunvalar con Calle 60 Bis. Aquí encontrarás unidades inmobiliarias de 1, 2 y 3 habitaciones, todos con acabados completos, excelente iluminación y vistas que conectan con la ciudad desde lo alto.Con un estrato proyectado de 5 y una entrega estimada para el segundo semestre de 2027*, Torre Norte ofrece unidades inmobiliarias desde $412 millones, con parqueadero incluido (excepto para tipologías de 34 y 44 m²) y un valor de administración estimado desde $8.800 por metro cuadrado. Esta etapa se encuentra actualmente en construcción y forma parte de un desarrollo de tres torres. La ubicación, el diseño y el respaldo de IC Constructora hacen de esta torre una opción sólida tanto para vivir como para invertir.La información aquí contenida tiene fines exclusivamente informativos y no constituye oferta comercial, ni compromiso contractual por parte del promotor o constructor. Las imágenes, renders, planos, recorridos virtuales, mobiliario y acabados utilizados son de referencia artística y pueden presentar modificaciones durante el desarrollo del proyecto.El valor de los inmuebles puede variar según disponibilidad, tipología, etapa del proyecto, condiciones del mercado, ajustes por inflación o decisiones normativas. Así mismo, la cuota de administración es un valor estimado que podrá cambiar según lo determine la copropiedad al momento de su conformación.La fecha de entrega estimada corresponde al segundo semestre de 2027 y está sujeta a modificaciones por causas externas o de fuerza mayor, incluyendo, pero no limitándose a: condiciones climáticas, disponibilidad de materiales, decisiones de autoridades competentes, orden público, situaciones sociales, sanitarias o logísticas que escapen al control del constructor.Todos los derechos, deberes y condiciones del proyecto se rigen conforme a lo establecido en la Ley 1480 de 2011 (Estatuto del Consumidor), la Circular Externa 004 de 2024 de la Superintendencia de Industria y Comercio y el artículo 847 del Código de Comercio.",[],4.64313205736890000000,-74.05720254655760000000,2026-08-03
"TORRES DE GALICIA, Apartamentos en Venta en Suba, Bogotá",https://www.fincaraiz.com.co/proyectos-vivienda/torres-de-galicia-apartamentos-en-venta-en-suba-bogota/6792008,6792008,https://s3.amazonaws.com/imagenesprof.fincaraiz.com.co/OVFR_COL/2021/10/26/3383032_159_2.jpg,[],Desde $ 290.000.000,1 Hab 1 Baño 36.23 m²,"Torres de galicia, apartamentos en venta en suba, bogotá","Apartamento enBogotá, Bogotá, d.c.",COMPENSAR,Llamar,¡Pregúntale!,¡Pregúntale!,¡Pregúntale!,¡Pregúntale!,Sobre planos,¡Pregúntale!,¡Pregúntale!,¡Pregúntale!,¡Pregúntale!,¡Pregúntale!,¡Pregúntale!,¡Pregúntale!,3,"Ya iniciamos construcción, proyecto de vivienda de Renovacion Urbana ubicado en el corazón de Suba, su entorno se compone de una infraestructura diversificada, entre ellos vivienda,comercio,transporte y bienestar integral. Precio fijo con acabados y no aplica subisido.. ENTREGAS EN 2027!!Amenities: 18 espacios de coworking, Golfito, BBQ, salón de juegos, Gimnasio biosaludable, sala de Tv, sala de lecturas, sala de video juegos, parque infantil, terrazas funcionales",[],4.7377467,-74.0874651,2026-08-03
"Apartamento en Venta en Fontibon, Bogotá",https://www.fincaraiz.com.co/apartamento-en-venta-en-fontibon-bogota/193821645,193821645,https://cdn4.fincaraiz.com.co/repo/img/th.outside384x275.6a1b7e1d415dc_infocdn__18m0vcslohanehoeleezfmvwaxrkiqi4tnihxkk2jpg.jpg,[],$ 236.000.000,2 Habs. 2 Baños 43 m²,"Apartamento en venta en fontibon, bogotá","Apartamento enBogotá, Bogotá, d.c.",Predios Bogota Consultores Inmobiliarios,Llamar,,,,,,,,,,,,,,"Si estabas esperando el momento ideal para comprar vivienda, ¡es ahora! ?? Fontibón – Barrio Belén? Nuevo precio: $236.000.000? Parqueadero propio incluido✨ 43 m² construidos✔️ 2 habitaciones✔️ 2 baños✔️ Sala comedor✔️ Cocina funcional✔️ Zona de lavado independiente? Excelente ubicación, cerca de vías principales, transporte y comercio.✅ Recibimos crédito hipotecario, leasing, Caja Honor y Fondo Nacional del Ahorro.✅ Te ayudamos a gestionar tu financiación.",[],4.6805446,-74.145782,2026-08-03
"ALMA 72, Apartamentos en Venta en San felipe, Bogotá",https://www.fincaraiz.com.co/proyectos-vivienda/alma-72-apartamentos-en-venta-en-san-felipe-bogota/7984025,7984025,https://cdn4.fincaraiz.com.co/repo/img/th.outside384x275.6929b24c29416_infocdn__zwnjva3je7r0kh8v8ve8nyoo2r8hkt3ljviquoopjpg.jpg,[],Desde $ 311.000.000,1 Hab 1 Baño 26 m²,"Alma 72, apartamentos en venta en san felipe, bogotá","Apartamento enBogotá, Bogotá, d.c.",APIROS,Llamar,¡Pregúntale!,¡Pregúntale!,¡Pregúntale!,¡Pregúntale!,En construcción,¡Pregúntale!,70,30,¡Pregúntale!,16,¡Pregúntale!,¡Pregúntale!,4,"Alma 72, ubicado en una de las zonas más estratégicas de Bogotá a 10 minutos caminando de la línea 1 y 2 del futuro Metro , cerca de la zona T el sector financiero por excelencia de la ciudad y de todo lo que quieres tener muy cerca. Alma 72 es la nueva tendencia de vivienda, con zonas exclusivas de entretenimiento y bienestar: Terraza BBQ, Zona de fogatas, Sauna, Jacuzzi, Gimnasio, Zona de yoga, Zona TRX, Zona de lunch, Zona de juegos, Zona de snacks, coworking y mucho más. Habilitado para rentas cortas para rentas cortas.",[],4.662551775841,-74.067690163851,2026-08-03
"SORENTTO, Apartamento en Venta en Nueva Marsella, Bogotá",https://www.fincaraiz.com.co/proyectos-vivienda/sorentto-apartamentos-en-venta-en-nueva-marsella-bogota/15017712,15017712,https://cdn4.fincaraiz.com.co/repo/img/th.outside384x275.68e0347695dec_infocdn__40ubnahfre0ut9g4jkawpyxxgmw5dg43hbb0an4bjpg.jpg,[],Desde $ 310.019.000,1 Hab 1 Baño 39.44 m²,"Sorentto, apartamento en venta en nueva marsella, bogotá","Apartamento enBogotá, Bogotá, d.c.",AMBIENTTI CONSTRUCTORA INMOBILIARIA,Llamar,¡Pregúntale!,¡Pregúntale!,¡Pregúntale!,¡Pregúntale!,Sobre planos,¡Pregúntale!,¡Pregúntale!,¡Pregúntale!,¡Pregúntale!,¡Pregúntale!,¡Pregúntale!,¡Pregúntale!,3,"Aptos de renovación Urbana en Bogotá, sector Nueva Marsella de 42m2 área construida, cocina y zona de lavandería independiente.  Precio Fijo, Entregas 2028, Excelente Ubicación, cerca Av. De las Américas y Av. Boyacá, Aprovecha !!! 28 meses para pagar la cuota inicia! y a sólo 2 cuadras de la Clínica de Occidente *Opción Apto. Con Acabados.",[],4.6281671,-74.1367414,2026-08-03
"Alcalá 134, Apartamento en Venta en Alcala, Bogotá",https://www.fincaraiz.com.co/proyectos-vivienda/alcala-134-apartamentos-en-venta-en-alcala-bogota/10056173,10056173,https://cdn4.fincaraiz.com.co/repo/img/th.outside384x275.6a1f59182eb0d_infocdn__dlrdpbxfootlncrxklqqh4urya15w7s32zuydgbyjpg.jpg,[],Desde $ 235.000.000,1 Hab 1 Baño 21.18 m²,"Alcalá 134, apartamento en venta en alcala, bogotá","Apartamento enBogotá, Bogotá, d.c.",HABITUS CONSTRUCCIONES,Llamar,¡Pregúntale!,¡Pregúntale!,¡Pregúntale!,¡Pregúntale!,En construcción,¡Pregúntale!,70% Hipotecario - 30% Cuota inicial,Entidades bancarias o recursos propios,¡Pregúntale!,¡Pregúntale!,¡Pregúntale!,Entrega inmediata,3,"APARTAMENTO 2 EN 1, VIVE EN UNO Y RENTA EL OTRO, 100% acabado, de 42 M2 + 2 M2 de balcón, 2 alcobas y 2 baños o APARTAESTUDIOS VIS, APLICA SUBSIDIO CAJAS, 100% acabados, área total de 21 m2 y balcón de 1m2.",[],4.71873580000000000000,-74.05235370000000000000,2026-08-03
"ARTIÉ 84, Apartamento en Venta en La cabrera, Bogotá",https://www.fincaraiz.com.co/proyectos-vivienda/artie-84-apartamentos-en-venta-en-la-cabrera-bogota/15017586,15017586,https://cdn4.fincaraiz.com.co/repo/img/th.outside384x275.69a73b2fba33b_infocdn__flfbseuyhe0pauy3bi2ep27j1owd4daypqwvncxjjpg.jpg,[],Desde $ 1.095.000.000,1 Hab 1 Baño 55.2 m²,"Artié 84, apartamento en venta en la cabrera, bogotá","Apartamento enBogotá, Bogotá, d.c.",ARQUITECTURA Y CONCRETO,Llamar,¡Pregúntale!,¡Pregúntale!,¡Pregúntale!,¡Pregúntale!,En construcción,¡Pregúntale!,¡Pregúntale!,¡Pregúntale!,¡Pregúntale!,¡Pregúntale!,¡Pregúntale!,¡Pregúntale!,6,"Artié84 es un proyecto que marcará un hito de Bogotá, al combinar un gran diseño arquitectónico en una entorno privilegiado donde podrán disfrutar de un estilo de vida exclusivo al alcance de la mano. Esta ubicación inmejorable les permitirá vivir una vida cosmopolita, rodeados de lo mejor que Bogotá tiene para ofrecer. Proyecto en construcción.",[],4.6638336,-74.0484052,2026-08-03
"La Floresta Living, Apartamento en Venta en Engativá, Bogotá",https://www.fincaraiz.com.co/proyectos-vivienda/la-floresta-living-apartamentos-en-venta-en-engativa-bogota/10611628,10611628,https://d3s5pkt10pk3ga.cloudfront.net/resizedImages/384x275/site/fincaraiz_service/media/listing/6450ff88-c963-4452-b420-4341b81a973d/photos/6450ff88-c963-4452-b420-4341b81a973d_1_True_6ef2e056-311a-41cf-b806-398f7bff9e11.jpg,[],Desde $ 317.000.000,1 Hab 1 Baño 37 m²,"La floresta living, apartamento en venta en engativá, bogotá","Apartamento enBogotá, Bogotá, d.c.",CONSTRUCTORA BOLIVAR,Llamar,¡Pregúntale!,¡Pregúntale!,¡Pregúntale!,¡Pregúntale!,Sobre planos,¡Pregúntale!,70,¡Pregúntale!,¡Pregúntale!,¡Pregúntale!,¡Pregúntale!,¡Pregúntale!,4,"Tu nuevo hogar moderno y conectado con Bogotá lo encuentras en La Floresta Living, un proyecto de apartamentos ubicado sobre la Av Cra 68,  lo cual te conecta con vías de acceso como la calle 95, la Av Boyacá y la Calle 80.Hemos diseñado zonas sociales para toda la familia, descubre el pet grooming ideal para tu compañero de 4 patas, el taller de bicicletas para el amante del ciclismo, el coworking para el que trabaja desde casa, la zona de juegos para el gamer de casa, el gimnasio para verte y sentirte bien y mucho más.  ¡Ven a vivir a La Floresta Living y conectate con la ciudad!",[],4.68754206743999000000,-74.07608236878660000000,2026-08-03
"Apartamento en Venta en Portal de las mercedes, Bogotá",https://www.fincaraiz.com.co/apartamento-en-venta-en-portal-de-las-mercedes-bogota/193864027,193864027,https://cdn4.fincaraiz.com.co/repo/img/th.outside384x275.6a68a6ba493d8_infocdn__121133171-1-1781152718jpg.jpg,[],$ 185.000.000,3 Habs. 1 Baño 47 m²,"Apartamento en venta en portal de las mercedes, bogotá","Apartamento enBogotá, Bogotá, d.c.",EXP COLOMBIA SAS,Llamar,,,,,,,,,,,,,,"Apartamento para VENTA, 47.3 mts2 de área. Excelente oportunidad de inversión, PISO 4, Sin ascensor. Exterior. La propiedad se encuentra en Urbanización las mercedes en SUBA, muy cerca al centro comercial plaza imperial. Distribuido en sala comedor, cocina y zona de ropas, baño, hall de circulación, 3 alcobas, oportunidad de remodelar. La iluminación natural de la propiedad permite no encender ni utilizar la luz artificial durante el día. Parqueaderos comunales. El conjunto cuenta con vigilancia 24/7, zonas verdes, cancha de basquet, BBQ, parque para niños, salones comunales. Cuenta con todos los servicios.",[],4.758479648623,-74.096683391415,2026-08-03
"Zajarí Zentral, Apartamento en Venta en Hayuelos, Bogotá",https://www.fincaraiz.com.co/proyectos-vivienda/zajari-zentral-apartamentos-en-venta-en-hayuelos-bogota/15017185,15017185,https://cdn4.fincaraiz.com.co/repo/img/th.outside384x275.67a3694f46cef_infocdn__hnhnz8akfuexsz4axit6qpsgixvzognshwxkjazdjpg.jpg,[],Desde $ 464.866.000,2 Habs. 2 Baños 56.67 m²,"Zajarí zentral, apartamento en venta en hayuelos, bogotá","Apartamento enBogotá, Bogotá, d.c.",MARVAL BOGOTA,Llamar,¡Pregúntale!,¡Pregúntale!,¡Pregúntale!,¡Pregúntale!,Nuevos,¡Pregúntale!,20%,¡Pregúntale!,¡Pregúntale!,¡Pregúntale!,¡Pregúntale!,¡Pregúntale!,4,"Zajarí Zentral tiene la ubicación que tanto deseas, sus vías principales favorecen tu movilidad. Está situado en la calle 13 con Avenida Boyacá. Disfrutarás más de 500.000 m² de entretenimiento para toda tu familia. Tendrás ambientes llenos de vida que matizan lo natural con lo moderno. Disfrutarás de cancha de squash, gimnasio, juegos infantiles, piscinas, teatrino, turco, terraza descubierta, zona bbq, entre otras zonas exclusivas para fomentar el bienestar completo de los que quieres. Vías de acceso principales que favorecen tu movilidad: Avenida Boyacá, calle 13, Avenida 68, Avenida calle 26, Avenida Américas, Avenida Ciudad de Cali y nueva Avenida Alsacia. Sitios de interés cercanos: – C.C. Plaza Central – C.C. Salitre Plaza-Futuro C.C. El Edén – C.C. Hayuelos – C.C. Gran Estación – Homecenter – Easy – Éxito – Colegio Agustiniano – Clínica de Occidente – Clínica Colombia -SITP-Terminal de Transportes – Aeropuerto El Dorado.",[],4.6507607364022,-74.128205812581,2026-08-03
"Ciudad La Salle Burdeos, Apartamento en Venta en Usaquen, Bogotá",https://www.fincaraiz.com.co/proyectos-vivienda/ciudad-la-salle-burdeos-apartamentos-en-venta-en-usaquen-bogota/7203484,7203484,https://d3s5pkt10pk3ga.cloudfront.net/resizedImages/384x275/site/fincaraiz_service/media/listing/4c07dbff-000c-4604-ade5-df591de67b34/photos/4c07dbff-000c-4604-ade5-df591de67b34_1_True_fcd02683-1fc5-4d7c-ae37-7ad4b246afb5.jpg,[],Desde $ 603.058.000,2 Habs. 2 Baños 50.39 m²,"Ciudad la salle burdeos, apartamento en venta en usaquen, bogotá","Apartamento enBogotá, Bogotá, d.c.",MARVAL BOGOTA,Llamar,¡Pregúntale!,¡Pregúntale!,¡Pregúntale!,¡Pregúntale!,En construcción,¡Pregúntale!,Financiación: 70,¡Pregúntale!,¡Pregúntale!,¡Pregúntale!,¡Pregúntale!,¡Pregúntale!,4,"Encuentra en Ciudad la Salle Burdeos en San José de Usaquén, la mezcla perfecta entre comercio y vivienda . En el primer piso tendrás locales comerciales para darte felicidad y flexibilidad con acceso directo a la Cra. 15 que es una vía importante. Aquí encontraras de amplias terrazas y mucho más. Encuentras áreas desde 55m2 hasta 142m2 y también podrás elegir entre varias opciones de acabados..",[],4.749627,-74.0356625,2026-08-03
"Metrópoli 30, Apartamentos en Venta en Ricaurte, Bogotá",https://www.fincaraiz.com.co/proyectos-vivienda/metropoli-30-apartamentos-en-venta-en-ricaurte-bogota/10389240,10389240,https://d3s5pkt10pk3ga.cloudfront.net/resizedImages/384x275/site/fincaraiz_service/media/listing/a81d28c2-a82a-4bad-90d9-0575467704c6/photos/a81d28c2-a82a-4bad-90d9-0575467704c6_1_True_40746f9e-eebe-4aaa-9f7a-4e7e9f65afd6.jpg,[],Desde $ 258.033.000,1 Hab 1 Baño 26.25 m²,"Metrópoli 30, apartamentos en venta en ricaurte, bogotá","Apartamento enBogotá, Bogotá, d.c.",MARVAL BOGOTA,Llamar,¡Pregúntale!,¡Pregúntale!,¡Pregúntale!,¡Pregúntale!,Sobre planos,¡Pregúntale!,¡Pregúntale!,¡Pregúntale!,¡Pregúntale!,¡Pregúntale!,¡Pregúntale!,¡Pregúntale!,3,"El proyecto denominado “CONJUNTO RESIDENCIAL Y COMERCIAL METRÓPOLI 30” está localizado en el centro-occidente de Bogotá, y está compuesto por las siguientes edificaciones: 1 torre de 20 pisos *según diseño para un total de 1’041 apartamentos VIS, de los cuales 10 unds son para movilidad reducida. Cuenta con 216 parqueaderos de los cuales 58 son para visitantes y 28 para comercio; El primer y segundo piso del edificio se destina para uso comunal, parqueaderos y comercio según diseño de general.",[],4.61230410000000000000,-74.09350000000000000000,2026-08-03
"Casa en Venta en Zona norte, Bogotá",https://www.fincaraiz.com.co/casa-en-venta-en-zona-norte-bogota/193799181,193799181,https://cdn4.fincaraiz.com.co/repo/img/th.outside384x275.6a55869755f8f_infocdn__njdx3kg1bkz3qf17pedpfnsnokqfriizqmrmmpwxjpg.jpg,[],$ 720.000.000,5 Habs. 3 Baños 180 m²,"Casa en venta en zona norte, bogotá","Casa enBogotá, Bogotá, d.c.",RM Inversiones Inmobiliarias,Llamar,,,,,,,,,,,,,,"Vendo Hermosa y amplia casa en el Barrio Santa Helena de Baviera calle 146 con Cra 54, Zona tranquila y residencial, Casa esquinera, al frente de parque y zonas verdes!La casa tiene espacio para 2 vehiculos, sala comedor independientes, baño social, patio de ropas y un cuarto de servicio!En el segundo piso encontramos 4 habitaciones una de ellas con bańo privado y un bańo social.La casa está en excelente estado y muy bien ubicada.SE RECIBE PERMUTA POR APARTAMENTO DE MENOR VALOR O CASA MÁS PEQUEŃA EN ZONA NORTE DE BOGOTÁPRECIO NEGOCIABLE. HABLEMOS!",[],4.7299393981648,-74.055247167125,2026-08-03
"SERRACLARA, Apartamento en Venta en Villas De Aranjuez, Bogotá",https://www.fincaraiz.com.co/proyectos-vivienda/serraclara-apartamentos-en-venta-en-villas-de-aranjuez-bogota/15017888,15017888,https://cdn4.fincaraiz.com.co/repo/img/th.outside384x275.690cbcb61cf6c_infocdn__uinhwybnqd2gow4euvqqqg9muxrynyncytpsrvyejpg.jpg,[],Desde $ 330.353.101,1 Hab 1 Baño 29.5 m²,"Serraclara, apartamento en venta en villas de aranjuez, bogotá","Apartamento enBogotá, Bogotá, d.c.",CONSTRUCCIONES PLANIFICADAS,Llamar,¡Pregúntale!,¡Pregúntale!,¡Pregúntale!,¡Pregúntale!,En construcción,¡Pregúntale!,¡Pregúntale!,¡Pregúntale!,¡Pregúntale!,¡Pregúntale!,¡Pregúntale!,¡Pregúntale!,4,•	Ubicación estratégica.•	Entorno privilegiado.•	Respaldo y solidez.•	Diseño moderno y funcional.•	Amplias zonas comunes.,[],4.7479343240464,-74.033338110845,2026-08-03
"Apartamento en venta en Lagos de Cordoba, Bogotá",https://www.fincaraiz.com.co/apartamento-en-venta-en-lagos-de-cordoba-bogota/3429045,3429045,https://cdn4.fincaraiz.com.co/repo/img/th.outside384x275.673e51a93523e_infocdn__kaqzr137byyvyxpa3oxkszezvxbypwm96hogaqitjpg.jpg,[],$ 1.150.000.000,3 Habs. 3 Baños 170 m²,"Apartamento en venta en lagos de cordoba, bogotá","Apartamento enBogotá, Bogotá, d.c.",Dávila Peña y CIA SAS,Llamar,,,,,,,,,,,,,,"Amplio apartamento dúplex de 170 m² en el Conjunto Santa María del Alcázar III, barrio Alhambra. Cuenta con vista exterior de 180°, pisos en porcelanato, garaje doble y dos depósitos.En el primer nivel dispone de sala-comedor con balcón y chimenea, estudio, dos habitaciones con baño privado, cocina integral abierta con isla, zona de lavandería, estufa y calentador a gas.En el segundo nivel se encuentra la habitación principal con walk-in closet, baño y terraza abierta de 13 m², family room de 20 m² y altillo.El conjunto ofrece salón comunal, gimnasio, parque infantil, fuente con kiosko, parqueaderos de visitantes y ascensor. Estrato 5, 25 años de construido.",[],4.6971189,-74.0573969,2026-08-03
"Apartamento en Venta en Lagos de Cordoba, Bogotá",https://www.fincaraiz.com.co/apartamento-en-venta-en-lagos-de-cordoba-bogota/193665811,193665811,https://cdn4.fincaraiz.com.co/repo/img/th.outside384x275.6a6d7f08a3fde_infocdn__5144dbc0-7b1c-4c3a-8f1a-0480b90bd286property5144dbc07b1c4c3a8f1a0480b90bd286ppa6j2q64ajpg.jpg,[],$ 480.000.000,2 Habs. 2 Baños 75 m²,"Apartamento en venta en lagos de cordoba, bogotá","Apartamento enBogotá, Bogotá, d.c.",Houm,Llamar,,,,,,,,,,,,,,"[VEN] ID HOUM: 170238En Houm te ayudamos de forma fácil y segura. Los beneficios de comprar con nosotros:• Te ayudamos a conseguir financiamiento a través de una asesoría personalizada• Mediación y seguimiento de todo el proceso• Ponemos a tu disposición profesionales en notariado, registro y asesoría jurídica¡Solo te preocupas de las firmas!Departamento en venta, ubicado en el barrio El Batán, con una superficie construida de 75.00 m² y superficie total de 75.00 m².Sus principales características son:• 2 dormitorios• 2 baños• Admite mascotas• 1 parqueaderoSi compras con nosotros, te brindamos asesoría personalizada durante todo el proceso.Más que una inmobiliaria, somos Houm.*Aplican T&C",[],4.7036766,-74.055437,2026-08-03
"Apartamento en Venta en Alameda, Bogotá",https://www.fincaraiz.com.co/apartamento-en-venta-en-alameda-bogota/193867246,193867246,https://cdn4.fincaraiz.com.co/repo/img/th.outside384x275.6a6f5018f1970_infocdn__originaljpg.jpg,[],$ 498.000.000,3 Habs. 2 Baños 87 m²,"Apartamento en venta en alameda, bogotá","Apartamento enBogotá, Bogotá, d.c.",Qrador SAS,Llamar,,,,,,,,,,,,,,"SI QUIERES VIVIR EN UNA ZONA LLENA DE PARQUES Y MUY SILENCIOSA ESTE ES TU APARTAMENTO!!!Con cercanía a colegios, universidades, supermercados !!En conjunto de 5 torres, con vigilancia 24/7, 2 salones sociales, parrques infantiles, parqueo de visitantes, gimnasio, zona de juegos, bicicletero.  Ingreso con reconocimento facial.Apartamento con linda remodelación, muy iluminado, puerta de seguridad, zona social con amplio balcon, cocina abierta con zona de ropas ventilada.Habitacion principal con baño, las otras 2 habitaciones comparten baño.1 garaje y deposito grande.",[],4.7563247871162,-74.038914032628,2026-08-03
"NAVARRA, Apartamento en Venta en Engativá, Bogotá",https://www.fincaraiz.com.co/proyectos-vivienda/navarra-apartamentos-en-venta-en-engativa-bogota/15016976,15016976,https://cdn4.fincaraiz.com.co/repo/img/th.outside384x275.67336f14a6e1d_infocdn__z4b6nh00o57n0trjnnqku1fce3xas7nfgjrqb0jxjpg.jpg,[],Desde $ 938.000.000,3 Habs. 2 Baños 83 m²,"Navarra, apartamento en venta en engativá, bogotá","Apartamento enBogotá, Bogotá, d.c.",AMARILO,Llamar,¡Pregúntale!,¡Pregúntale!,¡Pregúntale!,¡Pregúntale!,Sobre planos,¡Pregúntale!,¡Pregúntale!,¡Pregúntale!,¡Pregúntale!,¡Pregúntale!,¡Pregúntale!,¡Pregúntale!,4,"Soñar con un hogar es imaginar un espacio que conjuga tranquilidad, funcionalidad y ubicación privilegiada. Navarra, un proyecto inmobiliario en Bogotá de la Constructora Amarilo, no sólo promete esto, sino que lo materializa en cada rincón de su diseño.Si buscas estrenar vivienda en un lugar que refleje tus aspiraciones, Navarra espera por ti. Soñar con un hogar es imaginar un espacio que conjuga tranquilidad, funcionalidad y ubicación privilegiada. Navarra, un proyecto inmobiliario en Bogotá de la Constructora Amarilo, no sólo promete esto, sino que lo materializa en cada rincón de su diseño.",[],4.6654219563723,-74.108341635474,2026-08-03
"NAVARRA, Apartamento en Venta en Engativá, Bogotá",https://www.fincaraiz.com.co/proyectos-vivienda/navarra-apartamentos-en-venta-en-engativa-bogota/15016976,15016976,https://cdn4.fincaraiz.com.co/repo/img/th.outside384x275.67336f14a6e1d_infocdn__z4b6nh00o57n0trjnnqku1fce3xas7nfgjrqb0jxjpg.jpg,[],Desde $ 938.000.000,3 Habs. 2 Baños 83 m²,"Navarra, apartamento en venta en engativá, bogotá","Apartamento enBogotá, Bogotá, d.c.",AMARILO,Llamar,¡Pregúntale!,¡Pregúntale!,¡Pregúntale!,¡Pregúntale!,Sobre planos,¡Pregúntale!,¡Pregúntale!,¡Pregúntale!,¡Pregúntale!,¡Pregúntale!,¡Pregúntale!,¡Pregúntale!,4,"Soñar con un hogar es imaginar un espacio que conjuga tranquilidad, funcionalidad y ubicación privilegiada. Navarra, un proyecto inmobiliario en Bogotá de la Constructora Amarilo, no sólo promete esto, sino que lo materializa en cada rincón de su diseño.Si buscas estrenar vivienda en un lugar que refleje tus aspiraciones, Navarra espera por ti. Soñar con un hogar es imaginar un espacio que conjuga tranquilidad, funcionalidad y ubicación privilegiada. Navarra, un proyecto inmobiliario en Bogotá de la Constructora Amarilo, no sólo promete esto, sino que lo materializa en cada rincón de su diseño.",[],4.6654219563723,-74.108341635474,2026-08-03
"BOSQUES DEL PORTAL, Apartamentos en Venta en Ciudadela del Portal, Bogotá",https://www.fincaraiz.com.co/proyectos-vivienda/bosques-del-portal-apartamentos-en-venta-en-ciudadela-del-portal-bogota/15018017,15018017,https://cdn4.fincaraiz.com.co/repo/img/th.outside384x275.694443abd7cb5_infocdn__ucfuhtugpfr7v7ggxnokzew83j1c0fzkiycatwvbjpg.jpg,[],Desde $ 240.000.000,2 Habs. 1 Baño 42 m²,"Bosques del portal, apartamentos en venta en ciudadela del portal, bogotá","Apartamento enBogotá, Bogotá, d.c.",AMARILO,Llamar,¡Pregúntale!,¡Pregúntale!,¡Pregúntale!,¡Pregúntale!,Sobre planos,¡Pregúntale!,¡Pregúntale!,¡Pregúntale!,¡Pregúntale!,¡Pregúntale!,¡Pregúntale!,2 Semestre de 2028,3,Bosques del Portal es un proyecto de apartamentos en Bogotá de Amarilo ubicado en la estratégica zona del sur oriente de Bogotá.​​Este desarrollo inmobiliario ofrece apartamentos desde 42m2 hasta 52m2 en el Macroproyecto Ciudadela del Portal,[],4.533266,-74.1188001,2026-08-03
"ZERMATT, Apartamento en Venta en Altos de Bella Suiza, Bogotá",https://www.fincaraiz.com.co/proyectos-vivienda/zermatt-apartamentos-en-venta-en-altos-de-bella-suiza-bogota/10054872,10054872,https://d3s5pkt10pk3ga.cloudfront.net/resizedImages/384x275/site/fincaraiz_service/media/listing/ed2d6d17-383b-450f-8b58-5e56a57edf93/photos/ed2d6d17-383b-450f-8b58-5e56a57edf93_4_False_e39c3282-b326-47eb-b4af-a9e25b5477d2.jpg,[],Desde $ 790.000.000,1 Hab 2 Baños 62 m²,"Zermatt, apartamento en venta en altos de bella suiza, bogotá","Apartamento enBogotá, Bogotá, d.c.",AMARILO,Llamar,¡Pregúntale!,¡Pregúntale!,¡Pregúntale!,¡Pregúntale!,Sobre planos,¡Pregúntale!,Financiación: 30 | Método de pago: 30/70,¡Pregúntale!,¡Pregúntale!,¡Pregúntale!,¡Pregúntale!,¡Pregúntale!,5,"Zermatt es un proyecto ubicado en el barrio Bella Suiza, al norte de Bogotá, en un sector exclusivo rodeado de importantes vías como lo son la Calle 127, la carrera 7, La Carrera 9, La Calle 134, entre otras que garantizan un acceso fácil y rápido. En Zermatt tendrás todo lo que necesitas a poca distancia, colegios, hospitales, centros de entretenimiento y junto a sus zonas sociales darán espacios de esparcimiento para toda la familia. Zermatt consta de 2 torres de 5 y 6 pisos donde el primer piso de una torre corresponde a locales y el de la otra torre a lobby y zonas comunes. CON DESCUENTOS HASTA $ 90 MILLONES*  !!!!!   *Aplican T&C",[],4.70524424500007000000,-74.02875919299990000000,2026-08-03
"GUAYACAN, Apartamento en Venta en Lagos de Torca, Bogotá",https://www.fincaraiz.com.co/proyectos-vivienda/guayacan-apartamentos-en-venta-en-lagos-de-torca-bogota/15016711,15016711,https://cdn4.fincaraiz.com.co/repo/img/th.outside384x275.66aa8d2042456_infocdn__dwpxynnoduqhav008wxy8mtwibmsnz394gejnm0ajpg.jpg,[],,2 Habs. 1 Baño 45 m²,"Guayacan, apartamento en venta en lagos de torca, bogotá","Apartamento enBogotá, Bogotá, d.c.",AMARILO,Llamar,¡Pregúntale!,¡Pregúntale!,¡Pregúntale!,¡Pregúntale!,Nuevos,¡Pregúntale!,30,¡Pregúntale!,¡Pregúntale!,¡Pregúntale!,¡Pregúntale!,¡Pregúntale!,3,"GUAYACAN es un proyecto de vivienda TOPE VIS , El proyecto urbanístico Hacienda El Bosque se localiza en inmediaciones del Aeropuerto Flaminio Suarez Camacho de Guaymaral, un espacio donde podrás crecer en familia, cerca a colegios, hospitales, centros comerciales e importantes vías de acceso. Vive en un lugar en donde naturaleza y ciudad se funcionan para crear un espacio llamado hogar. Un ambiente respetuoso con el entorno natural, para que tengas lo mejor de los dos mundos; una vida tranquila y pausada en la naturaleza con todas las comodidades de una vida en la ciudad. Aquí tu familia y tú tendrán lo que siempre han deseado. El conjunto residencial el GUAYACAN hace parte de este gran desarrollo ubicado al nororiente de la ciudad de Bogotá. Este proyecto contara con 612 unidades de vivienda de las cuales 144 seran vivienda de interes social prioritario VIP y 468 unidades",[],4.8112284,-74.0454106,2026-08-03
"Apartamento en Venta en La salle, Bogotá",https://www.fincaraiz.com.co/apartamento-en-venta-en-la-salle-bogota/194025806,194025806,https://cdn4.fincaraiz.com.co/repo/img/th.outside384x275.6a67e4e76df59_infocdn__2867845-1-1784835547jpg.jpg,[],$ 750.000.000,2 Habs. 2 Baños 67 m²,"Apartamento en venta en la salle, bogotá","Apartamento enBogotá, Bogotá, d.c.",FONNEGRA GERLEIN,Llamar,,,,,,,,,,,,,,"Descubre este acogedor apartamento rentando ,ubicado en Chapinero Alto, uno de los sectores con mayor valorización y mejor conectividad de Bogotá,situado en un tercer piso esquinero, frece vista exterior y amplios ventanales que proporcionan excelente iluminación natural durante todo el día. el inmueble cuenta con una comoda sala comedor, baño social, dos baños con closet, u baño completo, dos garajes en línea y depósito brindando espacios funcionales y confortables para toda la familia.El edificio dsiponde de acceso sistematizado,video citofono y una agradable terraza b,b.q de uso común.Su privilegiada ubicación permite disfrutar de un entorno residencial, tranquilo y seguro a pocos minutos del parque portugal, zona g, reconocidos restaurantes, univesidades, hospitales y una amplia oferta de comercio, además cuenta con excelentes vías de acceso,por la calle 53, calle 62, carrera 3, carrera 5 y la avenida circunvalar, facilitando la movilidad hacia cualquier punto de la ciudad.",[],4.643534712793,-74.058444562395,2026-08-03
"Casa en Venta en Villas del mediterraneo, Bogotá",https://www.fincaraiz.com.co/casa-en-venta-en-villas-del-mediterraneo-bogota/193900586,193900586,https://cdn4.fincaraiz.com.co/repo/img/th.outside384x275.6a67c60c6717b_infocdn__gr1943187620260623033707jpg.jpg,[],$ 700.000.000,3 Habs. 4 Baños 152 m²,"Casa en venta en villas del mediterraneo, bogotá","Casa enBogotá, Bogotá, d.c.",IKIGAI ESPACIOS SAS,Llamar,,,,,,,,,,,,,,"Casa en venta en conjunto cerrado – Espacios amplios, confort y excelente ubicación en Villas del MediterráneoPrecio de venta: $700.000.000Administración: $636.000Vive en una de las zonas residenciales más agradables de Villas del Mediterráneo, en una hermosa casa ubicada dentro de conjunto cerrado que combina comodidad, amplitud y excelentes espacios para toda la familia.La vivienda se caracteriza por su excelente distribución e iluminación natural, ofreciendo ambientes cálidos y funcionales. Cuenta con 3 habitaciones, 3 baños, un acogedor estudio con biblioteca, ideal para teletrabajo o estudio, amplia sala-comedor con chimenea, cocina integral, patio de ropas independiente y habitación de servicio.El conjunto residencial ofrece espacios diseñados para el bienestar y la recreación de sus residentes, incluyendo parqueadero para visitantes, parque infantil, dos salones sociales o de reuniones y amplias zonas verdes, ideales para disfrutar en familia y al aire libre.Su ubicación estratégica permite fácil acceso a vías principales y cercanía a parques, supermercados, colegios, centros comerciales y demás servicios esenciales, brindando una excelente calidad de vida.Una oportunidad ideal para quienes buscan seguridad, tranquilidad y amplios espacios en un entorno residencial privilegiado.Agenda tu visita y conoce el hogar que estabas buscando",[],4.7369216,-74.0367253,2026-08-03
"LIFE 72 OFICINAS, Oficina en Venta en Quinta camacho, Bogotá",https://www.fincaraiz.com.co/proyectos-vivienda/life-72-oficinas-oficinas-en-venta-en-quinta-camacho-bogota/15017482,15017482,https://cdn4.fincaraiz.com.co/repo/img/th.outside384x275.682e3eccc2103_infocdn__df5yk4lh0x7qcf4ogshunhzcyvfvuegn4f0vahawjpg.jpg,[],Desde $ 426.828.000,1 Ambiente 1 Baño 48.24 m²,"Life 72 oficinas, oficina en venta en quinta camacho, bogotá","Oficina enBogotá, Bogotá, d.c.",ARQUITECTURA Y CONCRETO,Llamar,¡Pregúntale!,¡Pregúntale!,¡Pregúntale!,¡Pregúntale!,Sobre planos,¡Pregúntale!,¡Pregúntale!,¡Pregúntale!,¡Pregúntale!,¡Pregúntale!,¡Pregúntale!,¡Pregúntale!,4,"Oficina en Bogotá sector Centro financiero de Bogotá cerca a Zona G y Universidad Sergio Arboleda.Las oficinas de Life 72 están ubicadas en el piso 5 de la torre Life 72, un proyecto que conjuga vivienda y comercio, buscando sacar el mayor provecho de los beneficios de la zona. Los propietarios de Life 72 oficinas, podrán disfrutar las salas de reuniones y el gimnasio.Las oficinas se entregan con parqueadero y en obra gris, listas para ser personalizadas con tu marca.  Actualmente contamos con oficinas disponibles para la venta con áreas construidas desde los 48 m² hasta los 88 m² y con posibilidad de unirlas hasta los 426 m² aproximadamente.",[],4.6584377,-74.0616864,2026-08-03
"NUVA PARK, Apartamento en Venta en Nueva colina, Bogotá",https://www.fincaraiz.com.co/proyectos-vivienda/nuva-park-apartamentos-en-venta-en-nueva-colina-bogota/15017470,15017470,https://cdn4.fincaraiz.com.co/repo/img/th.outside384x275.69a606d635a60_infocdn__tq4yqa7s0a9ky5mc1mg0vltq01ah5mf5j3eue5zfjpg.jpg,[],Desde $ 357.960.000,1 Hab 1 Baño 36.57 m²,"Nuva park, apartamento en venta en nueva colina, bogotá","Apartamento enBogotá, Bogotá, d.c.",ARQUITECTURA Y CONCRETO,Llamar,¡Pregúntale!,¡Pregúntale!,¡Pregúntale!,¡Pregúntale!,En construcción,1,¡Pregúntale!,¡Pregúntale!,¡Pregúntale!,¡Pregúntale!,¡Pregúntale!,¡Pregúntale!,3,"Ubicación estratégica que conecta con lo mejor de la ciudad. A solo minutos de la Autopista Norte, entre las calles 134 y calle 129 en el sector Nueva Colina, tendrás fácil acceso a importantes vías y todo lo que necesitas: centros comerciales, supermercados, restaurantes y servicios esenciales.",[],4.7184105,-74.0582619,2026-08-03
"COLINA LIVING, Apartamento en Venta en Colina Campestre, Bogotá",https://www.fincaraiz.com.co/proyectos-vivienda/colina-living-apartamentos-en-venta-en-colina-campestre-bogota/15017472,15017472,https://cdn4.fincaraiz.com.co/repo/img/th.outside384x275.682bac970149b_infocdn__sqwsazoxhalm2hqsvwpi5ynheiq42jn6ljcw3rtvjpg.jpg,[],Desde $ 614.257.251,1 Hab 2 Baños 45.45 m²,"Colina living, apartamento en venta en colina campestre, bogotá","Apartamento enBogotá, Bogotá, d.c.",ARQUITECTURA Y CONCRETO,Llamar,¡Pregúntale!,¡Pregúntale!,¡Pregúntale!,¡Pregúntale!,Sobre planos,1,30% Cuota inicial y 70% financiación,¡Pregúntale!,¡Pregúntale!,18,¡Pregúntale!,¡Pregúntale!,5,"Colina Living un proyecto con espacios que reflejan tu estilo de vida activo y tus intereses, combinando comodidad y elegancia. Con acceso directo a servicios de primer nivel, así como a las mejores opciones de entretenimiento y cultura, todo está al alcance de tu mano.  INICIAMOS OBRA !!! ENTREGAS PRIMER SEMESTRE DEL 2029 !!!",[],4.7352073,-74.0647421,2026-08-03
"SANTA ANA, Apartamentos en Venta en Santa ana oriental, Bogotá",https://www.fincaraiz.com.co/proyectos-vivienda/santa-ana-apartamentos-en-venta-en-santa-ana-oriental-bogota/15017585,15017585,https://cdn4.fincaraiz.com.co/repo/img/th.outside384x275.68791eb575e54_infocdn__f30tqpuu3ddrijee90lmm89xrrum3c0bfzoumddajpg.jpg,[],Desde $ 927.800.000,1 Hab 2 Baños 53 m²,"Santa ana, apartamentos en venta en santa ana oriental, bogotá","Apartamento enBogotá, Bogotá, d.c.",ARQUITECTURA Y CONCRETO,Llamar,¡Pregúntale!,¡Pregúntale!,¡Pregúntale!,¡Pregúntale!,Nuevos,¡Pregúntale!,Banco aliados o el del preferencia del cliente (70%),30/70,¡Pregúntale!,¡Pregúntale!,¡Pregúntale!,¡Pregúntale!,6,"Santa Ana cuenta con un nuevo concepto habitacional donde disfrutarás el privilegio de vivir en una de las zonas más tradicionales y exclusivas de la ciudad. Aquí, tienes la posibilidad de comprar o rentar apartamentos en Bogotá con áreas construidas desde los 32 m² hasta 67 m².Ubicado en Santa Ana Oriental. Ha sido concebido para ofrecerle a los mayores de 50 años, activos e independientes, los mejores espacios para disfrutar y descansar.Cuenta con servicios especiales donde te sentirás viviendo en un hotel. Además, el proyecto cuenta con excelentes espacios de esparcimiento, como oratorio, biblioteca, skybar, restaurante, baño para el personal de servicio, terraza bbq, gym, peluquería y enfermería 24 horas.En este proyecto tienes la posibilidad de comprar o rentar un inmueble. Comunícate con nuestra sala de negocios para tener información sobre los arrendamientos.",[],4.688776251375,-74.033787799753,2026-08-03
"PALOVERDE, Apartamento en Venta en Santa bibiana, Bogotá",https://www.fincaraiz.com.co/proyectos-vivienda/paloverde-apartamentos-en-venta-en-santa-bibiana-bogota/15018668,15018668,https://cdn4.fincaraiz.com.co/repo/img/th.outside384x275.6a482dceb53bf_infocdn__9t23pgqejtfiafmzsk2i8np6lw1easnjsmwrrgq0jpg.jpg,[],Desde $ 333.752.000,1 Hab 1 Baño 22.64 m²,"Paloverde, apartamento en venta en santa bibiana, bogotá","Apartamento enBogotá, Bogotá, d.c.",MULTIFAMILIARES PEPE 8 SAS,Llamar,¡Pregúntale!,¡Pregúntale!,¡Pregúntale!,¡Pregúntale!,En construcción,¡Pregúntale!,¡Pregúntale!,Cuota Inicial: 50%,¡Pregúntale!,¡Pregúntale!,¡Pregúntale!,Febrero 2027,6,*A UNA CUADRA DE LA AUTOPISTA NORTE*A UNA CUADRA DE LA CIEN PROXIMENTE FUNCIONAMIENTO TRANSMILENIO*PROXIMAMENTE EL METRO*CERCANIA A PARQUES PUBLICOS: PARQUE SANTA BIBIANA Y PARQUE SANTA BIBIANA CLL 102*ABAJO DE LA AVENIDA 19*CENTROS MEDICOS CERCANOS*ESPACIOS ILUMINADOS*EXCELENTE DISTRIBUCIÓN,[],4.688113,-74.054851,2026-08-03
"Nuvó club residencial, Apartamento en Venta en Prados de la Sabana, Bogotá",https://www.fincaraiz.com.co/proyectos-vivienda/nuvo-club-residencial-apartamentos-en-venta-en-prados-de-la-sabana-bogota/15017985,15017985,https://cdn4.fincaraiz.com.co/repo/img/th.outside384x275.69317c185a6b2_infocdn__edgpcdatziqh8npvssf3sj1mgogmr7kmdna6suzpjpg.jpg,[],Desde $ 607.100.000,1 Hab 2 Baños 56.13 m²,"Nuvó club residencial, apartamento en venta en prados de la sabana, bogotá","Apartamento enBogotá, Bogotá, d.c.",CONSTRUCTORA CAPITAL,Llamar,¡Pregúntale!,¡Pregúntale!,¡Pregúntale!,¡Pregúntale!,Sobre planos,¡Pregúntale!,30%,¡Pregúntale!,¡Pregúntale!,¡Pregúntale!,¡Pregúntale!,¡Pregúntale!,6,"Descubre el lugar donde la serenidad y la exclusividad se unenNuvó es un proyecto diseñado para quienes buscan mucho más que un apartamento: un espacio para vivir con distinción y confort.Con construcción tradicional que te permite personalizar cada detalle, amplios espacios que se adaptan a tu estilo de vida y acabados modernos que elevan la experiencia de vivir.",[],4.7588372600471,-74.066886471794,2026-08-03
"ESKALA, Apartamento en Venta en Puente aranda, Bogotá",https://www.fincaraiz.com.co/proyectos-vivienda/eskala-apartamentos-en-venta-en-puente-aranda-bogota/10729226,10729226,https://d3s5pkt10pk3ga.cloudfront.net/resizedImages/384x275/site/fincaraiz_service/media/listing/1e3ba20e-488b-4558-b7f2-86991ab01d68/photos/1e3ba20e-488b-4558-b7f2-86991ab01d68_1_True_bbdd26ff-8357-427a-b0c9-fac28ed8e335.jpg,[],Desde $ 276.739.000,1 Hab 1 Baño 39.69 m²,"Eskala, apartamento en venta en puente aranda, bogotá","Apartamento enBogotá, Bogotá, d.c.",CONSTRUCTORA CAPITAL,Llamar,¡Pregúntale!,¡Pregúntale!,¡Pregúntale!,¡Pregúntale!,Sobre planos,¡Pregúntale!,¡Pregúntale!,¡Pregúntale!,¡Pregúntale!,¡Pregúntale!,¡Pregúntale!,¡Pregúntale!,3,"No te pierdas esta gran oportunidad de conocer tu futuro hogar en un proyecto de 1.652 apartamentos distribuidos en 6 torres de 30 pisos, entre 7 a 12 unidades de vivienda por piso donde obtendrás grandes beneficios sostenibles como ahorro de energía y agua.Más de 25 zonas comunes más para disfrutar con todos los que más quieres. Si no aplicas subsidio de vivienda podrás elegir los acabados para recibir tu apartamento totalmente terminado,  el proyecto recibe subsidios VIS de caja de compensación y ofrece opción de acabados.",[],4.62515530000000000000,-74.10903880000000000000,2026-08-03
"Apartamento en Venta en Niza, Bogotá",https://www.fincaraiz.com.co/apartamento-en-venta-en-niza-bogota/193989730,193989730,https://cdn4.fincaraiz.com.co/repo/img/th.outside384x275.6a58dada2119e_infocdn__wsjifg4pjebaudrrbsdjcwqzzlwnlhkr9vv3imsupng.png,[],$ 740.000.000,3 Habs. 3 Baños 116 m²,"Apartamento en venta en niza, bogotá","Apartamento enBogotá, Bogotá, d.c.",PROPTY,Llamar,,,,,,,,,,,,,,"? Venta de Apartamento en Niza | BogotáVive en uno de los sectores más exclusivos y tradicionales del norte de Bogotá. Este amplio apartamento combina comodidad, excelente distribución y una ubicación estratégica, con fácil acceso a la Calle 127, Avenida Suba, Avenida Boyacá y Avenida Las Villas. Además, se encuentra muy cerca de centros comerciales, supermercados, parques, colegios y todos los servicios que necesitas.Características del inmueble:✅ Área: 116,04 m²✅ 3 habitaciones✅ 3 baños✅ Estudio independiente✅ Balcón✅ Sala – comedor amplia✅ Cocina integral✅ Zona de lavandería independiente✅ 2 parqueaderos (uno cubierto y uno descubierto)✅ Depósito✅ Ascensor✅ Antigüedad: 10 años✅ Estrato 4El edificio cuenta con:✔ Vigilancia y portería 24 horas✔ Salón comunal✔ Terraza✔ Ascensor✔ Excelente ubicación en un entorno residencial tranquilo.Precio de venta: $740.000.000Una excelente oportunidad para quienes buscan amplitud, comodidad y una ubicación privilegiada en el sector de Niza. ¡Agenda tu visita y conoce tu próximo hogar!",[],4.7150156,-74.0716094,2026-08-03
"Oficina en Venta en Chico norte, Bogotá",https://www.fincaraiz.com.co/oficina-en-venta-en-chico-norte-bogota/193269077,193269077,https://cdn4.fincaraiz.com.co/repo/img/th.outside384x275.6a6285f0bad36_infocdn__gr743193220250910091822jpg.jpg,[],$ 2.299.410.476,4 Baños 243 m²,"Oficina en venta en chico norte, bogotá","Oficina enBogotá, Bogotá, d.c.",METRO 51 INMOBILIARIA,Llamar,,,,,,,,,,,,,,"METRO 51 INMOBILIARIA VENDE: Oficina 402 de 243 Metros con 5 Parqueaderos ubicada en el edificio torre 93B. Oficina con 4 espacios independientes de trabajo, cafetería, zona de trabajo abierta, espacio de archivo, cuarto técnico, baño hombres y mujeres, oficina gerencia con baño privado, 2 espacios de oficinas auxiliar independientes,, baño auxiliar. El edificio cuenta con sala de Juntas y Zona de cafeteria en el primer piso.",[],4.6783825,-74.0497949,2026-08-03
"Casa en Venta en Palermo, Bogotá",https://www.fincaraiz.com.co/casa-en-venta-en-palermo-bogota/193673884,193673884,https://cdn4.fincaraiz.com.co/repo/img/th.outside384x275.69ebdf1dbbef0_infocdn__84np10dpghlmr28yplmebtu7hdvznv13jj89fnw9jpg.jpg,[],$ 810.000.000,5 Habs. 3 Baños 280 m²,"Casa en venta en palermo, bogotá","Casa enBogotá, Bogotá, d.c.",TU VIVIENDA VIP,Llamar,,,,,,,,,,,,,,"CASA EN PALERMO  llena de luz, considerada, Patrimonio Arquitectónico y llena de detalles. Con jardín exterior e interior.Es de 2 niveles, 5 habitaciones grandes, 2.5 baños en el 2 pisoUna sala y un comedor amplio cocina más una habitación , en el primer pisoEspacios amplios e iluminados. Parqueaderos y beneficios en los gastos tributarios y en los servicios públicos. Excelente seguridad. Una casa perfecta para iniciar un nuevo capítulo de vida.",[],4.6358067,-74.0739882,2026-08-03
"Apartamento en Venta en Chico norte, Bogotá",https://www.fincaraiz.com.co/apartamento-en-venta-en-chico-norte-bogota/192484842,192484842,https://cdn4.fincaraiz.com.co/repo/img/th.outside384x275.6a67778d5382b_infocdn__7fbf3080-8b06-4153-8d6f-ace55a473dd7jpg.jpg,[],$ 1.700.000.000,2 Habs. 3 Baños 218.78 m²,"Apartamento en venta en chico norte, bogotá","Apartamento enBogotá, Bogotá, d.c.",Engel & Völkers,Llamar,,,,,,,,,,,,,,"Este espectacular penthouse combina diseño contemporáneo, elegancia y funcionalidad en un espacio único pensado para disfrutar al máximo. Cuenta con una terraza privada de 30 m².El interior del apartamento ofrece una distribución fluida y luminosa. Las dos habitaciones, cada una con su baño en suite, la principal con un amplio Walk in closet. Los baños están equipados con acabados de alta gama y griferías de diseño.Los espacios sociales, amplios y acogedores, integran sala, comedor y cocina en un concepto abierto y modular. La cocina, de diseño vanguardista, se presenta con mobiliario a medida, electrodomésticos de última generación y una isla central. Este apartamento se complementa con dos parqueaderos.",[],4.6770855,-74.0539122,2026-08-03
"Apartamento en  Venta en Centro Internacional, Bogotá",https://www.fincaraiz.com.co/apartamento-en-venta-en-centro-internacional-bogota/192246246,192246246,https://cdn4.fincaraiz.com.co/repo/img/th.outside384x275.6a453ab299928_infocdn__671abf6b-e802-4793-841b-1ac295f79c92.jpeg,[],$ 640.000.000,2 Habs. 2 Baños 66 m²,"Apartamento en  venta en centro internacional, bogotá","Apartamento enBogotá, Bogotá, d.c.",Grupo Inmobiliario Intercontinental S.A.S,Llamar,,,,,,,,,,,,,,"Grupo Inmobiliario vende excelente apartamento, ubicado en el sector financiero y residencial de la ciudad, vista panorámica, 2 habitaciones, sala comedor, cocina, 2 baños y garaje, iluminación natural, el edificio cuenta con permiso para rentas cortas, piscina, gimnasio, totalmente dotado. Oportunidad de inversión. Inf: Mauricio Vera: ***  ***",[],4.618285,-74.06737,2026-08-03
"Peñon de Alicante, Apartamento en Venta en Nueva Castilla, Bogotá",https://www.fincaraiz.com.co/proyectos-vivienda/peñon-de-alicante-apartamentos-en-venta-en-nueva-castilla-bogota/10079928,10079928,https://d3s5pkt10pk3ga.cloudfront.net/resizedImages/384x275/site/fincaraiz_service/media/listing/596ec4ad-0107-43f3-b000-5a46cd079961/photos/596ec4ad-0107-43f3-b000-5a46cd079961_1_True_068d31d7-8037-4c8d-95c7-af370c95f216.jpg,[],Desde $ 493.268.000,3 Habs. 2 Baños 66.02 m²,"Peñon de alicante, apartamento en venta en nueva castilla, bogotá","Apartamento enBogotá, Bogotá, d.c.",MARVAL BOGOTA,Llamar,¡Pregúntale!,¡Pregúntale!,¡Pregúntale!,¡Pregúntale!,En construcción,¡Pregúntale!,¡Pregúntale!,¡Pregúntale!,¡Pregúntale!,¡Pregúntale!,¡Pregúntale!,¡Pregúntale!,3,"El proyecto denominado “CONJUNTO RESIDENCIAL EL PEÑON DE ALICANTE” está localizado al occidente de Bogotá, y está compuesto por las siguientes edificaciones: 5torres de 12pisos con 4unidades por piso, según diseño para un total de 240apartamentos, Edificio para parqueaderos en 6 pisos y Edificio para Equipamiento Comunal.",[],4.64876674400006000000,-74.15181346599990000000,2026-08-03
"Apartamento en Venta en Lagos de Torca, Bogotá",https://www.fincaraiz.com.co/apartamento-en-venta-en-lagos-de-torca-bogota/193907958,193907958,https://cdn4.fincaraiz.com.co/repo/img/th.outside384x275.6a3ac6fad4097_infocdn__9xt1xignw2cwk0qgjaajvphl6xre9909evtqrkrhjpg.jpg,[],$ 527.500.000,2 Habs. 2 Baños 67 m²,"Apartamento en venta en lagos de torca, bogotá","Apartamento enBogotá, Bogotá, d.c.",Proyecto Asociados,Llamar,,,,,,,,,,,,,,"Excelente ubicación iluminada apartamento de 65 m cuenta con dos habitaciones con clóset La habitación principal con walking closet baño privado tienes a la comedor con cocina abierta tipo americano con barra acceso a balcón zona de lavandería independiente parqueadero cubierto y depósito cerca al Centro comercial Santa Fe centro comercial vima San andresito Norte autopista Norte de fácil acceso a sitp y transmilenioLagos de Torca es la materialización del deseo de los bogotanos que se ha venido desarrollando durante las dos últimas décadas y que hoy ya está en ejecución. Es uno de los proyectos de planificación urbana más importantes de América Latina, el cual se está llevando a cabo en el norte de Bogotá. Este proyecto incluye mejoramiento de 9 quebradas, el humedal Torca Guaymaral, construcción de redes matrices de acueducto y alcantarillado, vías en doble calzada, ciclorrutas, amplia oferta de espacio público y la posibilidad de acceder a soluciones de vivienda con altos estándares para todos los sectores de la sociedad",[],4.7772789,-74.0472353,2026-08-03
"Apartamento en Venta en Chico norte, Bogotá",https://www.fincaraiz.com.co/apartamento-en-venta-en-chico-norte-bogota/194024116,194024116,https://cdn4.fincaraiz.com.co/repo/img/th.outside384x275.6a6229244c8fd_infocdn__mt4du2fu9tzr5larq48ge7xyo9mvt52i7iqoq64djpg.jpg,[],$ 1.100.000.000,2 Habs. 3 Baños 123 m²,"Apartamento en venta en chico norte, bogotá","Apartamento enBogotá, Bogotá, d.c.",Ronald Morales,Llamar,,,,,,,,,,,,,,"Llegó el momento ideal para comprar! Apartamento en venta | Chicó Norte, Bogotá | 123 m²Vive a pasos del Parque de la 93 en este moderno apartamento de 123 m² ubicado en el tercer piso de un edificio con vigilancia 24/7 en el corazón del Chicó Norte.Distribución y acabados:2 habitaciones amplias y 3 bañosCocina abierta con electrodomésticos modernosChimenea y excelente iluminación natural2 parqueaderos independientes en sótano + 1 depósito almacenamientoAmenidades del edificio:Gimnasio, terraza BBQ panorámica, servicio de lavadora y secadora, ascensor, múltiples parqueaderos para visitantes y portería con vigilancia 24 horasUbicación privilegiada:A pocos minutos a pie del Parque de la 93, restaurantes y supermercados. Acceso directo por Carrera 15 y Avenida NQS.¡Haz clic en el botón de WhatsApp y contáctanos!",[],4.678526,-74.052898,2026-08-03
"Apartamento en Venta en Chicó Navarra, Bogotá",https://www.fincaraiz.com.co/apartamento-en-venta-en-chico-navarra-bogota/193735261,193735261,https://cdn4.fincaraiz.com.co/repo/img/th.outside384x275.6a027c0c8c00a_infocdn__hxwzhyawtxhogrftvly7nxjikxo9xcym9npqj4mojpg.jpg,[],$ 840.000.000,2 Habs. 3 Baños 101 m²,"Apartamento en venta en chicó navarra, bogotá","Apartamento enBogotá, Bogotá, d.c.",UBIQUA AGENCIA INMOBILIARIA,Llamar,,,,,,,,,,,,,,"Descubra la joya que espera por usted en el corazón del prestigioso barrio Chico Navarra. Este apartamento, estratégicamente ubicado, ofrece un acceso inigualable a las principales vías de la ciudad como la Autopista Norte, Av. 19, calle 100 y carrera 15, conectándolo con la vibrante vida urbana y los mejores servicios. Rodeado de clínicas, colegios y enriquecedores centros culturales, su nueva vida estará llena de comodidad y oportunidades.Ponemos a su disposición un hermoso y luminoso apartamento en VENTA, en calle cerrada, situado en un segundo piso exterior, que ha sido completamente remodelado para ofrecerle un estilo de vida moderno y sofisticado. Este apartamento tiene cambio total de SISTEMA HIDRAULICO, ELÉCTRICO Y DE GAS.Con una generosa área de 101m², cada espacio ha sido diseñado pensando en la funcionalidad y el confort. El área social le da la bienvenida con una encantadora sala comedor, realzada por una acogedora chimenea y una impresionante ventana de pared a pared que inunda el espacio con luz natural. Disfrute de una versátil segunda sala o estudio, ideal para trabajar desde casa o como espacio de entretenimiento.  La cocina abierta, moderna y funcional, se integra armoniosamente, complementada por un baño social y una amplia zona de lavandería independiente.La propiedad cuenta con dos habitaciones: la principal,  con baño privado y vestier, y la segunda, con clóset y baño propio, garantizando privacidad y comodidad para todos. Un práctico clóset de linos añade un toque extra de organización. Para su conveniencia, el apartamento incluye dos parqueaderos en línea y un depósito, y la tranquilidad está asegurada con vigilancia permanente. Este no es solo un apartamento, es el hogar que siempre soñó, listo para ser vivido y disfrutado.",[],4.6954770717257,-74.054150342147,2026-08-03
"Parqueadero en Venta en Fontibon, Bogotá",https://www.fincaraiz.com.co/parqueadero-en-venta-en-fontibon-bogota/193903776,193903776,https://cdn4.fincaraiz.com.co/repo/img/th.outside384x275.6a398faf31317_infocdn__bdbkd6bnazgefl2yqevu3sy4ifluwgmvddsd2nqijpg.jpg,[],$ 2.900.000.000,1 Baño 1000 m²,"Parqueadero en venta en fontibon, bogotá","Parqueadero enBogotá, Bogotá, d.c.",GYM GRUPO INMOBILIARO SAS,Llamar,,,,,,,,,,,,,,"Gran Oportunidad de Inversión en Fontibón VEMPERMUTO Parqueadero con más de 30 Años de Crédito,  oportunidad de inversión con renta de 1 millón de pesos diarios aproximadamente, ubicado en la zona bancaria . se encuentra en el parque principal de Fontibon,  área aprox 1.000 m2.  capacidad  50 vehículos o 300 motos. incluye 10 bodegas o depósitos para almacenamiento, Valor $2.900.000.000 El precio incluye la propiedad, gran oportunidad de inversión,  Contactos  317/367/07/48 o 317/367/07/32 313/208/11/09 o WhatsApp 317/658/98/91",[],4.6736431,-74.1451928,2026-08-03
"CANELO, Apartamento en Venta en Lagos de Torca, Bogotá",https://www.fincaraiz.com.co/proyectos-vivienda/canelo-apartamentos-en-venta-en-lagos-de-torca-bogota/6517057,6517057,https://s3.amazonaws.com/imagenesprof.fincaraiz.com.co/OVFR_COL/2021/7/20/3209959_721_2.jpg,[],Desde $ 213.525.000,2 Habs. 1 Baño 45 m²,"Canelo, apartamento en venta en lagos de torca, bogotá","Apartamento enBogotá, Bogotá, d.c.",AMARILO,Llamar,¡Pregúntale!,¡Pregúntale!,¡Pregúntale!,¡Pregúntale!,En construcción,¡Pregúntale!,¡Pregúntale!,¡Pregúntale!,¡Pregúntale!,¡Pregúntale!,¡Pregúntale!,¡Pregúntale!,3,"CANELO es un proyecto de vivienda TOPE VIS , El proyecto urbanístico Hacienda El Bosque se localiza en inmediaciones del Aeropuerto Flaminio Suarez Camacho de Guaymaral, un espacio donde podrás crecer en familia, cerca a colegios, hospitales, centros comerciales e importantes vías de acceso. Vive en un lugar en donde naturaleza y ciudad se funcionan para crear un espacio llamado hogar. Un ambiente respetuoso con el entorno natural, para que tengas lo mejor de los dos mundos; una vida tranquila y pausada en la naturaleza con todas las comodidades de una vida en la ciudad. Proyecto de vivienda con subsidio en el norte de Bogotá. Disfruta de zonas comunes como: Parque infantil, cancha múltiple, zona para mascotas, sendero de trote, zona BBQ, zona para mascotas, entre otros.",[],4.81094026565552000000,-74.04755401611330000000,2026-08-03
"RESERVA DE GRANADA 5, Apartamentos en Venta en Engativá, Bogotá",https://www.fincaraiz.com.co/proyectos-vivienda/reserva-de-granada-5-apartamentos-en-venta-en-engativa-bogota/6511916,6511916,https://s3.amazonaws.com/imagenesprof.fincaraiz.com.co/OVFR_COL/2021/12/14/3206459_561_8.jpg,[],Desde $ 466.000.000,3 Habs. 2 Baños 81 m²,"Reserva de granada 5, apartamentos en venta en engativá, bogotá","Apartamento enBogotá, Bogotá, d.c.",AMARILO,Llamar,¡Pregúntale!,¡Pregúntale!,¡Pregúntale!,¡Pregúntale!,Sobre planos,¡Pregúntale!,¡Pregúntale!,¡Pregúntale!,¡Pregúntale!,¡Pregúntale!,¡Pregúntale!,¡Pregúntale!,4,"RESERVA DE GRANADA, es la nueva alternativa No VIS de Amarilo en Gran Granada. Ubicado en un sector con alto potencial de desarrollo en la ciudad de Bogotá, está concebido como un proyecto de viviendas que ofrece comodidad y una mejor calidad de vida a sus residentes, gracias a sus altos estándares de calidad en diseño, arquitectura y acabados. También ofrecerá la alternativa de personalizar el espacio con una propuesta de apartamento tendencia de 103m que marcará la pauta en el sector..",[],4.72237539291382000000,-74.12476348876950000000,2026-08-03
"TORRES DE FONTIBON, Apartamento en Venta en Fontibon, Bogotá",https://www.fincaraiz.com.co/proyectos-vivienda/torres-de-fontibon-apartamentos-en-venta-en-fontibon-bogota/6909505,6909505,https://cdn4.fincaraiz.com.co/repo/img/th.outside384x275.68cb3317950a0_infocdn__m3zplofptlv2n2uy04xvcp0ankd76xlnzo3uvnhyjpg.jpg,[],Desde $ 199.999.000,1 Hab 1 Baño 27.5 m²,"Torres de fontibon, apartamento en venta en fontibon, bogotá","Apartamento enBogotá, Bogotá, d.c.",AR CONSTRUCCIONES,Llamar,¡Pregúntale!,¡Pregúntale!,¡Pregúntale!,¡Pregúntale!,En construcción,¡Pregúntale!,30,Asesoría en sala de ventas,¡Pregúntale!,¡Pregúntale!,¡Pregúntale!,¡Pregúntale!,3,"Apartamentos VIS en el corazón de Fontibón, cerca a todos los servicios que necesitas tener cerca a tu hogar. En Torres de Fontibón podrás disfrutar de una espectacular vista desde sus torres de 17 y 18 pisos de altura con amplios espacios donde podrás vivir cómodamente con tu familia gracias a su excelente distribución",[],4.68176770000000000000,-74.15407300000000000000,2026-08-03
"Alejandria Vintage, Apartamentos en Venta en Mazuren, Bogotá",https://www.fincaraiz.com.co/proyectos-vivienda/alejandria-vintage-apartamentos-en-venta-en-mazuren-bogota/15018416,15018416,https://cdn4.fincaraiz.com.co/repo/img/th.outside384x275.6a1f595d1f895_infocdn__nisvqicnnisupuw7cbthrbfnuxfxrdto9jshcdbejpg.jpg,[],Desde $ 900.000.000,3 Habs. 2 Baños 76.6 m²,"Alejandria vintage, apartamentos en venta en mazuren, bogotá","Apartamento enBogotá, Bogotá, d.c.",HABITUS CONSTRUCCIONES,Llamar,¡Pregúntale!,¡Pregúntale!,¡Pregúntale!,¡Pregúntale!,Sobre planos,¡Pregúntale!,¡Pregúntale!,Cuota Inicial: 30%,¡Pregúntale!,¡Pregúntale!,¡Pregúntale!,Fecha estimada de entrega: 1er semestre 2028,5,"Descubre un proyecto residencial que redefine el concepto de bienestar y exclusividad. Disfruta de más de 10 zonas comunes diseñadas para elevar tu calidad de vida, incluyendo piscina cubierta climatizada, sauna, turco y espacios pensados para el descanso, la relajación y la recreación.Ubicado estratégicamente en el norte de la ciudad (Cra. 54 #153-75), en un entorno residencial tranquilo y de alta valorización, este proyecto ofrece el equilibrio perfecto entre privacidad y conectividad.Su cercanía a reconocidos puntos de interés como el Carmel Club, Centro Comercial San Rafael, Centro Comercial Santa Fe, Portoalegre y la Clínica La Colina, garantiza comodidad y acceso a servicios de primer nivel.Ofrece una amplia variedad de áreas construidas (desde los 77.85 m2 a los 149.3 m2), adaptándose a diferentes estilos de vida y necesidades familiares, con un alto potencial de valorización.",[],4.7399702,-74.0545665,2026-08-03
"Apartamento en Venta en Santa Paula, Bogotá",https://www.fincaraiz.com.co/apartamento-en-venta-en-santa-paula-bogota/193421061,193421061,https://cdn4.fincaraiz.com.co/repo/img/th.outside384x275.6998dcb90fe67_infocdn__6prlznzeuv3h1qxhfhroxlqetqvtwzexvtr6c8ckjpg.jpg,[],$ 2.998.000.000,6 Habs. 6 Baños 516 m²,"Apartamento en venta en santa paula, bogotá","Apartamento enBogotá, Bogotá, d.c.",SOLUSI INMOBILIARIA,Llamar,,,,,,,,,,,,,,"Apartamento Pent -House duplex completamente exterior en Santa Paula, en conjunto cerrado. Ubicado en piso 6 y 7, este apartamento cuenta con una hermosa vista al norte y oriente. En el Primer Piso acceso, hall de entrada, sala doble, comedor independiente, estudio con balcón, habitación, baño completo, amplia cocina cerrada con  coemdor auxiliar, zona de lavandería, CBS y un baño medio adicional. En el segundo Piso encontramos un amplio Family room, cuatro (4) habitaciones cada una con su baño. La habitación principal dispone de un amplio walk in closet. Depósito y cinco (5) parqueaderos independientes. El conjunto cuenta con salón social, oratorio, parque infantil, hermosas zonas verdes. Vigilancia 24/7",[],4.6928442,-74.0409657,2026-08-03
"Apartamento en  Venta en El tintal, Bogotá",https://www.fincaraiz.com.co/apartamento-en-venta-en-el-tintal-bogota/192025902,192025902,https://cdn4.fincaraiz.com.co/repo/img/th.outside384x275.67affb7596b39_infocdn__h7o4e2sh2hpmiu8lesmvuemnf5es0z2s44fhployjpg.jpg,[],$ 480.000.000,3 Habs. 2 Baños 76 m²,"Apartamento en  venta en el tintal, bogotá","Apartamento enBogotá, Bogotá, d.c.",AARON RAMIREZ & CIA LTDA,Llamar,,,,,,,,,,,,,,"Vendo hermoso apartamento ubicado en la avenida Guayacanes y a una cuadra de la avenida ciudad de Cali y la avenida calle 13, el apartamento tiene 76.36 m2, 3 habitaciones con closet y walk in closet en habitación principal, dos baños, sala comedor amplia con balcón de 1.32 m2, cocina integral tipo americana, zona de ropas, parqueadero cubierto y deposito, el apartamento se entrega encortinado con blackout y Shirt elegant, excelente luz natural, vista exterior e interior a zona bbq , el conjunto cuenta con zona coworking, salón comunal, cancha de futbol, gimnasio, salón de juegos, parque infantil , arenero para perrunos, dos ascensores por torre y parqueadero para visitantes.",[],4.6538074,-74.1403154,2026-08-03
"URBANA 30, Apartamento en Venta en Paloquemao, Bogotá",https://www.fincaraiz.com.co/proyectos-vivienda/urbana-30-apartamentos-en-venta-en-paloquemao-bogota/5893098,5893098,https://s3.amazonaws.com/imagenesprof.fincaraiz.com.co/OVFR_COL/2022/6/24/2848121_591_29.jpg,[],Desde $ 231.182.000,1 Hab 1 Baño 22 m²,"Urbana 30, apartamento en venta en paloquemao, bogotá","Apartamento enBogotá, Bogotá, d.c.",CONSTRUCTORA BOLIVAR,Llamar,¡Pregúntale!,¡Pregúntale!,¡Pregúntale!,¡Pregúntale!,En construcción,¡Pregúntale!,¡Pregúntale!,¡Pregúntale!,¡Pregúntale!,¡Pregúntale!,¡Pregúntale!,¡Pregúntale!,3,"Proyecto de apartamentos en conjunto cerrado conformado por 3 torres de 25 pisos con ascensor. Disfruta de nuestra variedad de zonas comunes que incluyen piscina, sauna y turco, gimnasio dotado, coworking, salón infantil, salón social, salas premium, zona BBQ, juegos infantiles y zonas verdes. Te ofrecemos apartamentos con o sin opción de subsidio de vivienda. Entrega inmediata.",[],4.61554479598999000000,-74.09104919433590000000,2026-08-03
"Apartamento en Venta en La carolina, Bogotá",https://www.fincaraiz.com.co/apartamento-en-venta-en-la-carolina-bogota/193458592,193458592,https://cdn4.fincaraiz.com.co/repo/img/th.outside384x275.6a60fc1a7733d_infocdn__gr1645112420260619045029jpeg.jpeg,[],$ 420.000.000,1 Hab 1 Baño 36 m²,"Apartamento en venta en la carolina, bogotá","Apartamento enBogotá, Bogotá, d.c.",PETITE COMITÉ BROKERS,Llamar,,,,,,,,,,,,,,"Acogedor apartamento de 1 habitación ubicado en el sector de La Carolina, ideal para vivir o invertir. Cuenta con 1 baño, cocina abierta y una amplia terraza privada de 22 m², perfecta para disfrutar del aire libre y crear un espacio de descanso o reuniones. Incluye 1 parqueadero.El edificio ofrece cómodas zonas comunes como gimnasio, sauna y parqueadero de visitantes, brindando bienestar y comodidad en una de las zonas más apetecidas del norte de la ciudad.",[],4.7054524,-74.042488,2026-08-03
"Oficina en Venta en La porciuncula, Bogotá",https://www.fincaraiz.com.co/oficina-en-venta-en-la-porciuncula-bogota/193381752,193381752,https://cdn4.fincaraiz.com.co/repo/img/th.outside384x275.6a3a88b387d72_infocdn__gr743193020260211025553jpeg.jpeg,[],$ 79.000.000,1 Baño 17 m²,"Oficina en venta en la porciuncula, bogotá","Oficina enBogotá, Bogotá, d.c.",METRO 51 INMOBILIARIA,Llamar,,,,,,,,,,,,,,"METRO 51 INMOBILIARIA Vende  Oficina en La Porciúncula Bogotá, 17 M2, cuarto piso exterior, cuenta con un baño y gabinetes de almacenamiento, muy iluminada, solo paga administración y servicio de luz. El edificio cuenta con vigilancia 24 horas, CCTV y ascensor. Ubicación estratégica sobre la Carrera15 a dos cuadras de la Avenida Chile y de laproxima estacion del METRO , excelente opción de inversión.",[],4.6604475,-74.0604657,2026-08-03
"Apartamento en Venta en Cedritos, Bogotá",https://www.fincaraiz.com.co/apartamento-en-venta-en-cedritos-bogota/194044717,194044717,https://cdn4.fincaraiz.com.co/repo/img/th.outside384x275.6a68e6bdd9da9_infocdn__dmqhfbqboe4gd73keh31bv17r8apzeybzgdp01jjjpg.jpg,[],$ 650.000.000,3 Habs. 3 Baños 105 m²,"Apartamento en venta en cedritos, bogotá","Apartamento enBogotá, Bogotá, d.c.",DERLY ROCIO MARTINEZ NIÑO,Llamar,,,,,,,,,,,,,,"EL EDIFICIO CUENTA CON: SALON SOCIAL, PARQUE INFANTIL, GIMNASIOM SAUNA, TURCO, BICICLETERO, 14 PARQUEADEROS PARA VISITATES. APARTAMENTO: P-3, 3 ALCOBAS, 3 BAÑOS, COCINA INTEGRAL ABIERTA, ZONA DE LAVANDERIA, SALA COMEDOR CON CHIMENEA SALIDA A BALCON. GARAJE EN LINEA PARA DOS CARROS, DEPOSITOO. ANEMESE A VERLO LE ENCATARA.",[],4.724508,-74.0550719,2026-08-03
"Apartamento en Venta en Guaymaral, Bogotá",https://www.fincaraiz.com.co/apartamento-en-venta-en-guaymaral-bogota/193777924,193777924,https://cdn4.fincaraiz.com.co/repo/img/th.outside384x275.6a67a895398e8_infocdn__cfb51790-bfcd-43b9-b257-a62908adc599jpg.jpg,[],$ 600.000.000,2 Habs. 2 Baños 72 m²,"Apartamento en venta en guaymaral, bogotá","Apartamento enBogotá, Bogotá, d.c.",Engel & Völkers,Llamar,,,,,,,,,,,,,,"Apartamento remodelado de 72 m2, cuenta con cocina abierta, sala con balcón, comedor, 2 habitaciones, la principal con baño en suite y walk-in closet, baño social, zona de lavandería, depósito y 2 parqueaderos cubiertos en línea. El conjunto contará con club house con gimnasio, pista de trote, piscina para adultos y niños, turco, sauna, cancha múltiple, juegos infantiles, senderos para triciclos, salón social, zona de BBQ, salones de reuniones, zona de mascotas, zonas verdes y  cuenta con seguridad 24 hs.",[],4.7782251,-74.0490532,2026-08-03
"Casa en Venta en Pontevedra, Bogotá",https://www.fincaraiz.com.co/casa-en-venta-en-pontevedra-bogota/193714649,193714649,https://cdn4.fincaraiz.com.co/repo/img/th.outside384x275.6a57f82120455_infocdn__jznrvj0stm1h7valhvg2pymlyz9sasmu0ezayotlokgpnzkj8xbnlsqtxfnyrxwjbmaeg28prbgj3xfcqkphiaazol4yjwzzq6w3ax6ky4o.jpeg,[],$ 2.300.000.000,4 Habs. 2 Baños 220 m²,"Casa en venta en pontevedra, bogotá","Casa enBogotá, Bogotá, d.c.",Luis Soto y CIA,Llamar,,,,,,,,,,,,,,"Casa de 4 niveles ubicada en Bogotá, en sector residencial de estrato 4, con un lote de aproximadamente 410 m² y área construida cercana a 220 m². En el primer nivel cuenta con amplia sala y comedor, sala de estar, baño social, cocina integral, cuarto y baño de servicio, patio, depósito y tres parqueaderos (uno cubierto). En el segundo nivel dispone de cuatro habitaciones, una de ellas con vestier y baño privado, además de baño auxiliar para las demás alcobas. Es una propiedad funcional, con buenos espacios y distribución ideal para familias que buscan comodidad y amplitud ***",[],4.6992539,-74.0756641,2026-08-03
"Oficina en Venta en Chico norte, Bogotá",https://www.fincaraiz.com.co/oficina-en-venta-en-chico-norte-bogota/193521245,193521245,https://cdn4.fincaraiz.com.co/repo/img/th.outside384x275.69b8cae920529_infocdn__gr743191020260316093642jpeg.jpeg,[],$ 1.262.196.756,133 m²,"Oficina en venta en chico norte, bogotá","Oficina enBogotá, Bogotá, d.c.",METRO 51 INMOBILIARIA,Llamar,,,,,,,,,,,,,,"Metro 51 Inmobiliaria vende oficina de 133 m² ubicada en Calle 100 con Carrera 22, en segundo piso. El espacio cuenta con 11 módulos independientes, cafetería interna y 4 parqueaderos privados. El edificio ofrece parqueadero para visitantes, salas de reunión, cafetería en el último piso y duchas, ideal para empresas que buscan una ubicación estratégica y espacios funcionales.",[],4.6859856,-74.0553134,2026-08-03
"Lorca, Apartamentos en Venta en Nueva Castilla, Bogotá",https://www.fincaraiz.com.co/proyectos-vivienda/lorca-apartamentos-en-venta-en-nueva-castilla-bogota/6639082,6639082,https://s3.amazonaws.com/imagenesprof.fincaraiz.com.co/OVFR_COL/2021/8/30/3286857_524_2.jpg,[],Desde $ 412.565.000,2 Habs. 2 Baños 56.76 m²,"Lorca, apartamentos en venta en nueva castilla, bogotá","Apartamento enBogotá, Bogotá, d.c.",MARVAL BOGOTA,Llamar,¡Pregúntale!,¡Pregúntale!,¡Pregúntale!,¡Pregúntale!,Sobre planos,¡Pregúntale!,"Financiación: 70% | Método de pago: 30% Cuota Inicial, Hasta 34 meses",¡Pregúntale!,¡Pregúntale!,¡Pregúntale!,¡Pregúntale!,¡Pregúntale!,3,"Si eres inversionista o joven en búsqueda de tu primera vivienda propia, Lorca te impresionará con sus modernas y extensas zonas comunes. Con alrededor de 4.000m2 de equipamiento comunal, podrás encontrar un sinfín de espacios para divertirte, cuidarte, compartir y sentirte en el lugar que siempre soñaste vivir.",[],4.64842450000000000000,-74.14785800000000000000,2026-08-03
"Casa en Venta en Mandalay, Bogotá",https://www.fincaraiz.com.co/casa-en-venta-en-mandalay-bogota/193148548,193148548,https://cdn4.fincaraiz.com.co/repo/img/th.outside384x275.69291fc705f11_infocdn__521futhqej60zoscshs0kymd3vd0wn1kwtna57wcjpg.jpg,[],$ 849.999.999,4 Habs. 3 Baños 200 m²,"Casa en venta en mandalay, bogotá","Casa enBogotá, Bogotá, d.c.",CITYSEGUROS INMOBILIARIOS,Llamar,,,,,,,,,,,,,,"VENDO CASA REMODELADA EN MANDALAY, LOTE DE 7X20 140 M2 ÁREA 250 M2 CONSTRUIDOS APROX., DOS NIVELES, CONSTA DE 4 HABITACIONES CON CLOSET, 3 BAÑOS COMPLETOS, UNA DE LAS HABITACIONES EN PRIMER NIVEL, COCINA INTEGRAL CON COMEDOR AUXILIAR, PATIO CUBIERTO, SALA COMEDOR AMPLIA, PARQUEADERO CUBIERTO PARA DOS VEHÍCULOS.CERCA A AV.BOYACA, AV AMERICAS, CENTRO COMERCIAL PLAZA DE LAS AMÉRICAS, ESTACION DE TRANSMILENIO.PRECIO $850 MILLONES, SE ACEPTA PERMUTA APARTAMENTO EN COLINA, MAZUREN O CERCA,  MENOR VALOR, SE ACEPTAN OFERTAS",[],4.6295957,-74.1430807,2026-08-03
"Local en Venta en Chapinero central, Bogotá",https://www.fincaraiz.com.co/local-en-venta-en-chapinero-central-bogota/192554807,192554807,https://cdn4.fincaraiz.com.co/repo/img/th.outside384x275.6a0ef4025d118_infocdn__765-1-1750288284jpg.jpg,[],$ 55.000.000,10 m²,"Local en venta en chapinero central, bogotá","Local Comercial enBogotá, Bogotá, d.c.",CON DOMINIO INMOBILIARIO SAS,Llamar,,,,,,,,,,,,,,"Descubre este exclusivo local ubicado en Chapinero una excelente zona comercial de Bogotá, con una superficie de 10.55 metros cuadrados ideales para dar vida a tu próximo proyecto comercial. Con una ubicación estratégica y un diseño moderno, este espacio ofrece infinitas posibilidades para emprender tu negocio. Con la opción de el mobiliario por un precio razonable adicional. No pierdas la oportunidad de formar parte de esta vibrante comunidad y llevar tus ideas al siguiente nivel. ¡Contáctanos para más información!",[],4.646293993409,-74.063985922404,2026-08-03
"Apartamento en Venta en Santa barbara occidental, Bogotá",https://www.fincaraiz.com.co/apartamento-en-venta-en-santa-barbara-occidental-bogota/192572894,192572894,https://cdn4.fincaraiz.com.co/repo/img/th.outside384x275.6a0eefb401f57_infocdn__768-1-1750804060jpg.jpg,[],$ 1.600.000.000,4 Habs. 6 Baños 230 m²,"Apartamento en venta en santa barbara occidental, bogotá","Apartamento enBogotá, Bogotá, d.c.",CON DOMINIO INMOBILIARIO SAS,Llamar,,,,,,,,,,,,,,"Descubre este exclusivo APARTAMENTO en venta, un penthouse con 4 habitaciones, 6 baños y 3 parqueaderos en una ubicación privilegiada. santa barbara occidental cercano a todo, Con 230 metros cuadrados de elegancia y comodidad, este inmueble es ideal para quienes buscan un estilo de vida sofisticado. No pierdas la oportunidad de vivir en este espacio único. ¡Contáctanos ahora para más información y agenda una visita!",[],4.6994974648386,-74.053065860644,2026-08-03
"BALCONES DEL PORTAL, Apartamento en Venta en Ciudadela del Portal, Bogotá",https://www.fincaraiz.com.co/proyectos-vivienda/balcones-del-portal-apartamentos-en-venta-en-ciudadela-del-portal-bogota/7912864,7912864,https://s3.amazonaws.com/imagenesprof.fincaraiz.com.co/OVFR_COL/2023/2/9/4101744_450_0.jpg,[],Desde $ 202.631.000,2 Habs. 1 Baño 52 m²,"Balcones del portal, apartamento en venta en ciudadela del portal, bogotá","Apartamento enBogotá, Bogotá, d.c.",AMARILO,Llamar,¡Pregúntale!,¡Pregúntale!,¡Pregúntale!,¡Pregúntale!,Nuevos,¡Pregúntale!,Financiación: 70% | Método de pago: Débito o crédito,¡Pregúntale!,¡Pregúntale!,¡Pregúntale!,¡Pregúntale!,¡Pregúntale!,3,"Le damos la bienvenida al proyecto Balcones del Portal nuestro quinto lanzamiento dentro del desarrollo urbanístico Ciudadela del Portal, el proyecto Balcones del Portal contará con 676 aptos y 5 torres de 17 pisos cada una. Está ubicado en Usme cerca al Centro Comercial Altavista y a varios almacenes de cadena, tiene facilidades de acceso y transporte a través de la troncal de Trasmilenio de la Av. Caracas..",[],4.53316926956177000000,-74.11873626708980000000,2026-08-03
"Oficina en Venta en San Felipe, Bogotá",https://www.fincaraiz.com.co/oficina-en-venta-en-san-felipe-bogota/193038690,193038690,https://cdn4.fincaraiz.com.co/repo/img/th.outside384x275.6a0d3021d24e3_infocdn__enrnbhmyftcaentzmv9liqdao47btonu9fcailjojpg.jpg,[],$ 1.949.999.999,5 Ambientes 2 Baños 450 m²,"Oficina en venta en san felipe, bogotá","Oficina enBogotá, Bogotá, d.c.",CITYSEGUROS INMOBILIARIOS,Llamar,,,,,,,,,,,,,,"VENDO/RENTO EDIFICIO COMERCIAL DE 3 NIVELES MAS TERRAZA, ADECUADA PARA EMPRESA CON LICENCIA DE CONSTRUCCIÓN, 450 M2 CONSTRUIDOS, USO COMERCIAL, EMPRESARIAL.NIVEL 1 BODEGA Y PARQUEADERONIVEL 2 OFICINAS, 2 SALAS DE JUNTAS, ARCHIVOOPCION AREIENDO $15 MILLONESNIVEL 3 CAFETERÍA/ ZONA PRA ADECUAR OFICINAS, 2 BAÑOSTERRAZA ESPACIO UTIL SE PUEDE CUBRIR Y APROVECHAR EL ESPACIOS, 150 M2 másPRECIO $1.950 MILLONES- NEG.OPCIÓN RENTA $13 MILLONES",[],4.6645411,-74.0630587,2026-08-03
"Apartamento en Venta en Pinar de Suba, Bogotá",https://www.fincaraiz.com.co/apartamento-en-venta-en-pinar-de-suba-bogota/192643376,192643376,https://cdn4.fincaraiz.com.co/repo/img/th.outside384x275.6a0eef20b88cb_infocdn__777-1-1752541357jpg.jpg,[],$ 300.000.000,3 Habs. 2 Baños 54 m²,"Apartamento en venta en pinar de suba, bogotá","Apartamento enBogotá, Bogotá, d.c.",CON DOMINIO INMOBILIARIO SAS,Llamar,,,,,,,,,,,,,,"Descubre este APARTAMENTO con una de las mejores vistas en el pinar de suba, en SEXTO piso, acceso por escaleras; SIN  ascensor. 3 habitaciones y 2 baños en una ubicación privilegiada. Con 64.36 m², este inmueble ofrece comodidad y estilo. Además, cuenta con 1 parqueadero para tu conveniencia. No pierdas la oportunidad de vivir en este exclusivo espacio. Contáctanos ahora para más información. CON-DOMINIO INMOBILIARIO SAS - Teléfono: ***.",[],4.748766573495,-74.084380685391,2026-08-03
"Oficina en Venta en Suba, Bogotá",https://www.fincaraiz.com.co/oficina-en-venta-en-suba-bogota/193016859,193016859,https://cdn4.fincaraiz.com.co/repo/img/th.outside384x275.6a0631cd4637a_infocdn__gr95273120251023103429jpg.jpg,[],$ 6.089.000.000,644 m²,"Oficina en venta en suba, bogotá","Oficina enBogotá, Bogotá, d.c.",MTS Consultoría + Gestión,Llamar,,,,,,,,,,,,,,"Amplia oficina de 644,76 m² ubicada en el Centro Empresarial Colpatria Torre 2, un moderno edificio corporativo al norte de Bogotá, con excelente ubicación sobre la Calle 127A, cerca de la Avenida Suba y la Carrera 45.Cuenta con 13 parqueaderos exclusivos, espacios luminosos, buena distribución y acabados en excelente estado. El edificio ofrece seguridad 24 horas, planta eléctrica, salón comunal, parqueaderos para visitantes y completas zonas comunes.Ideal para empresas, consultoras o entidades que buscan una sede moderna, con fácil acceso y alto nivel de representación.? Área privada: 644,76 m²? Parqueaderos: 13 exclusivos?️ Año de construcción: 2015? Uso: Oficina",[],4.7095169,-74.0624507,2026-08-03
"BOATERRA ZELVA, Apartamento en Venta en Engativá, Bogotá",https://www.fincaraiz.com.co/proyectos-vivienda/boaterra-zelva-apartamentos-en-venta-en-engativa-bogota/15018260,15018260,https://cdn4.fincaraiz.com.co/repo/img/th.outside384x275.699cbdc9dbdcd_infocdn__r1w07odyiebxjgx7zhtrmoyjzu0guqxadatrratojpg.jpg,[],Desde $ 766.100.000,1 Hab 2 Baños 48.5 m²,"Boaterra zelva, apartamento en venta en engativá, bogotá","Apartamento enBogotá, Bogotá, d.c.",CONSTRUCCIONES PLANIFICADAS,Llamar,¡Pregúntale!,¡Pregúntale!,¡Pregúntale!,¡Pregúntale!,Sobre planos,¡Pregúntale!,¡Pregúntale!,30-70,¡Pregúntale!,¡Pregúntale!,¡Pregúntale!,Primer Trimestre 2030,5,"Boaterra Zelva es la segunda etapa de un gran desarrollo residencial: Boaterra Apartamentos y OficinasUn proyecto que continúa consolidando un nuevo estilo de vida, donde la comodidad, la funcionalidad y el bienestar se integran en cada detalle.Ubicado estratégicamente, Zelva está pensado para quienes buscan vivir con mejor conexión, movilidad y espacios que acompañen el ritmo de la ciudad, incorporando soluciones modernas y sostenibles como estaciones de carga para vehículos eléctricos y zonas privadas para bicicletas.",[],4.6572323,-74.1043587,2026-08-03
"KOBE 50, Apartamentos en Venta en Teusaquillo, Bogotá",https://www.fincaraiz.com.co/proyectos-vivienda/kobe-50-apartamentos-en-venta-en-teusaquillo-bogota/15017423,15017423,https://cdn4.fincaraiz.com.co/repo/img/th.outside384x275.681cafa8525ba_infocdn__lmujbxnp3g5ollpeywowx9yfewyr5n6m1nyqexgdjpg.jpg,[],Desde $ 235.000.000,1 Hab 1 Baño 22.38 m²,"Kobe 50, apartamentos en venta en teusaquillo, bogotá","Apartamento enBogotá, Bogotá, d.c.",CSB INMOBILIARIA,Llamar,¡Pregúntale!,¡Pregúntale!,¡Pregúntale!,¡Pregúntale!,Sobre planos,¡Pregúntale!,¡Pregúntale!,¡Pregúntale!,¡Pregúntale!,¡Pregúntale!,¡Pregúntale!,¡Pregúntale!,3,"El proyecto va a tener 104 unidades estrato 3 cerca al Transmilenio y futuro metro, universidades, centros comerciales y parques ubicado en la calle 50 con carrera 20",[],4.6395128933153,-74.0718376,2026-08-03
"Apartaestudio en Venta en Las nieves, Bogotá",https://www.fincaraiz.com.co/apartaestudio-en-venta-en-las-nieves-bogota/193370065,193370065,https://cdn4.fincaraiz.com.co/repo/img/th.outside384x275.6986bf7f748c4_infocdn__briihlupba8cos9uxlxe0e6kh4tp8kmjr9e7mja9jpg.jpg,[],$ 249.000.000,1 Hab 1 Baño 51.67 m²,"Apartaestudio en venta en las nieves, bogotá","Apartaestudio enBogotá, Bogotá, d.c.",Y&C BIENES RAICES,Llamar,,,,,,,,,,,,,,"Descubra este apartaestudio, una oportunidad excepcional para quienes buscan un espacio funcional y bien ubicado. Ideal para profesionales jóvenes, estudiantes o inversores, esta propiedad ofrece un diseño inteligente que maximiza cada metro cuadrado. Disfrute de la comodidad de tener todo lo necesario en un ambiente acogedor y fácil de mantener. Su ubicación estratégica garantiza acceso rápido a servicios, transporte público y zonas de interés, convirtiéndolo en una opción atractiva tanto para vivir como para generar ingresos por alquiler.",[],4.605091,-74.0708499,2026-08-03
"Lote en Venta en El vergel, Bogotá",https://www.fincaraiz.com.co/lote-en-venta-en-el-vergel-bogota/192820936,192820936,https://cdn4.fincaraiz.com.co/repo/img/th.outside384x275.68b6439d7f2a7_infocdn__isejrgnl22ovlzfu88ckdkel1w5pm3lct6kcgv8pjpg.jpg,[],$ 1.700.000.000,640 m²,"Lote en venta en el vergel, bogotá","Lote enBogotá, Bogotá, d.c.",GYNSAS,Llamar,,,,,,,,,,,,,,"*VENTA LOTE BOGOTÁ,  B. VALLADOLID**DIR:*   Cl. 15A # 81G-15.*ÁREA:*   640  M2.*BARRIO:*  Vergel Occidental.*UPL:*  13 Tintal.*UPZ:*   46  Castilla.*FRENTE Cl. 15A:*   9,6  Mts.*FRENTE  Cr.  81G:*    28 Mts.*ANCHO  TOTAL:*   18. Mts.*FONDO TOTAL:*    42  Mts.*ESTRATO:*  3Son 4 lotes unidos físicamente.*FOLIOS DE MATRÍCULAS INMOBILIARIAS*- 50C-1362718- ⁠50C-1318202- ⁠50C-432195- ⁠50C-497109*CHIPS:*- AAA 0148 JEEA.- ⁠AAA 0148 JEHY.- ⁠AAA 0148 JEKL.- ⁠AAA 0148 JEJH.*CÓDIGOS DE LOTES:*- *0 ****- ⁠*0 ****- *⁠0 ****- ⁠*0 *****DIRECCIONES:*- Cl. 15A # 81G-15.- ⁠Cr. 81G # 14b-43.- ⁠Cr. 81G # 14b-23.- ⁠Cr. 81G # 14b-11.*NORMA:*- Tratamiento:  Desarrollo.- ⁠Modalidad:  Desarrollo.- ⁠A. Actividad:  Industrial.- ⁠Uso:  Vivienda, industria liviana, Dotacional.*PRECIO:   $1.700’000.000Son mil setecientos  MILLÓNes DE PESOS,   NEGOCIABLES*Att.*Iván   Arias   Botero*https://www.instagram.com/gynsascolhttps://www.gynsas.com C. *[email protected]*Tel-Wasap:   *300 *****GYNSASFIDUA - PETROVALOR.*",[],4.655371,-74.137542,2026-08-03
"GRAN CENTRAL, Apartamento en Venta en Gran america, Bogotá",https://www.fincaraiz.com.co/proyectos-vivienda/gran-central-apartamentos-en-venta-en-gran-america-bogota/15017862,15017862,https://cdn4.fincaraiz.com.co/repo/img/th.outside384x275.68fb8d53d791c_infocdn__3xiohhjzxb1hszhwbidahmzowuf2wtfin28btakyjpg.jpg,[],Desde $ 305.789.000,1 Hab 1 Baño 25.43 m²,"Gran central, apartamento en venta en gran america, bogotá","Apartamento enBogotá, Bogotá, d.c.",DOM REAL ESTATE,Llamar,¡Pregúntale!,¡Pregúntale!,¡Pregúntale!,¡Pregúntale!,En construcción,¡Pregúntale!,¡Pregúntale!,¡Pregúntale!,¡Pregúntale!,¡Pregúntale!,¡Pregúntale!,¡Pregúntale!,4,"Gran Central es un proyecto diseñado para quienes buscan invertir o vivir en una ubicación estratégica de Bogotá. Está situado en el corazón de la ciudad, cerca de todo lo que importa: transporte. Zonas empresariales, universidades, comercio y servicio. Su concepto combina comodidad, conectividad y valorización, ideal tanto para quienes desean habitarlo como para quienes buscan una inversión sólida.",[],4.6257275,-74.0826228,2026-08-03
"Apartamento en Venta en Zona centro, Bogotá",https://www.fincaraiz.com.co/apartamento-en-venta-en-zona-centro-bogota/193995588,193995588,https://cdn4.fincaraiz.com.co/repo/img/th.outside384x275.6a581cc1eb178_infocdn__sv0hgea0sdgqgsswjzqdj2lvavkabngox81flck4jpg.jpg,[],$ 150.000.000,1 Hab 1 Baño 24 m²,"Apartamento en venta en zona centro, bogotá","Apartamento enBogotá, Bogotá, d.c.",Estrategia SAS,Llamar,,,,,,,,,,,,,,"Disfrute de este apartaestudio ubicado en pleno centro de la ciudad, cercano al c.c. Mall Plaza, Plaza de Paloquemao.  Estrato 3.  En 6 piso con vista exterior.  Monoambiente.  Tiene un baño.  Estufa a gas, calentador de paso eléctrico para el agua caliente.  El conjunto residencial Centenari fue construido en el año 2022.   El conjunto residencial cuenta con vigilancia 7/24, y sistemas de seguridad de última generación, cancha de mini-fútbol, zona de lavandería comunal, bicicleteros, parqueaderos de visitantes sorteados, salón social, parque infantil,  ubicación estratégica: En el corazón de Bogotá, Centenari combina la tranquilidad de una zona residencial con el fácil acceso a servicios y zonas de ocio.  UNICO PRECIO.",[],4.6121814,-74.0837087,2026-08-03
"Apartamento en Venta en Santa Barbara, Bogotá",https://www.fincaraiz.com.co/apartamento-en-venta-en-santa-barbara-bogota/193891444,193891444,https://cdn4.fincaraiz.com.co/repo/img/th.outside384x275.6a349ae97c498_infocdn__w2mpx4p15w0z9n0huadgzlvdf1tcvpsrkainlf7hjpg.jpg,[],$ 1.100.000.000,3 Habs. 3 Baños 166 m²,"Apartamento en venta en santa barbara, bogotá","Apartamento enBogotá, Bogotá, d.c.",ASANA BIENES RAICES,Llamar,,,,,,,,,,,,,,"SANTA BARARA VENTA APARTAMENTO. Si buscas amplitud, elegancia en su estilo y exclusividad (edificio con 24 apartamentos), además de un ambiente cálido con EXCELENTE ILUMINACION, este apartamento en segundo piso te ofrece la mejor ubicación a tres cuadras del CC UNICENTRO. Su distribución en DOS NIVELES, vista exterior y amplios ventanales permiten disfrutar el sol mañana y tarde. Espacios pensados para cada integrante de la familia: tres habitaciones con clóset, la principal con baño privado, sala entre habitaciones que se puede usar como family room  ó estudio. Suficientes espacios de almacenamiento, habitación de servicio con baño, zona de lavandería independiente, baño social. PARQUEADERO doble cubierto en servidumbre y DEPOSITO. Principales vías de acceso carrera 15, carrera 9 y calle 116. No pierdas la oportunidad de disfrutar este encantador dúplex que puedes remodelar a tu gusto! Administración: $1.567.000Agenda tu visita hoy — completa el formulario o escríbenos por WhatsApp. Las buenas propiedades no esperan!",[],4.699679,-74.037509,2026-08-03
"Apartaestudio en Venta en Santa barbara central, Bogotá",https://www.fincaraiz.com.co/apartaestudio-en-venta-en-santa-barbara-central-bogota/193432396,193432396,https://cdn4.fincaraiz.com.co/repo/img/th.outside384x275.6a5ff68f3dbf4_infocdn__gr743192020260625104821jpeg.jpeg,[],$ 498.000.000,1 Hab 2 Baños 66 m²,"Apartaestudio en venta en santa barbara central, bogotá","Apartaestudio enBogotá, Bogotá, d.c.",METRO 51 INMOBILIARIA,Llamar,,,,,,,,,,,,,,"METRO 51 INMOBILIARIA VENDE: Apartamento en el Edificio Bari, ubicado en la Calle 117 #11A , barrio Santa Bárbara Central, estrato 6. Cuenta con 66 m², 1 habitación, 2 baños, estudio y 2 parqueaderos cubiertos, además de depósito. Está ubicado en el piso 2 del apartamento 205,  con ascensor, tiene 15 años de antigüedad y se encuentra remodelado. Dispone de cocina integral, gas natural, pisos laminados en área social y habitación, vista exterior y acceso con llave única. El conjunto ofrece portería con vigilante, parqueadero de visitantes, salón comunal en conjunto cerrado. Administración aproximada $389.845 . Precio por m² construido: $8.318.181.",[],4.6963507,-74.0378613,2026-08-03
"RESERVA DE LA 26, Apartamento en Venta en Zona centro, Bogotá",https://www.fincaraiz.com.co/proyectos-vivienda/reserva-de-la-26-apartamentos-en-venta-en-zona-centro-bogota/10097276,10097276,https://d3s5pkt10pk3ga.cloudfront.net/resizedImages/384x275/site/fincaraiz_service/media/listing/9b8a2764-6525-48ce-ac5b-74df0d90a756/photos/9b8a2764-6525-48ce-ac5b-74df0d90a756_1_True_58a6b538-820e-4704-b7a7-bcabfc23cb9a.jpg,[],Desde $ 324.999.000,1 Hab 1 Baño 27 m²,"Reserva de la 26, apartamento en venta en zona centro, bogotá","Apartamento enBogotá, Bogotá, d.c.",AR CONSTRUCCIONES,Llamar,¡Pregúntale!,¡Pregúntale!,¡Pregúntale!,¡Pregúntale!,Sobre planos,¡Pregúntale!,30,¡Pregúntale!,¡Pregúntale!,¡Pregúntale!,¡Pregúntale!,¡Pregúntale!,4,"Reserva de la 26, es un proyecto de apartamentos, ubicado estratégicamente en el centro de Bogotá sobre la Avenida El Dorado a la altura del Concejo de Bogotá. Exclusivos apartamentos con excelentes vías de acceso como la Av. el dorado, la carrera 30 y la avenida de las Américas. Los apartamentos contarán con un diseño exclusivo tipo conecting (con doble acceso) para una vida con mayor independencia. Maximiza tu inversión en un proyecto que te permite arrendar tu apartamento por cortas o largas estadías a través de plataformas digitales",[],4.6248686796708,-74.07928510318,2026-08-03
"Apartamento en Venta en Cedritos, Bogotá",https://www.fincaraiz.com.co/apartamento-en-venta-en-cedritos-bogota/193987663,193987663,https://cdn4.fincaraiz.com.co/repo/img/th.outside384x275.6a60f733a1049_infocdn__3393694b-cb37-4469-a9f7-06b3622b95a3.jpeg,[],$ 625.000.000,3 Habs. 3 Baños 121 m²,"Apartamento en venta en cedritos, bogotá","Apartamento enBogotá, Bogotá, d.c.",ACROS INMOBILIARIA SAS,Llamar,,,,,,,,,,,,,,"Apartamento Dúplex en Venta – Sector CedritosAmplio y acogedor apartamento dúplex de 121.60 mts², ubicado en uno de los sectores residenciales más apetecidos de la ciudad, con fácil acceso a centros comerciales, restaurantes, colegios y toda la vida de barrio que buscas para tu familia.Primer piso:Sala comedor con chimenea, ideal para compartir en familiaAmplia cocina cerrada, con zona de lavanderíaBaño de servicioBaño socialDos habitaciones, una de ellas con baño privadoSegundo piso:Habitación principal con baño privadoZona de TVTerraza techada con doble acceso, desde la zona de TV y desde la habitación principal — un espacio perfecto para relajarse.El apartamentos cuenta con1 garaje cubiertoDepósitoUn apartamento con excelente distribución de espacios y gran potencial, ideal para quienes buscan hacerlo a su gusto: requiere algunas remodelaciones (entre ellas la cocina), lo que representa una oportunidad para personalizarlo según tus necesidades y estilo.¡Agenda tu visita y conoce este espacio lleno de posibilidades! ***",[],4.7289194,-74.0387545,2026-08-03
"El Campo, Apartamentos en Venta en Porvenir, Bogotá",https://www.fincaraiz.com.co/proyectos-vivienda/el-campo-apartamentos-en-venta-en-porvenir-bogota/15017184,15017184,https://cdn4.fincaraiz.com.co/repo/img/th.outside384x275.67a366bef210a_infocdn__3k8kgdfvt4bw9y7uel01eq7y2olsonpydpqdz5rspng.png,[],Desde $ 188.000.000,1 Hab 2 Baños 54.08 m²,"El campo, apartamentos en venta en porvenir, bogotá","Apartamento enBogotá, Bogotá, d.c.",MARVAL BOGOTA,Llamar,¡Pregúntale!,¡Pregúntale!,¡Pregúntale!,¡Pregúntale!,Sobre planos,¡Pregúntale!,10%,¡Pregúntale!,¡Pregúntale!,¡Pregúntale!,¡Pregúntale!,¡Pregúntale!,3,"Ubicado en la zona sur oriente de Bogotá, desarrollado en un plan parcial denominado Tres Quebradas. Este proyecto se compone de treinta y cinco (35) torres de apartamentos, parqueaderos, portería y edificio comunal donde se desarrollan los espacios comunales. Dado el plan parcial por desarrollar, estará construido, con elementos organizados para la ciudad con zonas verdes, parques, alamedas, ciclorrutas, y vías.",[],4.5329903,-74.1174352,2026-08-03
"Ciudad La Salle Loira, Apartamento en Venta en Usaquen, Bogotá",https://www.fincaraiz.com.co/proyectos-vivienda/ciudad-la-salle-loira-apartamentos-en-venta-en-usaquen-bogota/15017171,15017171,https://cdn4.fincaraiz.com.co/repo/img/th.outside384x275.67a27b7f4b20b_infocdn__tvrvcd6mevhhlfm5gx2f9c7meqfiukulkzoqr9tppng.png,[],Desde $ 242.854.000,1 Hab 1 Baño 30.6 m²,"Ciudad la salle loira, apartamento en venta en usaquen, bogotá","Apartamento enBogotá, Bogotá, d.c.",MARVAL BOGOTA,Llamar,¡Pregúntale!,¡Pregúntale!,¡Pregúntale!,¡Pregúntale!,Sobre planos,¡Pregúntale!,30%,¡Pregúntale!,¡Pregúntale!,¡Pregúntale!,¡Pregúntale!,¡Pregúntale!,4,"Ponemos las posibilidades a tu alcance para que lo logres, porque entendemos que un precio competitivo no es suficiente, también es importante estar en un sector que, por su desarrollo es la mejor decisión. Cuando buscamos un lugar para vivir o para invertir esperamos que lo tengato do. En La Salle hemos definido el “todo” como un lugar en el que podrás vivir momentos únicos, rodeado de sus inigualables zonas verdes. Acompañado del bienestar que ofrece su acceso, movilidad y desarrollo urbanístico. Ese “todo” equilibrará tu vida y siempre estará “contigo”. Esa es la identidad de este gran proyecto en Bogotá.",[],4.749627,-74.0356625,2026-08-03
"Zuri Zentral, Apartamento en Venta en Hayuelos, Bogotá",https://www.fincaraiz.com.co/proyectos-vivienda/zuri-zentral-apartamentos-en-venta-en-hayuelos-bogota/10183150,10183150,https://d3s5pkt10pk3ga.cloudfront.net/resizedImages/384x275/site/fincaraiz_service/media/listing/602e0c9d-3481-487f-8439-3f21bd516fe3/photos/602e0c9d-3481-487f-8439-3f21bd516fe3_1_True_4fa65f28-440a-45be-a7f6-a4aeb55cbe05.jpg,[],Desde $ 247.334.000,1 Hab 2 Baños 30.78 m²,"Zuri zentral, apartamento en venta en hayuelos, bogotá","Apartamento enBogotá, Bogotá, d.c.",MARVAL BOGOTA,Llamar,¡Pregúntale!,¡Pregúntale!,¡Pregúntale!,¡Pregúntale!,Sobre planos,1,Saldo a financiar: $142.016.000,Cuota inicial (30%): $60.864.000,¡Pregúntale!,¡Pregúntale!,¡Pregúntale!,¡Pregúntale!,4,"El Conjunto Residencial ZURI está localizado al occidente de Bogotá, entre avenidas principales como la Avenida Boyacá y la Avenida Calle 17 y hace parte del Megaproyecto Zentral en una zona de futuro desarrollo urbanístico en el sector. Ubicado cerca de Centros Comerciales como el C.C Multiplaza, el C.C El Edén y diversos puntos comerciales de escala local, cuenta con amplias zonas verdes y fuentes hídricas como el Río Fucha, además de múltiples parques, alamedas, plazoletas y vías de acceso.",[],4.65145670918750000000,-74.12900550876790000000,2026-08-03
"Gallet Ciudad La Salle, Apartamento en Venta en Usaquen, Bogotá",https://www.fincaraiz.com.co/proyectos-vivienda/gallet-ciudad-la-salle-apartamentos-en-venta-en-usaquen-bogota/15018228,15018228,https://cdn4.fincaraiz.com.co/repo/img/th.outside384x275.698e107e5fb87_infocdn__iplr7mbelu5enydrquqqmzoixwd3pbqgnuwjmkhqjpg.jpg,[],Desde $ 257.202.000,2 Habs. 2 Baños 41.07 m²,"Gallet ciudad la salle, apartamento en venta en usaquen, bogotá","Apartamento enBogotá, Bogotá, d.c.",MARVAL BOGOTA,Llamar,¡Pregúntale!,¡Pregúntale!,¡Pregúntale!,¡Pregúntale!,Sobre planos,¡Pregúntale!,¡Pregúntale!,¡Pregúntale!,¡Pregúntale!,¡Pregúntale!,¡Pregúntale!,¡Pregúntale!,3,"Ubicado en la zona occidental de Bogotá, en la localidad de Usaquén, este proyecto residencial se encuentra entre importantes vías como la Calle 170 (Av. San Juan Bosco), la Carrera 9 (Av. Laureano Gómez) y la Carrera 15 (Av. Jorge Uribe Botero), integrándose al sector de Alameda, un área en constante desarrollo. Muy cerca del Colegio La Salle, futuros centros comerciales y del Centro de Tratamiento e Investigación sobre Cáncer Luis Carlos Sarmiento Angulo, actualmente en construcción, este proyecto se rodea de zonas verdes, parques, alamedas y plazoletas ideales para el bienestar familiar. Está compuesto por tres torres de apartamentos elegantes de gran formato, dos sótanos de parqueaderos y un edificio comunal con amenidades de alto nivel como piscina, jacuzzi, sauna, turco, gimnasio, salones comunales, cancha de squash y fútbol 5, teatrino, salón de juegos, suites, coworking, salas de reunión privadas, salón de eventos infantiles y terraza recorrible. Todo en un entorno moderno y funcional pensado para el confort total.Aplican Términos y Condiciones",[],4.749627,-74.0356625,2026-08-03
"Apartamento en Venta en Los rosales, Bogotá",https://www.fincaraiz.com.co/apartamento-en-venta-en-los-rosales-bogota/193297959,193297959,https://cdn4.fincaraiz.com.co/repo/img/th.outside384x275.6970ea1b154c6_infocdn__05a9b0fa-f09c-4802-b406-eb2d2b6d5ff5.jpeg,[],$ 14.000.000.000,4 Habs. 6 Baños 663 m²,"Apartamento en venta en los rosales, bogotá","Apartamento enBogotá, Bogotá, d.c.",Ignacio Samper y Cía,Llamar,,,,,,,,,,,,,,"Excelente penthhouse de 3 pisos con terrazas y espectacular vista de la ciudad y los cerros, ascensores privados y de servicio. En el noveno piso el área social con espacios muy amplios de sala con chimenea natural, comedor indepnediente ambos con salida a terraza y estudio con biblioteca y chimenea a gas. Cocina con isla y comedor auxiliar y servicios. En el piso octavo el área de alcobas con cuatro alcobas cada una con baño privado y vestier. La alcoba principal cuenta con amplio walking closet con iluminación natural y baño doble. En la cubierta del piso décimo cuenta con terraza con juegos infantiles, área social y zona cubierta de cocineta, bbq y un estudio con baño. Área arquitectónica construida de 663.20 m², Área privada propiedad horizontal de 558.17 m² y Área de terrazas en propiedad horizontal 235.29 m².  En Icónico y exclusivo edificio verde de los Rosales. Cuenta con gimnasio, salón comunal,  terrazas y parqueaderos de visitantes.***",[],4.6579759,-74.0508843,2026-08-03
"Apartamento en Venta en Sagrado corazon, Bogotá",https://www.fincaraiz.com.co/apartamento-en-venta-en-sagrado-corazon-bogota/194013103,194013103,https://cdn4.fincaraiz.com.co/repo/img/th.outside384x275.6a6a00a4190b4_infocdn__gr433821020250701041258jpg.jpg,[],$ 420.000.000,3 Habs. 2 Baños 103 m²,"Apartamento en venta en sagrado corazon, bogotá","Apartamento enBogotá, Bogotá, d.c.",Inmobiliaria MG,Llamar,,,,,,,,,,,,,,"Excelente oportunidad para REMODELAR, este apartamento, esquinero con excelente iluminacion, espacios amplios, tres alcobas, dos baños, area social sala comedor espacios independientes,  zona de lavanderia, area de cocina, el inmueble esta ubicado en la calle cuarenta y dos con carrera 13, en un tercer piso no tiene ascensor ni administracion.",[],4.6257286391228,-74.067723381105,2026-08-03
"Apartamento en Venta en Los Lagartos, Bogotá",https://www.fincaraiz.com.co/apartamento-en-venta-en-los-lagartos-bogota/193968546,193968546,https://cdn4.fincaraiz.com.co/repo/img/th.outside384x275.6a4fb7997e9bc_infocdn__gr1302762820260708030956jpg.jpg,[],$ 1.220.000.000,3 Habs. 3 Baños 157 m²,"Apartamento en venta en los lagartos, bogotá","Apartamento enBogotá, Bogotá, d.c.",GMT,Llamar,,,,,,,,,,,,,,"Espectacular Apartamento con Terraza Privada – Los Lagartos, BogotáSe vende exclusivo apartamento exterior  ubicado en el piso 9, en el codiciado sector de Los Lagartos. Una propiedad que destaca por su excelente distribución, amplitud y una impresionante terraza privada ideal para disfrutar en familia.Características principales:Área privada: 150 m² construidos.Terraza: 60 m² de uso exclusivo.Habitaciones: 3 alcobas amplias y con excelente iluminación natural.Baños: 3 baños completos con acabados modernos.Parqueaderos: 3 puestos de estacionamiento independientes.Depósito: Exterior, de fácil acceso.Detalles del diseño: El apartamento cuenta con una moderna cocina abierta que se integra perfectamente con la zona social, ideal para quienes disfrutan de espacios conectados y contemporáneos.Valor de venta: $1.220.000.000 COPAdministración: $700.000 COPAgenda pronto tu visita ¡",[],4.707046,-74.0829989,2026-08-03
"CLICK LIVING, Apartamento en Venta en La macarena, Bogotá",https://www.fincaraiz.com.co/proyectos-vivienda/click-living-apartamentos-en-venta-en-la-macarena-bogota/15018741,15018741,https://cdn4.fincaraiz.com.co/repo/img/th.outside384x275.6a6b57c6e3180_infocdn__jtbj9egne0gcrpjqitkxpjeow9xrhpqu5sz3eprvpng.png,[],Desde $ 431.300.000,1 Hab 1 Baño 36.05 m²,"Click living, apartamento en venta en la macarena, bogotá","Apartamento enBogotá, Bogotá, d.c.",ARQUITECTURA Y CONCRETO,Llamar,¡Pregúntale!,¡Pregúntale!,¡Pregúntale!,¡Pregúntale!,Sobre planos,¡Pregúntale!,¡Pregúntale!,30 - 70,¡Pregúntale!,¡Pregúntale!,¡Pregúntale!,¡Pregúntale!,4,"Click Living es un nuevo proyecto residencial desarrollado por Arquitectura y Concreto, ubicado en el sector La Macarena, Bogotá, entre la Plaza de Mercado La Perseverancia y la Estación de Policía Santa Fe. Un proyecto que invita a hacer click con la esencia de la ciudad, gracias a su ubicación estratégica y a su conexión con el arte, la cultura, la gastronomía y una amplia oferta de entretenimiento. Contará con apartamentos que se entregan completamente terminados, de 1 y 2 habitaciones, con opción de disponible, depósito y parqueadero dependiendo de la tipología, además, más de 20 amenidades y una zona comercial.",[],4.6158751,-74.0663704,2026-08-03
"Oficina en Venta en San Felipe, Bogotá",https://www.fincaraiz.com.co/oficina-en-venta-en-san-felipe-bogota/193038690,193038690,https://cdn4.fincaraiz.com.co/repo/img/th.outside384x275.6a0d3021d24e3_infocdn__enrnbhmyftcaentzmv9liqdao47btonu9fcailjojpg.jpg,[],$ 1.949.999.999,5 Ambientes 2 Baños 450 m²,"Oficina en venta en san felipe, bogotá","Oficina enBogotá, Bogotá, d.c.",CITYSEGUROS INMOBILIARIOS,Llamar,,,,,,,,,,,,,,"VENDO/RENTO EDIFICIO COMERCIAL DE 3 NIVELES MAS TERRAZA, ADECUADA PARA EMPRESA CON LICENCIA DE CONSTRUCCIÓN, 450 M2 CONSTRUIDOS, USO COMERCIAL, EMPRESARIAL.NIVEL 1 BODEGA Y PARQUEADERONIVEL 2 OFICINAS, 2 SALAS DE JUNTAS, ARCHIVOOPCION AREIENDO $15 MILLONESNIVEL 3 CAFETERÍA/ ZONA PRA ADECUAR OFICINAS, 2 BAÑOSTERRAZA ESPACIO UTIL SE PUEDE CUBRIR Y APROVECHAR EL ESPACIOS, 150 M2 másPRECIO $1.950 MILLONES- NEG.OPCIÓN RENTA $13 MILLONES",[],4.6645411,-74.0630587,2026-08-03
"Apartamento en Venta en Pinar de Suba, Bogotá",https://www.fincaraiz.com.co/apartamento-en-venta-en-pinar-de-suba-bogota/192643376,192643376,https://cdn4.fincaraiz.com.co/repo/img/th.outside384x275.6a0eef20b88cb_infocdn__777-1-1752541357jpg.jpg,[],$ 300.000.000,3 Habs. 2 Baños 54 m²,"Apartamento en venta en pinar de suba, bogotá","Apartamento enBogotá, Bogotá, d.c.",CON DOMINIO INMOBILIARIO SAS,Llamar,,,,,,,,,,,,,,"Descubre este APARTAMENTO con una de las mejores vistas en el pinar de suba, en SEXTO piso, acceso por escaleras; SIN  ascensor. 3 habitaciones y 2 baños en una ubicación privilegiada. Con 64.36 m², este inmueble ofrece comodidad y estilo. Además, cuenta con 1 parqueadero para tu conveniencia. No pierdas la oportunidad de vivir en este exclusivo espacio. Contáctanos ahora para más información. CON-DOMINIO INMOBILIARIO SAS - Teléfono: ***.",[],4.748766573495,-74.084380685391,2026-08-03
Apartamento en  Venta en Bogotá,https://www.fincaraiz.com.co/apartamento-en-venta-en-bogota/191683640,191683640,https://cdn4.fincaraiz.com.co/repo/img/th.outside384x275.68eebb01ae341_infocdn__picture-property-id-7954-1377326724jpg.jpg,[],$ 790.000.000,2 Habs. 2 Baños 64 m²,Apartamento en  venta en bogotá,"Apartamento enBogotá, Bogotá, d.c.",Elite Inmobiliaria,Llamar,,,,,,,,,,,,,,"Apartamento de  2  alcobas y parqueadero, perfecto para todos los estilos de vida, familias grandes, parejas con niños, jóvenes que estén iniciando su vida laboral e inversionistas. Donde podrán disfrutar de espacios recreativos como spa, teatrino, salón infantil, cancha de squash, salón social, zona de juegos y gimnasio, además de coworking, centro de negocios, lockers y cuarto de empleados, se encuentra muy cerca de centros comerciales como Plaza de las Américas, Salitre Plaza, Gran Estación, Outlet de las Américas. Centros educativos, centros médicos y centros culturales. Y por supuesto, cerca del Aeropuerto Internacional El Dorado.",[],4.6633954,-74.112476,2026-08-03
"JARDINES DEL PORTAL, Apartamentos en Venta en Usme, Bogotá",https://www.fincaraiz.com.co/proyectos-vivienda/jardines-del-portal-apartamentos-en-venta-en-usme-bogota/15016717,15016717,https://cdn4.fincaraiz.com.co/repo/img/th.outside384x275.66ac048ae4f5e_infocdn__6ax91hakkhhuwum3ky03s4alovgvglirtptibyksjpg.jpg,[],Desde $ 254.000.000,2 Habs. 1 Baño 52.38 m²,"Jardines del portal, apartamentos en venta en usme, bogotá","Apartamento enBogotá, Bogotá, d.c.",AMARILO,Llamar,¡Pregúntale!,¡Pregúntale!,¡Pregúntale!,¡Pregúntale!,Sobre planos,¡Pregúntale!,¡Pregúntale!,¡Pregúntale!,¡Pregúntale!,¡Pregúntale!,¡Pregúntale!,¡Pregúntale!,2,"Descubre Jardines del Portal, tu nuevo hogar en el corazón de Bogotá-Usme, formando parte de la prestigiosa Ciudadela El Portal. Con cinco torres y 680 unidades de vivienda, Jardines del Portal ofrece ser parte de una comunidad. Cada torre cuenta con ocho apartamentos por piso, incluyendo unidades especialmente diseñadas para personas con movilidad reducida.Ubicado en un lote de 10.000 M2, el proyecto se beneficia de su proximidad a un parque lineal y ofrece fácil acceso a través de una vía local.Además, comparte fronteras con el proyecto Senderos del Portal, creando una comunidad integrada y amigable.Jardines del Portal no es solo un lugar para vivir, sino un estilo de vida.  Edificio comunal de tres pisos, parqueaderos a nivel y descubiertos, y una gran zona central de recreación, cada día es una oportunidad para disfrutar y relajarse. Desde el gimnasio hasta la terraza BBQ, desde la cancha múltiple recreativa hasta el circuito de triciclos, hay algo para todos. Ven y conoce nuestro proyecto.",[],4.508056,-74.1140039,2026-08-03
"CORAL II, Apartamento en Venta en La felicidad, Bogotá",https://www.fincaraiz.com.co/proyectos-vivienda/coral-ii-apartamentos-en-venta-en-la-felicidad-bogota/15018352,15018352,https://cdn4.fincaraiz.com.co/repo/img/th.outside384x275.69bda75c4a614_infocdn__3we3t22jbfmouob9tdmrlb2fxu3gehu3dfbz4whdjpg.jpg,[],Desde $ 655.000.000,1 Hab 2 Baños 51 m²,"Coral ii, apartamento en venta en la felicidad, bogotá","Apartamento enBogotá, Bogotá, d.c.",AMARILO,Llamar,¡Pregúntale!,¡Pregúntale!,¡Pregúntale!,¡Pregúntale!,Sobre planos,¡Pregúntale!,¡Pregúntale!,¡Pregúntale!,¡Pregúntale!,¡Pregúntale!,¡Pregúntale!,2028,4,"Descubre Coral II, un exclusivo proyecto de vivienda diseñado por Amarilo, ubicado en el Gran Desarrollo La Felicidad, al occidente de Bogotá. Aquí, la modernidad y la tranquilidad se fusionan para ofrecerte un espacio ideal para vivir, rodeado de comodidad y todo lo que tu familia necesita.Su ubicación estratégica en La Felicidad, su diseño exclusivo y las múltiples opciones de apartamentos lo convierten en el hogar ideal para ti y tu familia.",[],4.6543809,-74.1235601,2026-08-03
"CORAL, Apartamentos en Venta en La felicidad, Bogotá",https://www.fincaraiz.com.co/proyectos-vivienda/coral-apartamentos-en-venta-en-la-felicidad-bogota/7709437,7709437,https://cdn4.fincaraiz.com.co/repo/img/th.outside384x275.6a35aefa145e6_infocdn__vmxszrs0ly9o6picvqgrrxtkgwfxbj68eawvwqgupng.png,[],Desde $ 500.000.000,1 Hab 1 Baño 50 m²,"Coral, apartamentos en venta en la felicidad, bogotá","Apartamento enBogotá, Bogotá, d.c.",AMARILO,Llamar,¡Pregúntale!,¡Pregúntale!,¡Pregúntale!,¡Pregúntale!,Nuevos,¡Pregúntale!,Financiación: 30% cuota inicial,¡Pregúntale!,¡Pregúntale!,¡Pregúntale!,¡Pregúntale!,¡Pregúntale!,4,"Coral es un exclusivo conjunto residencial de solo 174 apartamentos que comparten un club house con zonas comunes para el esparcimiento de niños, jóvenes y adultos. Su diseño moderno y vanguardista garantizan un gran proyecto con excelentes acabados y calidad. Coral se encuentra en La Felicidad, una zona en constante desarrollo, con una completa oferta de servicios y amenidades que te permitirán vivir cómodamente y disfrutar de todo lo que la ciudad tiene para ofrecer.",[],4.65381288528442000000,-74.12219238281250000000,2026-08-03
"PORTALES DE GRANADA, Apartamento en Venta en Engativá, Bogotá",https://www.fincaraiz.com.co/proyectos-vivienda/portales-de-granada-apartamentos-en-venta-en-engativa-bogota/10190283,10190283,https://d3s5pkt10pk3ga.cloudfront.net/resizedImages/384x275/site/fincaraiz_service/media/listing/3a901339-6cb9-498b-847d-7f53dc00e51d/photos/3a901339-6cb9-498b-847d-7f53dc00e51d_1_True_f2d0ccac-3566-4dea-866a-b9a209910b74.png,[],Desde $ 665.000.000,3 Habs. 2 Baños 88 m²,"Portales de granada, apartamento en venta en engativá, bogotá","Apartamento enBogotá, Bogotá, d.c.",AMARILO,Llamar,¡Pregúntale!,¡Pregúntale!,¡Pregúntale!,¡Pregúntale!,Nuevos,1,70,¡Pregúntale!,¡Pregúntale!,¡Pregúntale!,¡Pregúntale!,¡Pregúntale!,4,"El proyecto Portales de Granada tiene como objetivo ofrecer un ambiente acogedor y contemporáneo para familias en busca de comodidad y conveniencia en su vida diaria. Estos apartamentos estarán diseñados con una combinación de estética moderna, funcionalidad y sostenibilidad, proporcionando a los residentes un lugar ideal para vivir, trabajar y disfrutar de su tiempo libre. Este proyecto contara con 402 apartamentos en 4 torres y con increibles zonas comunes como Social Kitchen, BBQ, Tepanyaki, terraza Sky lounge, Salón lúdico, salón para niños, Salón audiovisual, Coworking, Gimnasio y mucho más.",[],4.72177330000000000000,-74.12589840000000000000,2026-08-03
"Apartamento en Venta en San jose de bavaria, Bogotá",https://www.fincaraiz.com.co/apartamento-en-venta-en-san-jose-de-bavaria-bogota/194054332,194054332,https://cdn4.fincaraiz.com.co/repo/img/th.outside384x275.6a6b845a49d31_infocdn__gr69393320260405020317png.png,[],$ 1.300.000.000,3 Habs. 3 Baños 148 m²,"Apartamento en venta en san jose de bavaria, bogotá","Apartamento enBogotá, Bogotá, d.c.",REALTY GROUP,Llamar,,,,,,,,,,,,,,"Vive en uno de los conjuntos más exclusivos y completos de Bogotá: Baviera, un verdadero club house diseñado para disfrutar en familia, con alta valorización y una ubicación estratégica rodeada de comercio, salud, educación y experiencias de vida.Este apartamento es de la tipología más grande (148 m²) y destaca por sus espacios amplios, iluminación natural y una distribución ideal:• 3 habitaciones, cada una con baño privado• Habitación principal con vestier y balcón con vista espectacular• Estudio o family room• Cocina abierta moderna• Zona de ropas independiente• Baño socialGran balcón tipo terraza con BBQCon sistema de extracción de humo, espacio para muebles de exterior y cerramiento en vidrio cortavientos.Aislamiento acústico importado en todo el apartamento (cero ruido exterior)2 parqueaderos + depósitoConjunto tipo Club House:• Piscina adultos y niños• Gimnasio• Cancha de squash• Teatro• Turco• Terraza BBQ• Salón social y de eventos• Juegos infantiles• Zonas verdes• 2 torres de 24 pisos con 3 ascensores por torreIdeal para familias que buscan comodidad, seguridad y calidad de vida en un solo lugar.? Agenda tu visita ahora.",[],4.7586539,-74.0645124,2026-08-03
"Casa en  Venta en Chapinero Alto, Bogotá",https://www.fincaraiz.com.co/casa-en-venta-en-chapinero-alto-bogota/192003886,192003886,https://cdn4.fincaraiz.com.co/repo/img/th.outside384x275.67abad813f159_infocdn__y1lddkbtee4vpz0l67ktvxrxjgrgdleeg5khwnp8jpg.jpg,[],$ 1.784.000.000,8 Habs. 8 Baños 223 m²,"Casa en  venta en chapinero alto, bogotá","Casa enBogotá, Bogotá, d.c.",Negocios Inmobiliarios Isabel Goez Ortega,Llamar,,,,,,,,,,,,,,"CHAPINERO  ALTO: cra 3 con 60 Casa de un lote de 10,5 por 20 de fondo tiene 8 aparta estudios de una habitación, baño y cocina tiene un patio, antejardín y un local que esta arrendado los arriendos son con seguro Sura, esta casa esta muy bien ubicada lista para renta o construir un edificio en un lugar estratégico muy cerca a la cra 7,  de universidades, colegios, restaurantes transporte público. supermercados ect.",[],4.6437391,-74.0579404,2026-08-03
"Oficina en Venta en Chico, Bogotá",https://www.fincaraiz.com.co/oficina-en-venta-en-chico-bogota/193490639,193490639,https://cdn4.fincaraiz.com.co/repo/img/th.outside384x275.69b17c5e4aa2c_infocdn__ctchb77d22xmsvtxcwdnr7oiuftbcnfzslo1n428jpg.jpg,[],$ 490.000.000,1 Ambiente 1 Baño 51.15 m²,"Oficina en venta en chico, bogotá","Oficina enBogotá, Bogotá, d.c.",Maria Cristina Sanchez Vergara,Llamar,,,,,,,,,,,,,,"Presentamos excelente oficina de 51.15M2 ubicada en uno de los mejores sectores empresariales de la ciudad. A pocas cuadras del parque de la 93, con una amplia oferta gastronómica, y entidades comerciales y financieras. La oficina consta de un amplio ambiente muy iluminado gracias a sus ventanales de piso a techo y que por tratarse de un espacio abierto permite un diseño y adecuación adaptable a los requerimientos de las compañías. Cuenta además con baño privado y dos parqueaderos. El edificio ofrece sala de reuniones para las oficinas del edificio y parqueadero para visitantes.",[],4.6761248,-74.050915,2026-08-03
"Apartamento en Venta en Madelena, Bogotá",https://www.fincaraiz.com.co/apartamento-en-venta-en-madelena-bogota/193922234,193922234,https://cdn4.fincaraiz.com.co/repo/img/th.outside384x275.6a3eb71b9e97c_infocdn__ysfsr5lbdy7xhe7utsinjadvqnqxyrzaxfczznywjpg.jpg,[],$ 210.000.000,2 Habs. 1 Baño 39 m²,"Apartamento en venta en madelena, bogotá","Apartamento enBogotá, Bogotá, d.c.",LUXUS HAUS,Llamar,,,,,,,,,,,,,,"LUXUS HAUS presenta una oportunidad excepcional para vivir en Madelena, a solo una cuadra del prestigioso centro comercial El Ensueño. Este encantador apartamento, ubicado en un cuarto piso con acceso por ascensor, ofrece un diseño funcional y luminoso. Disfrute de una acogedora sala comedor, una moderna cocina integral y una práctica zona de lavado. Cuenta con dos confortables alcobas y un baño completo, ideal para la vida moderna. La luminosidad es una característica destacada en cada rincón de este hogar. Aunque no incluye parqueadero, el conjunto residencial eleva su calidad de vida con una impresionante piscina, gimnasio completamente equipado, un elegante salón social y vigilancia las 24 horas para su total tranquilidad. Además, su estratégica ubicación a una cuadra de la Avenida Villavicencio garantiza una excelente conectividad. ¡Descubra el estilo de vida que siempre ha deseado en este vibrante sector!",[],4.5838905,-74.158425,2026-08-03
"FLORECER, Apartamentos en Venta en Campo verde, Bogotá",https://www.fincaraiz.com.co/proyectos-vivienda/florecer-apartamentos-en-venta-en-campo-verde-bogota/7926017,7926017,https://s3.amazonaws.com/imagenesprof.fincaraiz.com.co/OVFR_COL/2023/2/17/4114154_368_0.jpg,[],Desde $ 207.580.000,3 Habs. 1 Baño 42.56 m²,"Florecer, apartamentos en venta en campo verde, bogotá","Apartamento enBogotá, Bogotá, d.c.",CONSTRUCTORA CAPITAL,Llamar,¡Pregúntale!,¡Pregúntale!,¡Pregúntale!,¡Pregúntale!,En construcción,¡Pregúntale!,Financiación: 70 % Financiación | Método de pago: 30 % Cuota Inicial,¡Pregúntale!,¡Pregúntale!,¡Pregúntale!,¡Pregúntale!,¡Pregúntale!,2,"Elige tu camino y ve tus sueños crecer. Florecer es un proyecto conformado por 5 torres de apartamentos de 17 pisos, para un total de 680 apartamentos; 113 parqueaderos comunales y 111 parqueaderos de visitantes de los cuales 5 son parqueaderos con movilidad reducida. El inicio de una nueva y prospera vida con más de 10 espectaculares zonas comunes donde podrás disfrutar de salones sociales, zona Kids, zona cool, zona Fitness, salón de aeróbicos, playground, piscina de adultos y niños, zona sport, gimnasio al aire libre, terraza BBQ.",[],4.62925759057639000000,-74.20761481474790000000,2026-08-03
"RESERVA DE BELLAVISTA, Apartamento en Venta en Madelena, Bogotá",https://www.fincaraiz.com.co/proyectos-vivienda/reserva-de-bellavista-apartamentos-en-venta-en-madelena-bogota/15017532,15017532,https://cdn4.fincaraiz.com.co/repo/img/th.outside384x275.69ca8bcae293b_infocdn__9t9nnquqboufxyktuqigoptdf5tycitn4ldmsrjqpng.png,[],Desde $ 283.999.000,3 Habs. 2 Baños 44 m²,"Reserva de bellavista, apartamento en venta en madelena, bogotá","Apartamento enBogotá, Bogotá, d.c.",AR CONSTRUCCIONES,Llamar,¡Pregúntale!,¡Pregúntale!,¡Pregúntale!,¡Pregúntale!,Sobre planos,11,30,Plan de pagos en sala de ventas,¡Pregúntale!,¡Pregúntale!,¡Pregúntale!,Primer semestre del 2028,3,"Conoce RESERVA DE BELLAVISTA, el nuevo Proyecto VIS con PRECIO FIJO de AR Construcciones frente a Madelena, Bogotá. Apartamentos de 44 m², con 2 habitaciones (más espacio disponible), 2 baños y las zonas comunes para toda la familia. Te invitamos a registrarte para formar parte de la LISTA CERO y ser de los primeros en recibir información detallada de este nuevo proyecto.¡Pregunta por los Apartamentos con acabados sin subsidio!.",[],4.5851874,-74.1619891,2026-08-03
"Apartamento en Venta en La Calleja, Bogotá",https://www.fincaraiz.com.co/apartamento-en-venta-en-la-calleja-bogota/193462581,193462581,https://cdn4.fincaraiz.com.co/repo/img/th.outside384x275.69a853b4dd1d2_infocdn__3ggllh4lk9vkuez5fnmfrfesogumv7g5o6tx1uedjpg.jpg,[],$ 1.200.000.000,3 Habs. 3 Baños 147 m²,"Apartamento en venta en la calleja, bogotá","Apartamento enBogotá, Bogotá, d.c.",Inmobiliaria Visión,Llamar,,,,,,,,,,,,,,"Descubra una joya inmobiliaria que fusiona funcionalidad, estilo y una conservación impecable. Este encantador apartamento, con una antigüedad que oscila entre 16 y 30 años, se presenta como un hogar listo para habitar, donde cada detalle ha sido cuidadosamente mantenido para garantizar su confort. Ofrece la conveniencia de tres baños y dos plazas de garaje, un lujo que simplifica su vida diaria.El diseño interior ha sido concebido para el bienestar, creando un ambiente acogedor y distintivo. El corazón de esta propiedad es su moderna cocina tipo americano, que se integra armoniosamente con una cálida sala de estar de estilo clásico, ideal para el entretenimiento y la vida familiar. Además, cuenta con un práctico lavadero independiente y un baño compacto pero elegantemente diseñado.Los ambientes se distinguen por la sofisticación de sus pisos de baldosas y madera, complementados por paredes decoradas con papel tapiz que realzan la estética y ofrecen un diseño acogedor. Entre las características clave que elevan esta propiedad se incluyen una zona de lavandería, ventilación natural y una cocina integral completa con una barra estilo americano, perfecta para reuniones informales.La propiedad se beneficia de una excelente iluminación natural que baña cada rincón, realzando los detalles decorativos cuidadosamente seleccionados. Cada espacio irradia un toque de sofisticación, haciendo de este apartamento un lugar verdaderamente especial que sobresale por su confort y su ambiente acogedor. Una oportunidad única para vivir con estilo y comodidad.",[],4.712055,-74.047649,2026-08-03
"Casa en Venta en Tibabita, Bogotá",https://www.fincaraiz.com.co/casa-en-venta-en-tibabita-bogota/193961447,193961447,https://cdn4.fincaraiz.com.co/repo/img/th.outside384x275.6a4c77efb37ae_infocdn__sqtjdkcbyoo1lsvfk2cpvxfmv6oluonezwced8usjpg.jpg,[],$ 750.000.000,4 Habs. 3 Baños 147 m²,"Casa en venta en tibabita, bogotá","Casa enBogotá, Bogotá, d.c.",Giomary Cruz,Llamar,,,,,,,,,,,,,,"Descubra esta excepcional casa de cuatro niveles, completamente remodelada, iluminación natural amplios espacios, depósito y dos garajes cubiertos, adicional un patio privado con pérgola corrediza.La habitación principal con walking closet y balcón privado.La cocina integral abierta se integra perfectamente con las áreas sociales.esta vivienda ubicada en conjunto cerrado que brinda a sus residentes una terraza BBQ, GYM, salón social, parque infantil seguro y zonas verdes para el disfrute de toda la familia.Una inversión inteligente en un sector con un futuro prometedor y calidad de vida en una de las zonas de mayor proyección y crecimiento urbanístico; estratégicamente ubicado pues ofrece la cercanía al Club CASAMATA, la Equidad, colegios como el Gimnasio los pinos y el San Carlos,  la cercanía a la Terminal de Transporte Zona Norte, pues está muy cerca de la Autopista Norte, Avenida Carrera Novena, la Avenida Carrera Séptima y la Calle 192, vías principales que no solo facilitan una movilidad sino que también aseguran un acceso inmediato a rutas alimentadoras de Transmilenio y SITP, conectándolo con cada rincón de la ciudad.",[],4.7690727,-74.0340975,2026-08-03
"Apartaestudio en Venta en Villemar, Bogotá",https://www.fincaraiz.com.co/apartaestudio-en-venta-en-villemar-bogota/193849620,193849620,https://cdn4.fincaraiz.com.co/repo/img/th.outside384x275.6a29e1f39ddf1_infocdn__gr325511820251202030205png.png,[],$ 189.000.000,1 Hab 1 Baño 31 m²,"Apartaestudio en venta en villemar, bogotá","Apartaestudio enBogotá, Bogotá, d.c.",MEDRA Inmobiliaria SAS,Llamar,,,,,,,,,,,,,,"Código 96WAS19492 - Apartaestudio en Venta Fontibon tipo Loft, este hermoso apartaestudio con una área total de 31 M2, cuenta con todas las comodidades necesarias para una vida confortable. Ubicado en un segundo piso acceso por escalera, y una distribución de una alcoba amplia y acogedora, perfecta para un momento de descanso luego de un largo día, y un baño completo para mayor comodidad. Además, ofrece un garaje privado de MOTOCICLETA. Edificio admite mascotas, por lo que podrás disfrutar de la compañía de tus amigos peludos sin ninguna restricción. Además, cuenta con armarios empotrados en la alcoba y una cocina integral equipada con todos los electrodomésticos necesarios para cocinar deliciosas comidas en la comodidad de tu hogar. Desde tu apartaestudio podrás disfrutar de una vista externa y zona de lavandería para mayor comodidad, y un depósito para almacenar tus pertenencias adicionales. En cuanto a las características externas, podrás disfrutar de un salón social para reunirte con amigos y familiares. Esta propiedad se encuentra en una zona urbana privilegiada, con fácil acceso a una variedad de servicios y amenidades. También cuenta con circuito cerrado de televisión para tu seguridad y la de tu familia, y está ubicada cerca de colegios, lo que lo convierte en una excelente opción para familias con hijos en edad escolar o universitaria. El apartaestudio se encuentra rodeado de parques y zonas verdes, lo que te permitirá disfrutar del aire fresc",[],4.6693558,-74.1412157,2026-08-03
"Apartamento en Venta en La Calleja, Bogotá",https://www.fincaraiz.com.co/apartamento-en-venta-en-la-calleja-bogota/193561383,193561383,https://cdn4.fincaraiz.com.co/repo/img/th.outside384x275.69c4170d043d7_infocdn__gr173989120260325112315jpeg.jpeg,[],$ 1.450.000.000,4 Habs. 5 Baños 230 m²,"Apartamento en venta en la calleja, bogotá","Apartamento enBogotá, Bogotá, d.c.",ESPAÑA REAL ESTATE,Llamar,,,,,,,,,,,,,,"4 habitaciones+CBS5 bañosSala con chimenea funcionalComedor independiente con hermosa vistaCocina cerrada con excelente almacenamientoZona de ropa independiente2 parqueaderos independientes + depósitoExterior, esquinero, vista al occidente (sol de la tarde)Conjunto con:GimnasioCancha de squashSauna y turcoZona BBQParque infantilVigilancia 24 horas$1.520 millones negociablesAdministración aprox. $980 milLa Calleja – Usaquén",[],4.7126009198036,-74.047264772521,2026-08-03
"URBANIA BIO, Apartamento en Venta en Fontibon, Bogotá",https://www.fincaraiz.com.co/proyectos-vivienda/urbania-bio-apartamentos-en-venta-en-fontibon-bogota/6596924,6596924,https://s3.amazonaws.com/imagenesprof.fincaraiz.com.co/OVFR_COL/2021/8/17/3259091_319_2.jpg,[],Desde $ 217.110.000,2 Habs. 1 Baño 44.55 m²,"Urbania bio, apartamento en venta en fontibon, bogotá","Apartamento enBogotá, Bogotá, d.c.",CONSTRUCTORA CAPITAL,Llamar,¡Pregúntale!,¡Pregúntale!,¡Pregúntale!,¡Pregúntale!,En construcción,¡Pregúntale!,Financiación: 70 % Financiación | Método de pago: 30 % Cuota Inicial,¡Pregúntale!,¡Pregúntale!,¡Pregúntale!,¡Pregúntale!,¡Pregúntale!,3,"Descubre una nueva forma verde de habitar tu ciudad. Urbania Bio es un proyecto de apartamentos conformado por 9 Torres de apartamentos de 19 pisos, para un total de 1368 apartamentos; 288 parqueaderos comunales, 76 parqueaderos de visitantes y 7 para discapacitados, 122 parqueaderos motos y 479 ganchos de bicicleta. Un proyecto con todas las comodidades para ti y tu familia con el entretenimiento de un club house donde encontrarás salones sociales, zona cool, zona fitness con salón de spining, salón de actividades, cinema, zona húmeda con piscina de adultos y niños, zona coworking, zona lounge, zona kids, playground, zona sport con cancha múltiple de medidas no reglamentarias, zona BBQ , zona pet, zona lavandería y mucho más.",[],4.69712580000000000000,-74.16270550000000000000,2026-08-03
"Apartamento en Venta en Cedritos, Bogotá",https://www.fincaraiz.com.co/apartamento-en-venta-en-cedritos-bogota/193907596,193907596,https://cdn4.fincaraiz.com.co/repo/img/th.outside384x275.6a3ab35b85528_infocdn__sm6eilyagp3h8n4gucvyjzdjaqfgahyedlhuzzhwjpg.jpg,[],$ 415.000.000,1 Hab 2 Baños 47 m²,"Apartamento en venta en cedritos, bogotá","Apartamento enBogotá, Bogotá, d.c.",Grupo Cortazar s.a.s,Llamar,,,,,,,,,,,,,,✅ APARTAMENTO EN VENTA? Apartamento: 404? Área47 m²? Distribución1 habitación2 baños? Parqueadero1 parqueadero cubierto? Amenidades del edificioGimnasioTerraza panorámicaSalón socialEspacio de coworkingVigilancia 24 horas? ValoresAdministración: $475.000Precio de venta: $415.000.000? Resumen rápido✔️ 47 m²✔️ 1 habitación✔️ 2 baños✔️ 1 parqueadero cubierto✔️ Gimnasio✔️ Coworking✔️ Terraza panorámica✔️ Vigilancia 24/7✔️ Excelente ubicación en el norte de Bogotá,[],4.722939,-74.0421733,2026-08-03
"Apartamento en Venta en Cerros de Suba, Bogotá",https://www.fincaraiz.com.co/apartamento-en-venta-en-cerros-de-suba-bogota/193365314,193365314,https://cdn4.fincaraiz.com.co/repo/img/th.outside384x275.6a68c94218ce7_infocdn__9578789-1-1764610335-1jpg.jpg,[],$ 1.199.000.000,3 Habs. 4 Baños 186 m²,"Apartamento en venta en cerros de suba, bogotá","Apartamento enBogotá, Bogotá, d.c.",EXP COLOMBIA SAS,Llamar,,,,,,,,,,,,,,"Apartamento amplio, luminoso y rodeado de naturaleza, con 186 m2; que ofrecen comodidad y funcionalidad en uno de los sectores residenciales más tranquilos de Cerros de Suba. Su diseño integra sala-comedor con balcón, baño social, estudio, cocina independiente con zona de ropas, family room y tres habitaciones, cada una con baño. La principal cuenta con vestier, doble lavamanos, ducha y tina. Tres parqueaderos y depósito. Conjunto tipo club house con gimnasio, salón social, sala de juegos, zona infantil y senderos rodeados de verde. Espacios amplios, buena ventilación y excelente iluminación natural. Ideal para familias que buscan amplitud, privacidad y calidad de vida en un entorno exclusivo, seguro y conectado con la naturaleza al norte de la ciudad.",[],4.7423037,-74.0754752,2026-08-03
"Apartamento en Venta en Hayuelos, Bogotá",https://www.fincaraiz.com.co/apartamento-en-venta-en-hayuelos-bogota/193957158,193957158,https://cdn4.fincaraiz.com.co/repo/img/th.outside384x275.6a4bc0afe973d_infocdn__0e96fbf0-d641-4e10-9a9e-3aa8c85cfcbc.jpeg,[],$ 280.000.000,2 Habs. 1 Baño 36 m²,"Apartamento en venta en hayuelos, bogotá","Apartamento enBogotá, Bogotá, d.c.",Grupo Inmobiliario Intercontinental S.A.S,Llamar,,,,,,,,,,,,,,"Grupo Inmobiliario Intercontinental vende apartamento de 36 m², con excelente iluminación natural, amplios espacios y muy buenos acabados, ideal para quienes buscan comodidad y una excelente ubicación. El conjunto cuenta con completas zonas comunes, como piscina, gimnasio, salón de juegos y espacios para el disfrute de toda la familia. Su ubicación ofrece excelentes vías de acceso por la Calle 13, Avenida Ciudad de Cali y Avenida Boyacá, además de fácil acceso a transporte público. Para mayor información o agendar una visita, comuníquese con Mauricio Vera al ***. ***",[],4.6608827,-74.1340208,2026-08-03
"PROVENZA REGENCY, Apartamentos en Venta en Suba, Bogotá",https://www.fincaraiz.com.co/proyectos-vivienda/provenza-regency-apartamentos-en-venta-en-suba-bogota/15017480,15017480,https://cdn4.fincaraiz.com.co/repo/img/th.outside384x275.682e2cc13d2f9_infocdn__1ytpobxgjkeo8znzn0cfcgjtuvmg6l4evhpkz6xfjpg.jpg,[],Desde $ 1.027.646.000,2 Habs. 2 Baños 70 m²,"Provenza regency, apartamentos en venta en suba, bogotá","Apartamento enBogotá, Bogotá, d.c.",MARVAL BOGOTA,Llamar,¡Pregúntale!,¡Pregúntale!,¡Pregúntale!,¡Pregúntale!,Sobre planos,¡Pregúntale!,¡Pregúntale!,¡Pregúntale!,¡Pregúntale!,¡Pregúntale!,¡Pregúntale!,¡Pregúntale!,5,"Regency está ubicado en una de las zonas más privilegiadas de Bogotá: central, conectada y rodeada de naturaleza en la Avenida Suba con 124. Aquí, la tranquilidad de los árboles y senderos se combina con la cercanía a centros educativos, vías principales, comercio y servicios. Es un entorno pensado para quienes valoran el equilibrio entre la vida urbana y el bienestar familiar.",[],4.7082896,-74.07134,2026-08-03
"Ciudad La Salle Chamonix, Apartamentos en Venta en Usaquen, Bogotá",https://www.fincaraiz.com.co/proyectos-vivienda/ciudad-la-salle-chamonix-apartamentos-en-venta-en-usaquen-bogota/15017178,15017178,https://cdn4.fincaraiz.com.co/repo/img/th.outside384x275.67a285e77b67a_infocdn__zxihdzfzanlirr1kdhhqpbqh58mi229thyxzaeu1png.png,[],Desde $ 173.340.000,1 Hab 1 Baño 30.09 m²,"Ciudad la salle chamonix, apartamentos en venta en usaquen, bogotá","Apartamento enBogotá, Bogotá, d.c.",MARVAL BOGOTA,Llamar,¡Pregúntale!,¡Pregúntale!,¡Pregúntale!,¡Pregúntale!,Sobre planos,¡Pregúntale!,40%,¡Pregúntale!,¡Pregúntale!,¡Pregúntale!,¡Pregúntale!,¡Pregúntale!,5,"¡Descubre una vida de bienestar sin igual en Chamonix, un lugar excepcional diseñado para personas como tú! Aquí, puedes elegir entre Vivienda de Interés Social o Vivienda de Interés Prioritario, asegurándote un hogar que se adapte perfectamente a tus necesidades. Este proyecto, el octavo dentro del impresionante megaproyecto Ciudad La Salle, está estratégicamente ubicado al norte de Bogotá, cerca de puntos de interés clave como el Centro Comercial Santa Fe",[],4.749627,-74.0356625,2026-08-03
"El Castell Iberia Reservado, Apartamento en Venta en Nueva Castilla, Bogotá",https://www.fincaraiz.com.co/proyectos-vivienda/el-castell-iberia-reservado-apartamentos-en-venta-en-nueva-castilla-bogota/10079906,10079906,https://d3s5pkt10pk3ga.cloudfront.net/resizedImages/384x275/site/fincaraiz_service/media/listing/b32688a1-ad97-46af-859d-cc21d80c0a77/photos/b32688a1-ad97-46af-859d-cc21d80c0a77_1_True_8d243d3a-5048-4010-84c8-04bd3f4de38e.jpg,[],Desde $ 236.879.000,1 Hab 1 Baño 34.68 m²,"El castell iberia reservado, apartamento en venta en nueva castilla, bogotá","Apartamento enBogotá, Bogotá, d.c.",MARVAL BOGOTA,Llamar,¡Pregúntale!,¡Pregúntale!,¡Pregúntale!,¡Pregúntale!,En construcción,¡Pregúntale!,¡Pregúntale!,¡Pregúntale!,¡Pregúntale!,¡Pregúntale!,¡Pregúntale!,¡Pregúntale!,3,"El Castell Iberia Reservado . Apartamentos  en el occidente de Bogotá ,ubicado en la localidad de Kennedy, en la urbanización Otero de Francisco. Sector de alta valorización, por consolidarse por su uso residencial, dotado de zonas verdes, parques, alamedas, ciclorrutas, y vías, además de equipamientos complementarios como: bibliotecas, centros educativos, universidades comercio local, zonal y metropolitana . Cuenta con areas sociales como Gimnasio , salón de juegos entre otros.",[],4.64868488614617000000,-74.14784965648450000000,2026-08-03
"La Cabrera, Apartamento en Venta en Porvenir, Bogotá",https://www.fincaraiz.com.co/proyectos-vivienda/la-cabrera-apartamentos-en-venta-en-porvenir-bogota/15017176,15017176,https://cdn4.fincaraiz.com.co/repo/img/th.outside384x275.67a282061926e_infocdn__wbkfm0kclqv9dwrdokihfrtvugkme4crh4y1uxm4png.png,[],Desde $ 188.000.000,1 Hab 2 Baños 54.08 m²,"La cabrera, apartamento en venta en porvenir, bogotá","Apartamento enBogotá, Bogotá, d.c.",MARVAL BOGOTA,Llamar,¡Pregúntale!,¡Pregúntale!,¡Pregúntale!,¡Pregúntale!,En construcción,¡Pregúntale!,10%,¡Pregúntale!,¡Pregúntale!,¡Pregúntale!,¡Pregúntale!,¡Pregúntale!,3,"La Cabrera es un Proyecto de Vivienda de Interés Social (VIS) ubicado en la localidad de USME, en Bogotá. Haz realidad tu meta de tener vivienda propia.",[],4.5329903,-74.1174352,2026-08-03
"La Terra Alsacia Reservado, Apartamento en Venta en Ciudad alsacia, Bogotá",https://www.fincaraiz.com.co/proyectos-vivienda/la-terra-alsacia-reservado-apartamentos-en-venta-en-ciudad-alsacia-bogota/5311305,5311305,https://d3s5pkt10pk3ga.cloudfront.net/resizedImages/384x275/site/fincaraiz_service/media/listing/8700cbb3-fb9b-4f06-b5a8-5f18f102ae96/photos/8700cbb3-fb9b-4f06-b5a8-5f18f102ae96_1_True_3aca6fba-e842-4772-bed2-920e454850b4.jpg,[],Desde $ 677.259.000,3 Habs. 2 Baños 78.35 m²,"La terra alsacia reservado, apartamento en venta en ciudad alsacia, bogotá","Apartamento enBogotá, Bogotá, d.c.",MARVAL BOGOTA,Llamar,¡Pregúntale!,¡Pregúntale!,¡Pregúntale!,¡Pregúntale!,En construcción,¡Pregúntale!,Financiación: 80%,¡Pregúntale!,¡Pregúntale!,¡Pregúntale!,¡Pregúntale!,¡Pregúntale!,4,"Tu hogar, con un diseño exclusivo para ti y tu familia. La Terra Alsacia Reservado se encuentra ubicado en una zona de gran valorización y futuro desarrollo urbanístico y comercial. El lugar ideal para invertir y vivir las comodidades de tenerlo todo cerca. Vías de acceso principales que favorecen tu movilidad: Futura Avenida Alsacia, Avenida Boyacá, Calle 68, Avenida Américas, Calle 13 y Avenida Calle 26..",[],4.64098262786865000000,-74.12497711181640000000,2026-08-03
"Casa en Venta en Abraham lincoln, Bogotá",https://www.fincaraiz.com.co/casa-en-venta-en-abraham-lincoln-bogota/193729478,193729478,https://cdn4.fincaraiz.com.co/repo/img/th.outside384x275.69ff61ce571d3_infocdn__zuszgmusejv2zn30o0louob46jwofkxptiorxjudjpg.jpg,[],$ 380.000.000,5 Habs. 2 Baños 160 m²,"Casa en venta en abraham lincoln, bogotá","Casa enBogotá, Bogotá, d.c.",Proyecto Asociados,Llamar,,,,,,,,,,,,,,"Ubicada estratégicamente en la deseada zona de Abraham Lincoln, esta espaciosa casa ofrece una oportunidad excepcional para quienes buscan comodidad y accesibilidad. La propiedad cuenta con cinco luminosas habitaciones, cada una equipada con clóset, y dos baños completos, ideales para la vida familiar. Disfrute de una sala y un comedor independientes, complementados por una moderna cocina abierta que se integra armoniosamente con un encantador jardín interior, perfecto para el esparcimiento y la relajación.La conveniencia es clave con espacio para dos vehículos y una ubicación privilegiada a solo una cuadra de la estación de Molinos, garantizando fácil acceso a las rutas del SITP y TransMilenio. Además, la propiedad se encuentra en las cercanías de colegios públicos, la Avenida Caracas, un centro comercial, un parque y la reconocida biblioteca El Tunal, asegurando que todas sus necesidades diarias y de ocio estén al alcance de la mano. Esta casa representa una inversión inteligente en una de las zonas con mayor proyección de la ciudad.",[],4.5551620994276,-74.134205654418,2026-08-03
"Apartamento en  Venta en Alhambra, Bogotá",https://www.fincaraiz.com.co/apartamento-en-venta-en-alhambra-bogota/191938137,191938137,https://cdn4.fincaraiz.com.co/gen-ai/th.outside384x275.enhanced_image_20250729145509.png,[],$ 950.000.000,3 Habs. 3 Baños 122 m²,"Apartamento en  venta en alhambra, bogotá","Apartamento enBogotá, Bogotá, d.c.",Prosegura SAS,Llamar,,,,,,,,,,,,,,"Descubra la esencia de la vida sofisticada en este excepcional apartamento dúplex, un santuario de luz y amplitud diseñado para el confort familiar. Cada rincón de este inmueble ha sido meticulosamente planeado para optimizar el espacio, creando una atmósfera de bienestar inigualable. Sus generosos ventanales no solo enmarcan vistas cautivadoras, sino que también invitan a una cascada de luz natural, transformando cada día en una experiencia vibrante y serena.Estratégicamente situado en una de las zonas más exclusivas y codiciadas del norte de Bogotá, este hogar le sitúa en el epicentro de una vida plena. Disfrute de la conveniencia de tener a su alcance exuberantes parques, prestigiosos centros comerciales, instituciones bancarias de primer nivel y una oferta gastronómica que deleitará los paladares más exigentes. La conectividad es inmejorable, con acceso privilegiado a arterias viales clave como la Autopista Norte y la Avenida Calle 116, garantizando un desplazamiento fluido y eficiente por toda la ciudad.Esta propiedad representa una oportunidad de inversión sin precedentes en un sector de constante valorización, ideal tanto para quienes anhelan un hogar que refleje su estilo de vida, como para inversores astutos que buscan asegurar una rentabilidad sólida y duradera. No es solo un apartamento; es la promesa de un futuro brillante y una inversión inteligente.",[],4.6982643,-74.0567826,2026-08-03
"Casa en Venta en San Simón, Bogotá",https://www.fincaraiz.com.co/casa-en-venta-en-san-simon-bogota/193437568,193437568,https://cdn4.fincaraiz.com.co/repo/img/th.outside384x275.6a3eb6c696f9b_infocdn__gr192272920260310101155jpeg.jpeg,[],$ 2.700.000.000,4 Habs. 7 Baños 1385 m²,"Casa en venta en san simón, bogotá","Casa enBogotá, Bogotá, d.c.",OLINDA BIENES RAICES,Llamar,,,,,,,,,,,,,,"Se vende casa de dos plantas en San Simón, totalmente remodelada, con un área de terreno de 1.385.58 mts y un área construida de 313.62 mts, tiene 4 habitaciones cada una con baño privado, 2 baños sociales, estudio, espacio para oficina, sala, comedor independientes, cocina abierta, cuarto y baño de servicio, distribuida de la siguiente manera:1er piso: baño social, area social con pergola extendida, tepanyaki, espacio para 2 comedores y 2 salas, espacio de área verde, cava de vinos, nevera, cocina abierta con isla en el centro, torre de hornos, campana extractora, zona de lavanderia con espacio para lavadora y secadora con muebles de pared a pared, comedor dividido por unachimenea a gas, entrada a 1era sala, 2do baño social, estudio amplio con chimenea, espacio para una oficina, 1 habitación con closet de piso a techo y baño privado, cuarto y baño de servicio.2do piso: ventaneria de piso a techo, estar o estudio, tiene 3 habitaciones todas con baño privado, closet de pared a pared y excelente vista (habitación principal muy amplia con espacio para sala de masajes y escaleras para un segundo walk in closet, 2da habitación con espacio independiente para estudio, 3era habitación con escaleras para un espacio de juegos), hall de habitaciones. Tiene 8 garajes (5 cubiertos y 3 descubiertos) tiene cargador eléctrico.Conjunto con amplias zonas comunes, rodeado de zonas verdes, vigilancia 24/7, club house, salon social, canchas deportivas,senderos ecológicos,",[],4.819110172757,-74.046861115363,2026-08-03
Apartamento en Venta en Bogotá,https://www.fincaraiz.com.co/apartamento-en-venta-en-bogota/193686527,193686527,https://cdn4.fincaraiz.com.co/repo/img/th.outside384x275.6a526cd1c5f49_infocdn__mcrs4infcse6p9cnpzk4phyjfmz3cqxyudj1qpnzjpg.jpg,[],$ 530.000.000,2 Habs. 2 Baños 73 m²,Apartamento en venta en bogotá,"Apartamento enBogotá, Bogotá, d.c.",PALAZZI INMOBILIARIA,Llamar,,,,,,,,,,,,,,"Ubicado en una de las zonas más vibrantes de Bogotá, en Chapinero cerca del Parque de los Hippies, este apartamento es una excelente oportunidad para quienes buscan comodidad, ubicación estratégica y calidad de vida.Con 73 m² de área construida, el inmueble ofrece una distribución funcional y acogedora. Cuenta con 2 habitaciones bien iluminadas, 2 baños completos y una zona social ideal para disfrutar en familia o con amigos. Su ubicación en un segundo piso con vista interior brinda mayor tranquilidad y privacidad, alejándose del ruido de la ciudad.Además, dispone de 1 parqueadero cubierto y hace parte de un edificio con completas amenidades como Gimnasio, sauna, turco, salón de reuniones, parqueadero para visitantes y seguridad 24/7, lo que garantiza confort y tranquilidad en todo momento.Ubicado en estrato 4, este apartamento combina perfectamente accesibilidad y valorización en una de las zonas con mayor dinámica cultural y comercial de la ciudad.Valor de venta: $530.000.000Nota: El apartamento ya se encuentra completamente pintado y cuenta con piso laminado nuevo en todas sus áreas. Además, se recibe vehículo en parte de pago, sujeto a valoración y previo acuerdo entre las partes.Una excelente opción para vivir o invertir en el corazón de Bogotá.",[],4.6455231170865,-74.062554333851,2026-08-03
"Casa en Venta en Ciudad Salitre Occidental, Bogotá",https://www.fincaraiz.com.co/casa-en-venta-en-ciudad-salitre-occidental-bogota/193463977,193463977,https://cdn4.fincaraiz.com.co/repo/img/th.outside384x275.69a89295c3b11_infocdn__a6ijhpybpjqccbpp9buoo96knux1d3s8magazv6tjpg.jpg,[],$ 2.050.000.000,3 Habs. 5 Baños 235 m²,"Casa en venta en ciudad salitre occidental, bogotá","Casa enBogotá, Bogotá, d.c.",OSCAR GARCIA,Llamar,,,,,,,,,,,,,,"Hermosa casa, Amplia e iluminado Sol de mañana y de tarde, ubicada en  exclusivo conjunto cerrado; en el Primer Piso encuentras baño social, sala  con techo doble altura, comedor independiente, cocina cerrada, zona amplia de lavado, habitación de servicio con baño privado, patio con zona verde, en el segundo Piso encuentras sala de estar, 2habitaciones auxiliares cada una con baño, habitación principal con Walking closet, baño doble con tina, cuenta con 3 parqueaderos individuales,  1depósito. Conjunto Exclusivo de solo 36 casas, con paneles solares en Zonas sociales, cuenta con salón social, gimnasio, cancha múltiple, Zona para niños, BBQ. ubicación en zona residencial muy cerca a zona comercial de salitre, Salitre plaza, zona comercial de Modelia, y Normandía,  vías como la calle 26, la Boyacá, la Esperanza,  la av. Rojas.",[],4.6608136,-74.1144327,2026-08-03
"VERONA, Apartamentos en Venta en Puente largo, Bogotá",https://www.fincaraiz.com.co/proyectos-vivienda/verona-apartamentos-en-venta-en-puente-largo-bogota/10379685,10379685,https://cdn4.fincaraiz.com.co/repo/img/th.outside384x275.6a63e725d2008_infocdn__ryu65brdiaekipatrzjfrpfmul4s7rofptecxb02png.png,[],Desde $ 450.000.000,1 Hab 1 Baño 32 m²,"Verona, apartamentos en venta en puente largo, bogotá","Apartamento enBogotá, Bogotá, d.c.",AMARILO,Llamar,¡Pregúntale!,¡Pregúntale!,¡Pregúntale!,¡Pregúntale!,Sobre planos,¡Pregúntale!,30% Cuota Inicial,"Debito, credto, ahorros",¡Pregúntale!,¡Pregúntale!,¡Pregúntale!,¡Pregúntale!,5,"""Es un proyecto de vivienda NO VIS localizado al norte de la Ciudad de Bogotá, en el Barrio Puente Largo.Diseñado estrategicamente en una zona de alta valorización. Contará con todo lo que necesitas para vivir plenamente a pocos metros como lo son Importantes Vías, Transporte Publico, Colegios, Centros Comerciales, Clubes, Zonas Verdes y mucho más; además que en su interior tendremos gran cantidad de Zonas comunes como Coworking, Zonas Verdes, Terrazas transitables, Salón de Juegos, Gimnasio, Salones sociales, Zonas de Comercio y mucho más.Ven y conoce nuestra nueva Sala de Ventas y rmovionate con las caracteristicas que el Proyecto VERONA tiene para las familias Colombianas.""Maqueta Virtual: https://verona-amarilo.ekoospaces.com/location/urbanismo",[],4.6938871,-74.0672195,2026-08-03
"ANDALUCIA, Apartamentos en Venta en Lagos de Torca, Bogotá",https://www.fincaraiz.com.co/proyectos-vivienda/andalucia-apartamentos-en-venta-en-lagos-de-torca-bogota/10832386,10832386,https://d3s5pkt10pk3ga.cloudfront.net/resizedImages/384x275/site/fincaraiz_service/media/listing/50a306d4-9ec9-4097-af93-5f6880111d18/photos/50a306d4-9ec9-4097-af93-5f6880111d18_1_True_0c5c2bab-1881-4bbb-bd7f-1f4daf038bf5.jpeg,[],Desde $ 243.311.737,2 Habs. 1 Baño 44 m²,"Andalucia, apartamentos en venta en lagos de torca, bogotá","Apartamento enBogotá, Bogotá, d.c.",AMARILO,Llamar,¡Pregúntale!,¡Pregúntale!,¡Pregúntale!,¡Pregúntale!,Nuevos,¡Pregúntale!,30%,¡Pregúntale!,¡Pregúntale!,¡Pregúntale!,¡Pregúntale!,¡Pregúntale!,3,"""ANDALUCIA es un proyecto de vivienda TOPE VIS localizado en el desarrollo Urbanístico en el Plan Parcial ENTRE HACIENDAS, frente de la HACIENDA EL OTOÑO en la Ciudad de Bogotá, Colombia. Tiene un equilibrio perfecto entre las Zonas Naturales de Lagos de Torca y las Zonas de Comercio del Norte de Cuidad. Este Desarrollo tendrá todo lo que necesitan las familias Colombianas a unos pocos metros. Contará con Importantes Vías (como las Autopista Norte y la Futura Av El Polo o Calle 201 y Ampliación Av Boyacá), Transporte Publico (Transmilenio, Buses intermunicipales), Centros Comerciales (CC Panamá, Santa Fe, San Andresito Norte), Club El Rancho, Colegios, Universidades, Ven y conoce ANDALUCIA y disfruta de sus Apartamentos, Zonas Comunes, Ubicación y demás características que el Proyecto tiene para ti.""",[],4.77940290000000000000,-74.04902700000000000000,2026-08-03
"BOREAL, Apartamento en Venta en Américas Central, Bogotá",https://www.fincaraiz.com.co/proyectos-vivienda/boreal-apartamentos-en-venta-en-americas-central-bogota/6511844,6511844,https://cdn4.fincaraiz.com.co/repo/img/th.outside384x275.6a358f165a02c_infocdn__j5joasumzio74opukbgg98cnp3aq8wdey3tfd8mupng.png,[],Desde $ 620.000.000,3 Habs. 2 Baños 74 m²,"Boreal, apartamento en venta en américas central, bogotá","Apartamento enBogotá, Bogotá, d.c.",AMARILO,Llamar,¡Pregúntale!,¡Pregúntale!,¡Pregúntale!,¡Pregúntale!,Nuevos,¡Pregúntale!,¡Pregúntale!,¡Pregúntale!,¡Pregúntale!,¡Pregúntale!,¡Pregúntale!,¡Pregúntale!,4,"Boreal es un proyecto de vivienda con las áreas más grandes de la zona, ubicado en el sur occidente de Bogotá, en una zona de constante crecimiento y desarrollo, lo que garantiza una alta valorización a largo plazo. Cuenta con apartamentos desde 74 m2 hasta 114 m2, todos con tres habitaciones, un diseño acogedor y excelentes acabados. Su principal diferencial el circulo Boreal; una plataforma abierta, continua, al aire libre, con múltiples accesos y donde se concentran las zonas comunes, son el lugar perfecto para socializar y disfrutar de la vida en comunidad. Un proyecto con el respaldo de dos grandes: Amarilo y Colsubsidio que sin duda se convierte en una gran oportunidad para quienes buscan vivir o invertir.",[],4.62785080007730000000,-74.12318062782290000000,2026-08-03
"Oficina en Venta en Chapinero, Bogotá",https://www.fincaraiz.com.co/oficina-en-venta-en-chapinero-bogota/194044261,194044261,https://cdn4.fincaraiz.com.co/repo/img/th.outside384x275.6a68f9120d0cb_infocdn__gr743193120260728105334png.png,[],$ 560.000.000,124 m²,"Oficina en venta en chapinero, bogotá","Oficina enBogotá, Bogotá, d.c.",METRO 51 INMOBILIARIA,Llamar,,,,,,,,,,,,,,"Oficina en venta en el Edificio Liberty Seguros – Calle 72, BogotáExcelente oficina de 124 m² ubicada en el piso 10 del reconocido Edificio Liberty Seguros, sobre la Calle 72 con Carrera 10, uno de los corredores empresariales más importantes de Bogotá.El inmueble cuenta con una distribución funcional, actualmente conformada por dos amplias áreas de trabajo, depósito interno, vista exterior y tres parqueaderos privados, ofreciendo espacios ideales para empresas, firmas de abogados, consultorios, agencias o cualquier actividad administrativa.El edificio ofrece:Recepción.Vigilancia y control de acceso.Ascensores.Ambiente empresarial.Su privilegiada ubicación brinda fácil acceso por la Carrera 7, Carrera 11, Carrera 13 y Calle 72, con cercanía a entidades financieras, restaurantes, hoteles, centros empresariales, transporte público y todos los servicios necesarios para el desarrollo de actividades corporativas.Una excelente oportunidad de inversión o para establecer su empresa en una de las zonas de mayor valorización y reconocimiento empresarial de Bogotá.",[],4.6565408,-74.0583546,2026-08-03
"ELEMENT 142, Apartamento en Venta en Cedritos, Bogotá",https://www.fincaraiz.com.co/proyectos-vivienda/element-142-apartamentos-en-venta-en-cedritos-bogota/15017257,15017257,https://cdn4.fincaraiz.com.co/repo/img/th.outside384x275.67c739e7898c4_infocdn__i9y9jckfakthvrkvejqbw6yrkyvyyhbwhkwyqhmnjpg.jpg,[],Desde $ 761.500.000,2 Habs. 2 Baños 57.62 m²,"Element 142, apartamento en venta en cedritos, bogotá","Apartamento enBogotá, Bogotá, d.c.",CONSTRUCTORA CAPITAL,Llamar,¡Pregúntale!,¡Pregúntale!,¡Pregúntale!,¡Pregúntale!,Sobre planos,1,¡Pregúntale!,¡Pregúntale!,¡Pregúntale!,¡Pregúntale!,¡Pregúntale!,¡Pregúntale!,4,"En la calle 142 con autopista norte nace un nuevo ícono de elegancia y exclusividad. Element 142 es un proyecto de apartamentos diseñado para quienes buscan lo extraordinario,  arquitectura moderna y líneas elegantes, ofreciendo un entorno que inspira sofisticación y comodidad en cada espacio.Descubre una experiencia única de estilo de vida en cada una de sus zonas sociales.Cada espacio está pensado para pasar momentos únicos  mas de 16 zonas comunes: Bike zone, home cinema zone,home cinema, zona fitness, salon social VIP, spining, salón social, salón de clases grupales, coworking, café, piscina adultos, zona cool, piscina niños, zona lounge, sauna, cancha de padel, turco, terraza BBQ, spa ,playground, zona kids, pet spa, gimnasio urbano, terraza VIP.",[],4.7248494,-74.0505117,2026-08-03
"CENTRIKO, Apartamentos en Venta en Hayuelos, Bogotá",https://www.fincaraiz.com.co/proyectos-vivienda/centriko-apartamentos-en-venta-en-hayuelos-bogota/7887828,7887828,https://s3.amazonaws.com/imagenesprof.fincaraiz.com.co/OVFR_COL/2023/1/27/4078565_184_0.jpg,[],Desde $ 570.400.000,3 Habs. 2 Baños 62.62 m²,"Centriko, apartamentos en venta en hayuelos, bogotá","Apartamento enBogotá, Bogotá, d.c.",CONSTRUCTORA CAPITAL,Llamar,¡Pregúntale!,¡Pregúntale!,¡Pregúntale!,¡Pregúntale!,En construcción,1,¡Pregúntale!,¡Pregúntale!,¡Pregúntale!,¡Pregúntale!,¡Pregúntale!,¡Pregúntale!,4,"Renueva tu vida, viviendo como siempre lo has imaginado. Centriko es un proyecto no vis de apartamentos conformado por 4 torres de 18 pisos, para un total de 490, cada uno de ellos cuenta con un parqueadero privado. Adicionalmente, el proyecto cuenta con 53 parqueaderos de visitantes de los cuales 10 son para personas con movilidad reducida. También tendrás un espacio muy cómodo para dejar tu bicicleta, tendremos 151 ganchos para tal fin. Tu nuevo hogar, diseñado con espacios amplios que se adecuan a tus necesidades con más de 20 zonas comunes con salón VIP, zona café-market, zona coworking, zona fitness, zona húmeda con piscina niños y adultos, jacuzzi, sauna y turco, zona sport, cinema, zona cool, zona BBQ y muchas más.",[],4.6540004498025,-74.123119354248,2026-08-03
"VIVOPARK, Apartamentos en Venta en Fontibon, Bogotá",https://www.fincaraiz.com.co/proyectos-vivienda/vivopark-apartamentos-en-venta-en-fontibon-bogota/10481109,10481109,https://cdn4.fincaraiz.com.co/repo/img/th.outside384x275.66e987a251d91_infocdn__zqpzwzlrunwbtbgymcn7stlga0tq6dmwzrpxun3ljpg.jpg,[],Desde $ 280.920.000,1 Hab 1 Baño 44.32 m²,"Vivopark, apartamentos en venta en fontibon, bogotá","Apartamento enBogotá, Bogotá, d.c.",CONSTRUCTORA CAPITAL,Llamar,¡Pregúntale!,¡Pregúntale!,¡Pregúntale!,¡Pregúntale!,Sobre planos,¡Pregúntale!,¡Pregúntale!,¡Pregúntale!,¡Pregúntale!,¡Pregúntale!,¡Pregúntale!,¡Pregúntale!,3,"¡Rodearte de verde y estar cerca de todo en Vivopark! Conformado por lote 1 con Vivopark 1, un proyecto de 6 torres de 20 pisos y 8 apartamentos por piso, para un total de 960 apartamentos. Cuenta con 252 parqueaderos comunales de los cuales 6 parqueaderos son para personas con movilidad reducida y 5 parqueaderos son para vehículos eléctricos. Cuenta con 960 bicicleteros; Y lote 2 con Vivopark 2, conformado por 7 torres de 20 pisos y 8 apartamentos por piso, para un total de 1.120 apartamentos; Cuenta con 296 parqueaderos comunales de los cuales 6 parqueaderos son para personas con movilidad reducida y 6 parqueaderos son para vehículos eléctricos. Cuenta con 1.120 bicicleteros.",[],4.66858110000000000000,-74.15238310000000000000,2026-08-03
"Apartamento en Venta en Cedritos, Bogotá",https://www.fincaraiz.com.co/apartamento-en-venta-en-cedritos-bogota/193476472,193476472,https://cdn4.fincaraiz.com.co/repo/img/th.outside384x275.69ac68cf9d46b_infocdn__lupticvxctbf8ncks92zeeezhjohpaln4suds7fnjpg.jpg,[],$ 750.000.000,3 Habs. 2 Baños 110 m²,"Apartamento en venta en cedritos, bogotá","Apartamento enBogotá, Bogotá, d.c.",MARGARITA FERNANDEZ,Llamar,,,,,,,,,,,,,,"Exclusivo apartamento de 110 m² en Cedritos, ubicado en un piso once que garantiza una excelente vista panorámica. Este inmueble se distribuye en una luminosa sala comedor, tres confortables habitaciones, dos baños completos y un amplio estudio ideal para trabajo o entretenimiento. Dispone de un práctico hall de habitaciones, balcón privado en la habitación principal, moderna cocina integral y zona de ropas independiente. Incluye un parqueadero doble lineal y un depósito. El conjunto residencial ofrece un estilo de vida completo con piscina, zonas húmedas, cancha de squash, salones comunales, parque infantil y un exclusivo club house. Además, cuenta con vigilancia 24/7 para su tranquilidad y seguridad.",[],4.7306662,-74.0367258,2026-08-03
"Apartaestudio en Venta en Bosque de pinos, Bogotá",https://www.fincaraiz.com.co/apartaestudio-en-venta-en-bosque-de-pinos-bogota/193853523,193853523,https://cdn4.fincaraiz.com.co/repo/img/th.outside384x275.6a5bff849b89c_infocdn__qgwl49wxbl9bc6o9dousw3etxa9oibwzerfujew4jpg.jpg,[],$ 420.000.000,1 Hab 1 Baño 46.1 m²,"Apartaestudio en venta en bosque de pinos, bogotá","Apartaestudio enBogotá, Bogotá, d.c.",Guia SAS,Llamar,,,,,,,,,,,,,,"Descubra este hermoso apartamento que le ofrece una experiencia de vida inigualable con una vista panorámica espectacular de la ciudad, un verdadero deleite visual desde la comodidad de su hogar. Este inmueble se distingue por su versatilidad, presentando un espacio de estudio inteligentemente diseñado que puede transformarse fácilmente en una segunda alcoba, adaptándose a sus necesidades y estilo de vida. Además, incluye un parqueadero cubierto para su conveniencia y seguridad, junto con un amplio depósito que le brinda soluciones de almacenamiento adicionales. ¡Una oportunidad excepcional que no querrá dejar pasar! Precio negociable.",[],4.7312509,-74.0226733,2026-08-03
"TERRALTO, Apartamento en Venta en Perdomo alto, Bogotá",https://www.fincaraiz.com.co/proyectos-vivienda/terralto-apartamentos-en-venta-en-perdomo-alto-bogota/15018345,15018345,https://cdn4.fincaraiz.com.co/repo/img/th.outside384x275.69bc5d10c3bef_infocdn__aznf1fwxmtlbysfd0937hcywaoqhupyut4mmvqgijpg.jpg,[],Desde $ 278.830.000,2 Habs. 1 Baño 42.2 m²,"Terralto, apartamento en venta en perdomo alto, bogotá","Apartamento enBogotá, Bogotá, d.c.",ARQUITECTURA Y CONCRETO,Llamar,¡Pregúntale!,¡Pregúntale!,¡Pregúntale!,¡Pregúntale!,Sobre planos,¡Pregúntale!,¡Pregúntale!,¡Pregúntale!,¡Pregúntale!,¡Pregúntale!,¡Pregúntale!,Segundo semestre 2029,3,"Terralto está ubicado estratégicamente en el sector El Perdomo, con fácil acceso a la Autopista Sur, estaciones de Transmilenio y el Terminal del Sur. Cerca de Universidades, Centros Comerciales y más. Aptos de 45 y 51m2 opcion al segundo baño.",[],4.5919049,-74.1689065,2026-08-03
"Oficina en  Venta en El nogal, Bogotá",https://www.fincaraiz.com.co/oficina-en-venta-en-el-nogal-bogota/191993316,191993316,https://cdn4.fincaraiz.com.co/repo/img/th.outside384x275.67a97314696a6_infocdn__sadxgkcry56bq7eylaqiwtd1gmjdlhyd1ibt5kxhjpg.jpg,[],$ 640.000.000,2 Ambientes 2 Baños 60 m²,"Oficina en  venta en el nogal, bogotá","Oficina enBogotá, Bogotá, d.c.",Inmobiliaria La Carolina y Cía Ltda.,Llamar,,,,,,,,,,,,,,"Descubra esta excepcional oficina de 60m², completamente remodelada y lista para potenciar su negocio. Estratégicamente ubicada frente al prestigioso Centro Comercial Andino y adyacente al exclusivo Centro Comercial El Retiro, esta propiedad ofrece una visibilidad inigualable y un acceso privilegiado a una de las zonas comerciales y empresariales más dinámicas de la ciudad. Su diseño moderno y funcional ha sido cuidadosamente pensado para crear un ambiente de trabajo productivo y sofisticado, ideal para profesionales y empresas que buscan una ubicación de prestigio y un espacio de alta calidad.",[],4.665761,-74.0534667,2026-08-03
"CALIA, Apartamento en Venta en Portales del norte, Bogotá",https://www.fincaraiz.com.co/proyectos-vivienda/calia-apartamentos-en-venta-en-portales-del-norte-bogota/15018415,15018415,https://cdn4.fincaraiz.com.co/repo/img/th.outside384x275.69deabaccf56d_infocdn__cjjbiqfzmwowulk71hoenlw2qsgxseiu6bge0oexpng.png,[],Desde $ 295.000.000,2 Habs. 1 Baño 36 m²,"Calia, apartamento en venta en portales del norte, bogotá","Apartamento enBogotá, Bogotá, d.c.",CONCONCRETO,Llamar,¡Pregúntale!,¡Pregúntale!,¡Pregúntale!,¡Pregúntale!,Sobre planos,¡Pregúntale!,30%,70%,¡Pregúntale!,¡Pregúntale!,¡Pregúntale!,2029,4,"CALIA es un proyecto VIS ubicado en el norte de Bogotá, en el sector de Britalia – Portales del Norte, una zona estratégica con excelente conectividad y cercanía a importantes servicios de la ciudad.Cuenta con apartamentos desde 36 m², ideales para quienes buscan su primera vivienda o una oportunidad de inversión con alta proyección de valorización. El proyecto aplica subsidio de vivienda y ofrece precio VIS, convirtiéndose en una excelente alternativa para construir patrimonio.? Ubicado a dos cuadras de la Calle 170 y la Avenida Boyacá.? Cerca de Clínica La Colina, Fundación Cardioinfantil, Jumbo 170, Alkosto 170, colegios, universidades y múltiples opciones de transporte.Además, CALIA contará con completas zonas comunes para disfrutar en familia:✔ Coworking✔ Social Kitchen✔ Salón social✔ Zona BBQ✔ Terraza con fogata✔ Pet Grooming✔ Taller de bicicletas✔ Juegos infantiles✔ Salón de juegos✔ Cancha múltiple y cancha de pádel (compartidas con futuro desarrollo)Proyecto VIS • Aplica subsidio • Sobre planos",[],4.7529943,-74.0600863,2026-08-03
"Casa en Venta en Colina Campestre, Bogotá",https://www.fincaraiz.com.co/casa-en-venta-en-colina-campestre-bogota/193967556,193967556,https://cdn4.fincaraiz.com.co/repo/img/th.outside384x275.6a4e84465ebfb_infocdn__xjpazjd0ald1gdugjze2gl41mxmbiiz3aan8x3ryjpg.jpg,[],$ 489.700.000,3 Habs. 3 Baños 82 m²,"Casa en venta en colina campestre, bogotá","Casa enBogotá, Bogotá, d.c.",BUSCATECHO Bienes Raíces,Llamar,,,,,,,,,,,,,,"BUSCATECHO VENDE Comoda, iluminada, amplia y súper ubicada casa en perfecto estado, tres habitaciones y estudio, la principal con baño privado, dos secundarias muy amplias con closett, baño de alcobas, sala y comedor independientes, cocina semi abierta, zona de lavanderia independiente, cuarto de servicio o deposito, esta en excelente conjunto cerrado, garaje independiente, sector de mucha valorizacion.",[],4.7453979,-74.0677506,2026-08-03
"Apartamento en Venta en Los rosales, Bogotá",https://www.fincaraiz.com.co/apartamento-en-venta-en-los-rosales-bogota/193280486,193280486,https://cdn4.fincaraiz.com.co/repo/img/th.outside384x275.696a418f341c0_infocdn__gr743192420260116081033jpg.jpg,[],$ 1.674.790.530,3 Habs. 5 Baños 192 m²,"Apartamento en venta en los rosales, bogotá","Apartamento enBogotá, Bogotá, d.c.",METRO 51 INMOBILIARIA,Llamar,,,,,,,,,,,,,,"? METRO 51 INMOBILIARIA VENDE – APARTAMENTO EN CHAPINERO ALTOExclusivo apartamento ubicado en Chapinero Alto, sobre la Carrera 1 #70, en un sector residencial privilegiado, tranquilo y de alta valorización. El inmueble cuenta con 192 m² de área construida más una amplia terraza de aproximadamente 100 m², que cubre gran parte del apartamento, ideal para disfrutar de espacios abiertos y privados.? Distribución: 3 habitaciones, dos de ellas con baño privado- Baño de habitaciones - Baño social - Sala de estar - Sala–comedor con chimenea - Alcoba y baño de servicio- ? Características adicionales: Apartamento identificado como 101, ubicado en un segundo nivel real, ya que el primer nivel corresponde a parqueaderos. 2 parqueaderos en línea - Depósito - Totalmente remodelado, con excelentes acabadosUna propiedad ideal para quienes buscan amplitud, confort, terraza privada y ubicación estratégica en uno de los sectores más tradicionales y exclusivos de Bogotá. ? Contáctanos: ***",[],4.6500937,-74.0508276,2026-08-03
"CENTRIKO, Apartamentos en Venta en Hayuelos, Bogotá",https://www.fincaraiz.com.co/proyectos-vivienda/centriko-apartamentos-en-venta-en-hayuelos-bogota/7887828,7887828,https://s3.amazonaws.com/imagenesprof.fincaraiz.com.co/OVFR_COL/2023/1/27/4078565_184_0.jpg,[],Desde $ 570.400.000,3 Habs. 2 Baños 62.62 m²,"Centriko, apartamentos en venta en hayuelos, bogotá","Apartamento enBogotá, Bogotá, d.c.",CONSTRUCTORA CAPITAL,Llamar,¡Pregúntale!,¡Pregúntale!,¡Pregúntale!,¡Pregúntale!,En construcción,1,¡Pregúntale!,¡Pregúntale!,¡Pregúntale!,¡Pregúntale!,¡Pregúntale!,¡Pregúntale!,4,"Renueva tu vida, viviendo como siempre lo has imaginado. Centriko es un proyecto no vis de apartamentos conformado por 4 torres de 18 pisos, para un total de 490, cada uno de ellos cuenta con un parqueadero privado. Adicionalmente, el proyecto cuenta con 53 parqueaderos de visitantes de los cuales 10 son para personas con movilidad reducida. También tendrás un espacio muy cómodo para dejar tu bicicleta, tendremos 151 ganchos para tal fin. Tu nuevo hogar, diseñado con espacios amplios que se adecuan a tus necesidades con más de 20 zonas comunes con salón VIP, zona café-market, zona coworking, zona fitness, zona húmeda con piscina niños y adultos, jacuzzi, sauna y turco, zona sport, cinema, zona cool, zona BBQ y muchas más.",[],4.6540004498025,-74.123119354248,2026-08-03
"VIVOPARK, Apartamentos en Venta en Fontibon, Bogotá",https://www.fincaraiz.com.co/proyectos-vivienda/vivopark-apartamentos-en-venta-en-fontibon-bogota/10481109,10481109,https://cdn4.fincaraiz.com.co/repo/img/th.outside384x275.66e987a251d91_infocdn__zqpzwzlrunwbtbgymcn7stlga0tq6dmwzrpxun3ljpg.jpg,[],Desde $ 280.920.000,1 Hab 1 Baño 44.32 m²,"Vivopark, apartamentos en venta en fontibon, bogotá","Apartamento enBogotá, Bogotá, d.c.",CONSTRUCTORA CAPITAL,Llamar,¡Pregúntale!,¡Pregúntale!,¡Pregúntale!,¡Pregúntale!,Sobre planos,¡Pregúntale!,¡Pregúntale!,¡Pregúntale!,¡Pregúntale!,¡Pregúntale!,¡Pregúntale!,¡Pregúntale!,3,"¡Rodearte de verde y estar cerca de todo en Vivopark! Conformado por lote 1 con Vivopark 1, un proyecto de 6 torres de 20 pisos y 8 apartamentos por piso, para un total de 960 apartamentos. Cuenta con 252 parqueaderos comunales de los cuales 6 parqueaderos son para personas con movilidad reducida y 5 parqueaderos son para vehículos eléctricos. Cuenta con 960 bicicleteros; Y lote 2 con Vivopark 2, conformado por 7 torres de 20 pisos y 8 apartamentos por piso, para un total de 1.120 apartamentos; Cuenta con 296 parqueaderos comunales de los cuales 6 parqueaderos son para personas con movilidad reducida y 6 parqueaderos son para vehículos eléctricos. Cuenta con 1.120 bicicleteros.",[],4.66858110000000000000,-74.15238310000000000000,2026-08-03
"Local en Venta en Chapinero, Bogotá",https://www.fincaraiz.com.co/local-en-venta-en-chapinero-bogota/193664561,193664561,https://cdn4.fincaraiz.com.co/repo/img/th.outside384x275.6a6a5e245698f_infocdn__6464c3a1-b15e-4cb2-807c-d3850d102f58jpg.jpg,[],$ 320.000.000,1 Baño 33 m²,"Local en venta en chapinero, bogotá","Local Comercial enBogotá, Bogotá, d.c.",Engel & Völkers,Llamar,,,,,,,,,,,,,,"El inmueble cuenta con una agradable terraza privada, ideal para ofrecer una experiencia diferencial a clientes, además de cocina, baño independiente y una zona interna funcional que se adapta fácilmente a distintos tipos de negocio.Se destaca por su excelente iluminación natural, buena ventilación y distribución versátil. Está rodeado de comercio consolidado, oficinas, restaurantes, cafés y universidades, lo que garantiza una constante afluencia de público.Ideal para restaurantes, cafés, boutiques, showrooms, oficinas creativas o cualquier emprendimiento que busque visibilidad y posicionamiento en una ubicación privilegiada.",[],4.659356,-74.0628883,2026-08-03
"Apartamento en Venta en Puente aranda, Bogotá",https://www.fincaraiz.com.co/apartamento-en-venta-en-puente-aranda-bogota/193802358,193802358,https://cdn4.fincaraiz.com.co/repo/img/th.outside384x275.6a68a92fe1815_infocdn__121133087-1-1779834728jpg.jpg,[],$ 258.000.000,3 Habs. 2 Baños 54 m²,"Apartamento en venta en puente aranda, bogotá","Apartamento enBogotá, Bogotá, d.c.",EXP COLOMBIA SAS,Llamar,,,,,,,,,,,,,,"Acogedor apartamento en venta en el Conjunto Residencial Parques de Primavera, ubicado en piso 7 con ascensor, ideal para quienes buscan comodidad, tranquilidad y una excelente ubicación en Bogotá. Cuenta con 3 habitaciones, 2 baños, sala comedor con excelente iluminación natural, cocina funcional, zona de lavandería y una distribución inteligente que aprovecha muy bien cada espacio, brindando comodidad, ventilación y un ambiente cálido para toda la familia. Su ubicación en piso alto ofrece mayor privacidad, buena entrada de luz natural y un entorno más tranquilo. El apartamento ofrece gran potencial para modernizar y adecuar a gusto, convirtiéndose en una excelente alternativa para quienes desean personalizar su hogar o realizar una inversión con proyección de valorización. El conjunto residencial cuenta con acceso controlado, ambiente familiar y cercanía a supermercados, colegios, comercio, transporte público y vías principales, facilitando la movilidad y el día a día. Área construid",[],4.613579634863,-74.109028593688,2026-08-03
"Apartamento en Venta en Chicó Alto, Bogotá",https://www.fincaraiz.com.co/apartamento-en-venta-en-chico-alto-bogota/192597242,192597242,https://cdn4.fincaraiz.com.co/repo/img/th.outside384x275.6a2b629c5129d_infocdn__gr82719320250703104411jpg.jpg,[],$ 12.000.000.000,4 Habs. 5 Baños 810 m²,"Apartamento en venta en chicó alto, bogotá","Apartamento enBogotá, Bogotá, d.c.",DEBEDOUT INMOBILIARIA SAS,Llamar,,,,,,,,,,,,,,"Te presentamos esta impresionante casa en venta en Chicó Oriental en el conjunto Resolana, con 610 m² de área construida y una terraza privada de 200 m² que ofrece una vista privilegiada de Bogotá. Este exclusivo hogar combina lujo, comodidad y diseño arquitectónico en una de las zonas más prestigiosas de la ciudad.Código. nueve dos ocho ocho uno uno siete .En el primer nivel, la zona social se destaca por su amplitud e iluminación natural, con una sala acogedora, comedor independiente y acceso directo a la terraza principal. La cocina tipo americana, equipada con acabados de lujo, también se conecta con la terraza, creando un espacio ideal para compartir en familia o con amigos. Además, este nivel cuenta con un espacio adicional perfecto para un bar o estudio. Se ubica el cuarto y baño de servicio.El segundo nivel ofrece una sala de estar, otra terraza privada y tres habitaciones, cada una con baño privado y balcón, garantizando privacidad y confort para todos los miembros de la familia.En el tercer nivel, se encuentra la habitación principal, un verdadero santuario con balcón, baño privado y una terraza exclusiva, ideal para relajarse y disfrutar de la vista.La casa cuenta con 5 garajes independientes.El edificio complementa esta espectacular propiedad con amenidades de primer nivel: gimnasio, salón comunal, sala de cine, terraza compartida y un cuarto de escoltas, brindando seguridad y comodidad adicional.",[],4.6672287,-74.0431941,2026-08-03
"Bodega en Venta en La cabana fontibon, Bogotá",https://www.fincaraiz.com.co/bodega-en-venta-en-la-cabana-fontibon-bogota/191995434,191995434,https://cdn4.fincaraiz.com.co/repo/img/th.outside384x275.6a5626289c948_infocdn__6969df18-6b61-467b-af14-c1f5ea8f8dd5.jpeg,[],$ 4.700.000.000,5 Baños 1500 m²,"Bodega en venta en la cabana fontibon, bogotá","Bodega enBogotá, Bogotá, d.c.",INMOBILIARIA PREMIUM,Llamar,,,,,,,,,,,,,,"Bodega Comercial industrial Área total Construcción de 1.500 Metros,  Area libre de bodega 1.000 Metros, altura de 8 metros Frente 20 Metros Fondo 50 Metros, mas area de oficinas de 400 Metros, baterías de baños para dama y caballero, piso de alta resistencia, capacidad de energía de 75 kwa, portón de ingresos al  bodega en doble altura  ***",[],4.675989396228,-74.137782310861,2026-08-03
"Apartamento en Venta en Montevideo, Bogotá",https://www.fincaraiz.com.co/apartamento-en-venta-en-montevideo-bogota/194032721,194032721,https://cdn4.fincaraiz.com.co/repo/img/th.outside384x275.6a64098c91628_infocdn__mwctc8qifti6ngwhhft7yyeliiewadrqn9mgzviejpg.jpg,[],$ 680.000.000,3 Habs. 2 Baños 71 m²,"Apartamento en venta en montevideo, bogotá","Apartamento enBogotá, Bogotá, d.c.",ESCALA INMOBILIARIA,Llamar,,,,,,,,,,,,,,"Descubra este espectacular apartamento a estrenar, estratégicamente ubicado para ofrecerle una conectividad inigualable. Disfrute de la cercanía a importantes vías como la Calle 13, Carrera 68, Calle 26 y Avenida Boyacá, facilitando sus desplazamientos por la ciudad. La propiedad destaca por su excelente iluminación natural, creando ambientes cálidos y acogedores.El diseño interior presenta una moderna cocina abierta que se integra armoniosamente con la sala comedor, ideal para el entretenimiento. Además, cuenta con una práctica zona de ropas, un balcón perfecto para relajarse, tres confortables habitaciones y dos baños completos. Para su comodidad, incluye un depósito y un parqueadero cubierto.El conjunto residencial eleva su calidad de vida con una amplia gama de zonas sociales de primer nivel. Disfrute de una impresionante terraza con cinco puntos para BBQ, un elegante salón social, una refrescante piscina, un divertido salón de juegos, un gimnasio completamente equipado, un acogedor teatrino, una cancha múltiple para diversas actividades deportivas y una sala de negocios pensada para sus necesidades profesionales. Este apartamento es la elección perfecta para quienes buscan confort, estilo y una ubicación privilegiada.",[],4.6480416,-74.1159535,2026-08-03
"CITIZEN, Apartamentos en Venta en La felicidad, Bogotá",https://www.fincaraiz.com.co/proyectos-vivienda/citizen-apartamentos-en-venta-en-la-felicidad-bogota/15016898,15016898,https://cdn4.fincaraiz.com.co/repo/img/th.outside384x275.67041f70947ee_infocdn__uvkwauhkzbwz64az5xi0djf1ddssk0pmrqo74j02jpg.jpg,[],Desde $ 784.342.000,2 Habs. 2 Baños 72.67 m²,"Citizen, apartamentos en venta en la felicidad, bogotá","Apartamento enBogotá, Bogotá, d.c.",MARVAL BOGOTA,Llamar,¡Pregúntale!,¡Pregúntale!,¡Pregúntale!,¡Pregúntale!,Sobre planos,¡Pregúntale!,¡Pregúntale!,¡Pregúntale!,¡Pregúntale!,¡Pregúntale!,¡Pregúntale!,¡Pregúntale!,4,"Descubre el estilo de vida que mereces en el Conjunto Residencial CitizenUbicado al occidente de Bogotá, Citizen te ofrece una experiencia única de modernidad y comodidad. Con 2  torres residenciales de 21 pisos y un total de 349 apartamentos.Diferentes áreas de apartamentos disponibles en diseños ajustadas a tus preferencias y estilo de vida.La zonas sociales cuentan con un edificio de 3 pisos, ideal para momentos especiales con amigos y familia.Zonas de parqueaderos, distribuidos en nivel, semi sótano y sótano.Ven y descubre por qué el Conjunto Residencial Citizen es el lugar que estabas esperando para dar el siguiente paso en tu vida. ¡Tu nuevo hogar te está esperando!",[],4.6517479,-74.1308428,2026-08-03
"Oficina en Venta en La porciuncula, Bogotá",https://www.fincaraiz.com.co/oficina-en-venta-en-la-porciuncula-bogota/194030979,194030979,https://cdn4.fincaraiz.com.co/repo/img/th.outside384x275.6a639f8f8fdb2_infocdn__towsxyiodziqeosoapkmozih3od2kmcv9iveaaodjpg.jpg,[],$ 360.000.000,2 Ambientes 1 Baño 41 m²,"Oficina en venta en la porciuncula, bogotá","Oficina enBogotá, Bogotá, d.c.",RC Habitar Inmobiliario EU,Llamar,,,,,,,,,,,,,,"Amplias e iluminadas oficinas de dos ambientes (oficinas 301 y 302) y un baño. El edificio cuenta con ascensor. Excelente vías de acceso a media cuadra de la estación de la 76, sobre la carrera 15 con calle 74.",[],4.6612621,-74.060462,2026-08-03
"Reserva de La Sierra, Apartamento en Venta en Usaquen, Bogotá",https://www.fincaraiz.com.co/proyectos-vivienda/reserva-de-la-sierra-apartamentos-en-venta-en-usaquen-bogota/10857920,10857920,https://d3s5pkt10pk3ga.cloudfront.net/resizedImages/384x275/site/fincaraiz_service/media/listing/cffc7800-0363-4656-bc45-8fb790d38192/photos/cffc7800-0363-4656-bc45-8fb790d38192_1_True_5ef45632-b20e-4929-9225-33417456f759.jpg,[],Desde $ 2.335.000.000,3 Habs. 5 Baños 176.08 m²,"Reserva de la sierra, apartamento en venta en usaquen, bogotá","Apartamento enBogotá, Bogotá, d.c.",MARVAL BOGOTA,Llamar,¡Pregúntale!,¡Pregúntale!,¡Pregúntale!,¡Pregúntale!,En construcción,¡Pregúntale!,¡Pregúntale!,¡Pregúntale!,¡Pregúntale!,¡Pregúntale!,¡Pregúntale!,¡Pregúntale!,6,"Reserva de La Sierra hace de tu vida algo excepcional. Esta exclusividad se comparte con el aire fresco y aroma natural que producen los cerros orientales e invitan a la tranquilidad mientras disfrutas los privilegios únicos que integran a Reserva de la Sierra, un conjunto de sensaciones que vas a desear en tu vida.",[],4.70100910000000000000,-74.02809830000000000000,2026-08-03
"Casa en Venta en Teusaquillo, Bogotá",https://www.fincaraiz.com.co/casa-en-venta-en-teusaquillo-bogota/194055123,194055123,https://cdn4.fincaraiz.com.co/repo/img/th.outside384x275.6a6b9877117b8_infocdn__pdp7jvy7izbyhj7bcjbvlvyycxjowp8azcxhyj16jpg.jpg,[],$ 950.000.000,6 Habs. 3 Baños 190 m²,"Casa en venta en teusaquillo, bogotá","Casa enBogotá, Bogotá, d.c.",Proyecto Asociados,Llamar,,,,,,,,,,,,,,"¡Excepcional oportunidad de inversión en el vibrante corazón comercial de Teusaquillo! Se vende una amplia  casa de 190 metros cuadrados, idealmente ubicada para capitalizar el dinamismo de la zona. Esta propiedad, con sus generosas dimensiones, ofrece seis amplias alcobas, cuatro baños completos y un cuarto de servicio con baño privado, garantizando comodidad y versatilidad. Todos los servicios públicos se encuentran en perfecto estado, sin afecciones ni limitaciones, lo que asegura una transición sin contratiempos.Su ubicación estratégica es inmejorable, rodeada de prestigiosas universidades, colegios de renombre y centros de salud de primer nivel. Además, esta zona privilegiada conecta de manera fluida con los sectores Oriental y Central de la localidad, ampliando su alcance y conveniencia.Este inmueble es una joya para proyectos de alto impacto, gracias a sus amplias dimensiones y su configuración adaptable. Es perfecto para el desarrollo de oficinas modernas, innovadores espacios de coliving, instituciones educativas de vanguardia, sedes corporativas de prestigio o ambiciosos proyectos inmobiliarios, entre otras posibilidades ilimitadas.La conectividad es otro de sus grandes atractivos, con transporte directo a las principales vías de la ciudad y acceso inmediato a TransMilenio, facilitando la movilidad para cualquier tipo de negocio o residente.Esta es la inversión perfecta para aquellos que buscan alta rentabilidad y una ubicación privilegiada en un solo lugar. No deje pasar la oportunidad de adquirir una propiedad con un potencial de crecimiento inigualable en uno de los sectores más prometedores de Bogotá.",[],4.6477949,-74.0664507,2026-08-03
"Paseo de Sevilla, Apartamentos en Venta en Nueva Castilla, Bogotá",https://www.fincaraiz.com.co/proyectos-vivienda/paseo-de-sevilla-apartamentos-en-venta-en-nueva-castilla-bogota/5311768,5311768,https://s3.amazonaws.com/imagenesprof.fincaraiz.com.co/OVFR_COL/2021/6/10/2535976_460_10.jpg,[],Desde $ 507.624.000,3 Habs. 3 Baños 69.69 m²,"Paseo de sevilla, apartamentos en venta en nueva castilla, bogotá","Apartamento enBogotá, Bogotá, d.c.",MARVAL BOGOTA,Llamar,¡Pregúntale!,¡Pregúntale!,¡Pregúntale!,¡Pregúntale!,En construcción,¡Pregúntale!,Financiación: 80%,¡Pregúntale!,¡Pregúntale!,¡Pregúntale!,¡Pregúntale!,¡Pregúntale!,3,"Paseo de Sevilla se encuentra ubicado en Castilla, un sector de gran crecimiento en la ciudad, allí encontrarás completos espacios que te brindarán el bienestar y la tranquilidad que tu familia necesita. Dentro de las zonas comunes podrás disfrutar de cancha de squash y de fútbol, gimnasio, juegos infantiles, ludoteca, piscina, salón de juegos, salón de reuniones, sauna, teatrino y turco..",[],4.64569640000000000000,-74.15443430000000000000,2026-08-03
"TRIVENTTO, Apartamento en Venta en Eduardo santos, Bogotá",https://www.fincaraiz.com.co/proyectos-vivienda/triventto-apartamentos-en-venta-en-eduardo-santos-bogota/10442644,10442644,https://d3s5pkt10pk3ga.cloudfront.net/resizedImages/384x275/site/fincaraiz_service/media/listing/14a9fd2b-f120-4f4a-b041-cc400f86a741/photos/14a9fd2b-f120-4f4a-b041-cc400f86a741_1_True_8b91486f-db21-4f5c-9259-e11858d8c6e0.jpg,[],Desde $ 260.586.000,1 Hab 1 Baño 38.46 m²,"Triventto, apartamento en venta en eduardo santos, bogotá","Apartamento enBogotá, Bogotá, d.c.",AMBIENTTI CONSTRUCTORA INMOBILIARIA,Llamar,¡Pregúntale!,¡Pregúntale!,¡Pregúntale!,¡Pregúntale!,Sobre planos,¡Pregúntale!,¡Pregúntale!,¡Pregúntale!,¡Pregúntale!,¡Pregúntale!,¡Pregúntale!,2027,3,"¡Ubicación central con alta valorización! Cerca encontrarás las estaciones 11 y 12 del Metro de Bogotá.Somos un faro de renovación del centro urbano de Bogotá. Triventto, es un proyecto vibrante que quiere contagiar de emoción en cada una de las zonas comunes que ofrece: Gimnasio, Lavandería, Salón Comunal - Coworking , Salón de Juegos, Terraza Bbq.*Precio Fijo. Año de entrega 2027.*Espacio para segunda habitación ó estudio.",[],4.59720970000000000000,-74.08642820000000000000,2026-08-03
"Casa en Venta en Suba urbano, Bogotá",https://www.fincaraiz.com.co/casa-en-venta-en-suba-urbano-bogota/193779647,193779647,https://cdn4.fincaraiz.com.co/repo/img/th.outside384x275.6a0f954b9e95a_infocdn__exftuzurmbphqtxwtxwyvtyk1dwafsbl0gswxrnmjpg.jpg,[],$ 1.850.000.000,5 Habs. 5 Baños 300 m²,"Casa en venta en suba urbano, bogotá","Casa enBogotá, Bogotá, d.c.",Inversiónes Fayear,Llamar,,,,,,,,,,,,,,"ESPECTACULAR Casa en Altos de Torreladera, una joya arquitectónica de 300m² distribuidos en tres pisos y un altillo, diseñada para el máximo confort y exclusividad.El primer piso le da la bienvenida con una elegante sala de recepción,  que incluye turco y jacuzzi, un baño auxiliar para visitas, y una cómoda alcoba de servicio con baño privado. Disfrute de un amplio patio , ideal para momentos de esparcimiento al aire libre.El segundo piso alberga una espaciosa sala comedor, perfecta para reuniones familiares y sociales, complementada por una moderna cocina integral con barra americana  Un estudio funcional y un balcón con vistas encantadoras.En el tercer piso, encontrará tres lujosas alcobas, cada una con baño privado y vestier, ofreciendo privacidad y comodidad inigualables. Un elegante hall de alcobas conecta estos espacios. Amplios espacios, excelente iluminación.El altillo ofrece un espacio versátil, ideal para una alcoba adicional u oficina con baño privado, adaptándose a sus necesidades.Esta residencia es una casa inteligente, equipada con persianas eléctricas y un sistema de sonido Harman Kardon integrado en todos los espacios, creando una atmósfera sofisticada y envolvente.Ubicada en un conjunto campestre, tranquilo y muy seguro, goza de una ubicación estratégica que combina la serenidad de la naturaleza con la conveniencia de un acceso privilegiado. Una oportunidad única para vivir en el hogar de sus sueños.",[],4.7376311,-74.0765166,2026-08-03
"Apartamento en Venta en La carolina, Bogotá",https://www.fincaraiz.com.co/apartamento-en-venta-en-la-carolina-bogota/193306350,193306350,https://cdn4.fincaraiz.com.co/repo/img/th.outside384x275.69726714c22e4_infocdn__2374077-1-1769100512jpg.jpg,[],$ 425.000.000,1 Hab 1 Baño 42 m²,"Apartamento en venta en la carolina, bogotá","Apartamento enBogotá, Bogotá, d.c.",INMOBILIARIA PANAMERICANA Y CIA LTDA,Llamar,,,,,,,,,,,,,,"Descubre este acogedor apartamento en una ubicación privilegiada. Con 1 habitación, 1 baño y 2 parqueaderos, este espacio de 42 metros cuadrados ofrece comodidad y funcionalidad. Disfruta de su cocina integral, estudio y sala-comedor con iluminación natural. Además, cuenta con garaje doble independiente, zona de ropas y vigilancia privada 24/7. Ubicado en una zona residencial con fácil acceso a colegios, parques y transporte público. ¡Una oportunidad única en un entorno seguro y conveniente!",[],4.70636340543,-74.04166726118,2026-08-03
"Casa en Venta en Villas de Granada, Bogotá",https://www.fincaraiz.com.co/casa-en-venta-en-villas-de-granada-bogota/192713097,192713097,https://cdn4.fincaraiz.com.co/repo/img/th.outside384x275.68e83a0405e9a_infocdn__cz2urwdnet1vre9zadjuuqdz6dvm9u92x8nk747ljpg.jpg,[],$ 355.000.000,4 Habs. 2 Baños 144 m²,"Casa en venta en villas de granada, bogotá","Casa enBogotá, Bogotá, d.c.",Inmobiliaria Torre Nova,Llamar,,,,,,,,,,,,,,"¡Oportunidad única! Casa de entrega inmediata en el corazón de Villas de Granada, Engativá. Esta espaciosa propiedad de 114 m² construidos se distribuye en tres niveles, ofreciendo un diseño funcional y adaptable a sus necesidades. Con 30 años de antigüedad, ha sido mantenida para brindar confort y habitabilidad.En su interior, encontrará 4 habitaciones y 2 baños completos, ideales para familias. Disfrute de una sala y comedor independientes, perfectos para reuniones y momentos especiales. La cocina funcional se complementa con un patio cubierto que incluye una práctica zona de ropas y un útil depósito para almacenamiento adicional.La distribución por niveles maximiza cada espacio:Primer piso: Amplia sala y comedor separados, cocina y patio cubierto con zona de ropas.Segundo piso: Dos cómodas habitaciones (una con clóset) y un baño completo.Tercer piso: Dos habitaciones adicionales (una con clóset) y otro baño completo.Ubicada en un estrato 3, esta casa representa una excelente inversión.Valor: $355.000.000.Información sujeta a cambios en características, trámites y valores.¡No pierda la oportunidad de conocerla! Contáctenos para más información o para agendar su visita.? ***ID31",[],4.7158497,-74.126293,2026-08-03
"Apartamento en Venta en Usatama, Bogotá",https://www.fincaraiz.com.co/apartamento-en-venta-en-usatama-bogota/193947811,193947811,https://cdn4.fincaraiz.com.co/repo/img/th.outside384x275.6a6253b363081_infocdn__5225-1-1783046424jpg.jpg,[],$ 270.000.000,2 Habs. 1 Baño 36 m²,"Apartamento en venta en usatama, bogotá","Apartamento enBogotá, Bogotá, d.c.",NBH - Negocios Bien Hechos SAS,Llamar,,,,,,,,,,,,,,"¡Invierte o vive en una ubicación estratégica! Vendo apartamento de 36 m² en piso alto con espectacular vista panorámica e iluminación natural. Cuenta con sala comedor, cocina, zona de lavandería, 2 habitaciones y 1 baño. Ubicado sobre la carrera 30 con Américas, cerca de estaciones de TransMilenio, universidades, colegios, centros comerciales  y centros médicos. El conjunto ofrece vigilancia 24/7, piscina, gimnasio, parque infantil, salones de lectura, salones de juegos y salones sociales.",[],4.623003878535,-74.08129679527,2026-08-03
"ORQUIDEA, Apartamento en Venta en Lagos de Torca, Bogotá",https://www.fincaraiz.com.co/proyectos-vivienda/orquidea-apartamentos-en-venta-en-lagos-de-torca-bogota/6382440,6382440,https://d3s5pkt10pk3ga.cloudfront.net/resizedImages/384x275/site/fincaraiz_service/media/listing/8b034a06-a6bd-4640-97be-ae292c52b363/photos/8b034a06-a6bd-4640-97be-ae292c52b363_1_True_82c57f63-05bd-49b6-a922-8c1cfb4373b0.jpg,[],Desde $ 604.000.000,2 Habs. 2 Baños 65 m²,"Orquidea, apartamento en venta en lagos de torca, bogotá","Apartamento enBogotá, Bogotá, d.c.",AMARILO,Llamar,¡Pregúntale!,¡Pregúntale!,¡Pregúntale!,¡Pregúntale!,Nuevos,¡Pregúntale!,¡Pregúntale!,¡Pregúntale!,¡Pregúntale!,¡Pregúntale!,¡Pregúntale!,¡Pregúntale!,4,"Orquidea es un gran desarrollo urbanístico en Lagos de Torca, un espacio donde podrás crecer en familia, cerca a colegios, hospitales, centros comerciales e importantes vías de acceso. Un ambiente respetuoso con el entorno natural, para que tengas lo mejor de los dos mundos; una vida tranquila en la naturaleza con todas las comodidades de una vida en la ciudad. Fecha estimada de entrega: Dic 2.025 Forma de pago:30% -70% Separación: $2,400,000 Bono Casa Fest de $20M, hasta agotar existencias.",[],4.77954006195068000000,-74.04772186279300000000,2026-08-03
"CEDRO, Apartamento en Venta en Lagos de Torca, Bogotá",https://www.fincaraiz.com.co/proyectos-vivienda/cedro-apartamentos-en-venta-en-lagos-de-torca-bogota/6516084,6516084,https://cdn4.fincaraiz.com.co/repo/img/th.outside384x275.68d1c0ed160dc_infocdn__g8qpv0r5xr2fuf0bvffuf1byevkessjzmkfdepccjpg.jpg,[],Desde $ 636.000.000,3 Habs. 2 Baños 79 m²,"Cedro, apartamento en venta en lagos de torca, bogotá","Apartamento enBogotá, Bogotá, d.c.",AMARILO,Llamar,¡Pregúntale!,¡Pregúntale!,¡Pregúntale!,¡Pregúntale!,Nuevos,¡Pregúntale!,¡Pregúntale!,¡Pregúntale!,¡Pregúntale!,¡Pregúntale!,¡Pregúntale!,¡Pregúntale!,4,"Hacienda El Bosque es un gran desarrollo urbanístico ubicado en Lagos de Torca, un espacio donde podras crecer en familia, cerca a colegios, hospitales, centros comerciales e importantes vías de acceso. Vive en un lugar en donde naturaleza y ciudad se funcionan para crear un espacio llamado hogar. Un ambiente respetuoso con el entorno natural, para que tengas lo mejor de los dos mundos; una vida tranquila y pausada en la naturaleza con todas las comodidades de una vida en la ciudad..",[],4.81068372726440000000,-74.04716491699220000000,2026-08-03
"POMELO, Apartamento en Venta en Lagos de Torca, Bogotá",https://www.fincaraiz.com.co/proyectos-vivienda/pomelo-apartamentos-en-venta-en-lagos-de-torca-bogota/10128349,10128349,https://d3s5pkt10pk3ga.cloudfront.net/resizedImages/384x275/site/fincaraiz_service/media/listing/c0417faa-bac2-48da-ab8f-acadd273720a/photos/c0417faa-bac2-48da-ab8f-acadd273720a_1_True_8c03e559-a257-4b3e-85c5-be1f84aea6b2.jpg,[],Desde $ 225.303.000,2 Habs. 1 Baño 44 m²,"Pomelo, apartamento en venta en lagos de torca, bogotá","Apartamento enBogotá, Bogotá, d.c.",AMARILO,Llamar,¡Pregúntale!,¡Pregúntale!,¡Pregúntale!,¡Pregúntale!,Sobre planos,¡Pregúntale!,70,Todas,¡Pregúntale!,¡Pregúntale!,¡Pregúntale!,¡Pregúntale!,3,"POMELO es un proyecto de vivienda TOPE VIS localizado en el desarrollo Ubanistico de HACIENDA EL BOSQUE en la Ciudad de Bogotá, Colombia. Diseñado estrategicamente en medio de la Zona Natural más grande del Norte de Cuidad, en LAGOS DE TORCA. Contará con todo lo que necesitas para vivir plenamente como Importantes Vías, Transporte Publico, Colegios, Universidades, Centros Comerciales, Clubes y mucho más; además que en el interior del gran desarrollo tendremos espacios unicos para compartir en familia como el parque lineal donde podremos encontrar Parques Infantiles, Trici Ruta,Alamedas,Zona Biosaludable, Plazoletas, Senderos Peatonales, Espacios Deportivos, Zonas de Comercio y mucho más. Ven y conoce los Apartamentos, Zonas Comunes y demás caracteristicas que el Proyecto POMELO tiene para las familias Colombianas. *Este proyecto se encuentra ubicado en inmediaciones del Aeropuerto Flaminio Suarez Camacho de Guaymaral",[],4.81122840000000000000,-74.04541060000000000000,2026-08-03
"PASEO DEL PARQUE, Apartamentos en Venta en Ricaurte, Bogotá",https://www.fincaraiz.com.co/proyectos-vivienda/paseo-del-parque-apartamentos-en-venta-en-ricaurte-bogota/6903734,6903734,https://cdn4.fincaraiz.com.co/repo/img/th.outside384x275.6a63ea620ca88_infocdn__itwszfq5m3s3jgf0ndebhio6ard6ucz4w4ibc9elpng.png,[],Desde $ 313.000.000,2 Habs. 1 Baño 42 m²,"Paseo del parque, apartamentos en venta en ricaurte, bogotá","Apartamento enBogotá, Bogotá, d.c.",AMARILO,Llamar,¡Pregúntale!,¡Pregúntale!,¡Pregúntale!,¡Pregúntale!,Nuevos,¡Pregúntale!,Financiación: 30 | Método de pago: Todas las entidades,¡Pregúntale!,¡Pregúntale!,¡Pregúntale!,¡Pregúntale!,¡Pregúntale!,4,"Ubicado en el corazón de Bogotá, en una zona de renovación urbana y alto desarrollo está Paseo del Parque, un conjunto residencial de aptos que cuenta con una ubicación estratégica sobre la calle 13 y muy cerca de la carrera 30. El Centro Comercial Mall Plaza, Jumbo, Alkosto, centros de negocios, instituciones educativas y centros de salud son solo algunos de los lugares que tiene a pocos km de distancia. Un proyecto diseñado bajo los más altos estándares de calidad urbanística, con zonas comunes y terrazas transitables únicas en el sector. En Paseo del parque compuesto por 2 etapas la primera de 888 unidades y la segunda de 1132 unidades encuentras aptos desde 34 m2 con la mejor distribución y diseño. Un proyecto ideal para quienes buscan vivir o invertir.",[],4.61340045928955000000,-74.09059143066410000000,2026-08-03
"RESERVA DEL DORADO, Apartamentos en Venta en Engativá, Bogotá",https://www.fincaraiz.com.co/proyectos-vivienda/reserva-del-dorado-apartamentos-en-venta-en-engativa-bogota/15016977,15016977,https://cdn4.fincaraiz.com.co/repo/img/th.outside384x275.67337147d3f94_infocdn__ocq7hhgavkkoxi5xrc50rugyikuqnzj2n2crgtzjjpg.jpg,[],Desde $ 313.000.000,2 Habs. 2 Baños 42 m²,"Reserva del dorado, apartamentos en venta en engativá, bogotá","Apartamento enBogotá, Bogotá, d.c.",AMARILO,Llamar,¡Pregúntale!,¡Pregúntale!,¡Pregúntale!,¡Pregúntale!,Sobre planos,¡Pregúntale!,¡Pregúntale!,¡Pregúntale!,¡Pregúntale!,¡Pregúntale!,¡Pregúntale!,¡Pregúntale!,3,"Reserva del Dorado te ofrece la oportunidad de vivir en una ubicación estratégica, con un entorno urbano en constante renovación y una amplia oferta de zonas comunes. Conoce más sobre este proyecto de apartamentos en Bogotá, desarrollado por Amarilo.",[],4.6755528,-74.1184828,2026-08-03
"CEREZO, Apartamento en Venta en Lagos de Torca, Bogotá",https://www.fincaraiz.com.co/proyectos-vivienda/cerezo-apartamentos-en-venta-en-lagos-de-torca-bogota/6382051,6382051,https://s3.amazonaws.com/imagenesprof.fincaraiz.com.co/OVFR_COL/2021/5/31/3129377_304_14.jpg,[],Desde $ 578.000.000,2 Habs. 2 Baños 69 m²,"Cerezo, apartamento en venta en lagos de torca, bogotá","Apartamento enBogotá, Bogotá, d.c.",AMARILO,Llamar,¡Pregúntale!,¡Pregúntale!,¡Pregúntale!,¡Pregúntale!,Nuevos,¡Pregúntale!,¡Pregúntale!,¡Pregúntale!,¡Pregúntale!,¡Pregúntale!,¡Pregúntale!,¡Pregúntale!,4,"Hacienda El Otoño es un gran desarrollo urbanístico ubicado en Lagos de Torca, un espacio donde podrás crecer en familia, cerca a colegios, hospitales, centros comerciales e importantes vías de acceso. Vive en un lugar en donde naturaleza y ciudad se funcionan para crear un espacio llamado hogar. Un ambiente respetuoso con el entorno natural, para que tengas lo mejor de los dos mundos; una vida tranquila y pausada en la naturaleza con todas las comodidades de una vida en la ciudad..",[],4.77964305877686000000,-74.04861450195310000000,2026-08-03
"Apartamento en Venta en Chicó Navarra, Bogotá",https://www.fincaraiz.com.co/apartamento-en-venta-en-chico-navarra-bogota/193958416,193958416,https://cdn4.fincaraiz.com.co/repo/img/th.outside384x275.6a4bec36b18ee_infocdn__picture-88c5f9fe161649189956a96fac13a4d0jpeg.jpeg,[],$ 1.650.000.000,3 Habs. 3 Baños 176 m²,"Apartamento en venta en chicó navarra, bogotá","Apartamento enBogotá, Bogotá, d.c.",Tu360Inmobiliario,Llamar,,,,,,,,,,,,,,"En venta un amplio apartamento de 176m2 en Usaquén, Bogotá. Este inmueble cuenta con 3 habitaciones, cada una con su baño privado, además de un baño social. También incluye un family room o estudio, cuarto y baño del servicio, zona de ropas ventilada, 2 balcones, 2 parqueaderos y bodega. El apartamento se encuentra en excelente estado, completamente remodelado en el año 2025. Ubicado en el piso 2 de un edificio con ascensor, este apartamento es ideal para familias que buscan comodidad y amplitud en una de las zonas más exclusivas de la ciudad. La propiedad tiene una distribución inteligente y espacios bien aprovechados, ofreciendo una experiencia de vida cómoda y funcional. Además, su ubicación estratégica brinda fácil acceso a servicios, comercios y vías principales. Una oportunidad única para adquirir una vivienda de alta calidad en una de las zonas más cotizadas de Bogotá.",[],4.6943145,-74.0535916,2026-08-03
"Apartamento en Venta en Montevideo, Bogotá",https://www.fincaraiz.com.co/apartamento-en-venta-en-montevideo-bogota/194000197,194000197,https://cdn4.fincaraiz.com.co/repo/img/th.outside384x275.6a6d8dcdb80b8_infocdn__a3d65894-c077-4ee3-b54d-9e79ab695c99propertya3d65894c0774ee3b54d9e79ab695c99sezlsczl1c9jpg.jpg,[],$ 680.000.000,3 Habs. 2 Baños 58 m²,"Apartamento en venta en montevideo, bogotá","Apartamento enBogotá, Bogotá, d.c.",Houm,Llamar,,,,,,,,,,,,,,"[VEN] ID HOUM: 175983En Houm te ayudamos de forma fácil y segura. Los beneficios de comprar con nosotros:• Te ayudamos a conseguir financiamiento a través de una asesoría personalizada• Mediación y seguimiento de todo el proceso• Ponemos a tu disposición profesionales en notariado, registro y asesoría jurídica¡Solo te preocupas de las firmas!Departamento en venta, ubicado en el barrio Zona Industrial, con una superficie construida de 58.70 m² y superficie total de 58.80 m².Sus principales características son:• 3 dormitorios• 2 baños• Admite mascotas• 1 parqueaderoAdemás, el inmueble cuenta con las siguientes amenidades:• Salón de eventos• Ascensor• Zona de juegos• Alberca• Gimnasio• Zona de asadoresSi compras con nosotros, te brindamos asesoría personalizada durante todo el proceso.Más que una inmobiliaria, somos Houm.*Aplican T&C",[],4.6479545,-74.1177319,2026-08-03
"Apartamento en Venta en Colina Campestre, Bogotá",https://www.fincaraiz.com.co/apartamento-en-venta-en-colina-campestre-bogota/193917309,193917309,https://cdn4.fincaraiz.com.co/repo/img/th.outside384x275.6a3d5e22b9bc9_infocdn__i7yzatddmrbb6a4tomsxba2gc8r7bnonghayeeyjjpg.jpg,[],$ 570.000.000,3 Habs. 2 Baños 97 m²,"Apartamento en venta en colina campestre, bogotá","Apartamento enBogotá, Bogotá, d.c.",Edith Valderrama Agente Profesional de bienes Raíces,Llamar,,,,,,,,,,,,,,"Gran Oportunidad de Venta en el norte de Bogotá: un espectacular apartamento Dúplex de 97.5M2, estratégicamente ubicado a solo una cuadra del Parque Colina, en un sector exclusivo y de alta valorización. Este impresionante hogar, situado en un cuarto piso sin ascensor, con vista exterior, ha sido completamente remodelado con acabados de lujo que combinan la calidez de la madera y la sofisticación del porcelanato, creando un ambiente de distinción, confort y tranquilidad.Al ingresar al primer nivel, será recibido por una espaciosa sala comedor, diseñada para el entretenimiento y la creación de memorias inolvidables. La cocina cerrada, de generosas dimensiones, integra una espectacular zona de lavandería. Este nivel también cuenta con una amplia habitación, un versátil estudio adaptable como habitación adicional, un baño social, un práctico depósito o bodega, y una terraza privada al aire libre de 12 m², el oasis perfecto para relajarse y disfrutar del aire libre.El segundo nivel alberga la suite principal, un santuario de tranquilidad equipado con un amplio clóset y su baño privado, garantizando privacidad y comodidad. La propiedad se complementa con dos parqueaderos, un valor añadido inigualable en la zona.Rodeado de exuberantes zonas verdes, este dúplex se beneficia de una excelente iluminación natural y una ventilación excepcional, creando un ambiente fresco y luminoso. Su ubicación estratégica le sitúa a pocos minutos de prestigiosos centros comerciales como La Colina, donde la gastronomía es el mayor atractivo, así como de supermercados de primer nivel, almacenes y sitios de recreación. Disfrute de la cercanía a parques y de un inmejorable acceso a las principales vías de la ciudad, asegurando una conectividad sin igual.Este Dúplex no es solo un hogar; es una inversión inteligente en calidad de vida y confort, en uno de los sectores con mayor proyección y valorización de Bogotá. No pierda la oportunidad de vivir la vida que siempre ha soñado. Agende su cita hoy mismo para apreciar personalmente esta magnífica propiedad. Contáctenos al ***.",[],4.731526,-74.064727,2026-08-03
"Apartamento en Venta en Altos de suba, Bogotá",https://www.fincaraiz.com.co/apartamento-en-venta-en-altos-de-suba-bogota/193837275,193837275,https://cdn4.fincaraiz.com.co/repo/img/th.outside384x275.6a20c1e5d8fa4_infocdn__xs6lvlbj6u5jmwdya2vhkdy9vabelzonpricjl7ojpg.jpg,[],$ 1.690.000.000,4 Habs. 6 Baños 273 m²,"Apartamento en venta en altos de suba, bogotá","Apartamento enBogotá, Bogotá, d.c.",CLARA FUENTES,Llamar,,,,,,,,,,,,,,"✨ APARTAMENTO DUPLEX- EXCLUSIVO CON VISTA PANORÁMICA Y DOBLE ALTURA EN ALTOS DE SUBA ✨Despierta cada día con una vista privilegiada de la ciudad y los cerros orientales. Este espectacular dúplex combina amplitud, elegancia y naturaleza en uno de los sectores más exclusivos del norte de Bogotá.Su imponente sala de doble altura, iluminada por grandes ventanales, crea un ambiente único donde la luz natural y el paisaje son protagonistas. Cada espacio fue diseñado para disfrutar privacidad, confort y una conexión permanente con el entorno verde que lo rodea.* Terraza privada con vista abierta 13.20 M2.* Sala con chimenea y doble alturaComedor independiente* 4 habitaciones con baño privado*Estudio o sala de estar familiar* Walk-in closet en las habitaciones*Cuarto y baño de Servicio* 4 parqueaderos independientes* Depósito*Conjunto con cancha de tenis, gimnasio, BBQ, parque infantil y amplias zonas verdes.Altos de Suba – Bogotá.",[],4.7264019,-74.0752202,2026-08-03
"Casa en  Venta en Bosa, Bogotá",https://www.fincaraiz.com.co/casa-en-venta-en-bosa-bogota/191338628,191338628,https://cdn4.fincaraiz.com.co/repo/img/th.outside384x275.68fbcb9d0f061_infocdn__58a860bb-936f-4059-b0d9-dd0ea06134b0.jpeg,[],$ 600.000.000,11 Habs. 7 Baños 450 m²,"Casa en  venta en bosa, bogotá","Casa enBogotá, Bogotá, d.c.",Quantum Inmobiliaria,Llamar,,,,,,,,,,,,,,"Si Vendo. Excelente oportunidad. Casa rentando completamente remodelada en sector de Bosa. Cerca a Av. Bosa, Centro Comercial, Iglesias Fundacional, Supermercados de cadena, estaciones de gasolina y parque. 5 niveles. Apartamentos independientes rentados y Bodega. Piso 1 Bodega de 6x15 de 3.10 de alto, con baño, poceta, piso en concreto, luz trifásica y contador de agua. Piso 2, Dos aptos, de dos alcobas, cocina, baño, zona de lavandería, piso en baldosa. Piso 3 Dos aptos, de 2 alcobas, cocina, baño, zona de lavandería. piso 4 tres alcobas, con closet, baño, sala, comedor, terraza cubierta, cuenta con circuito cerrado de TV vigilancia.  Valor en Venta $600.000.000. En Quantum Inmobiliaria encontrarás un aliado en el proceso de compra, permítanos asesorarle. ***",[],4.6103806,-74.1804991,2026-08-03
"ATELIER 68, Apartaestudios en Venta en Chapinero, Bogotá",https://www.fincaraiz.com.co/proyectos-vivienda/atelier-68-apartaestudios-en-venta-en-chapinero-bogota/10816288,10816288,https://cdn4.fincaraiz.com.co/repo/img/th.outside384x275.6883bbe586dbd_infocdn__sdnfymuulevhdlrk78wdoxifahmo4nc8gfzomea4jpg.jpg,[],Desde $ 275.000.000,1 Hab 1 Baño 21 m²,"Atelier 68, apartaestudios en venta en chapinero, bogotá","Apartaestudio enBogotá, Bogotá, d.c.",INCOL,Llamar,¡Pregúntale!,¡Pregúntale!,¡Pregúntale!,¡Pregúntale!,En construcción,¡Pregúntale!,¡Pregúntale!,¡Pregúntale!,¡Pregúntale!,¡Pregúntale!,¡Pregúntale!,¡Pregúntale!,3,"Conoce ATELIER 68, único Proyecto VIS en la zona con un diseño diferencial. Apartaestudios con Mezzanine (12 m² aprox de área aprovechable adicional) donde vas a poder disfrutar de una exclente iluminación y ventilación gracias a sus amplias ventanas, vivirás en un lugar de fácil acceso a todos los servicios básicos: trabajo, estudio, salud, comercio, parques y otros sitios de interés de la zona. ATELIER 68 cuenta con más de 15 zonas comunes como: Lobby - Sala de espera, Cocina/ comedor social, Coworking, Spa para mascotas, Gimnasio de mascotas al aire libre, pista de trote en la cubierta, cine/ salón TV, Proyecto con certificación EDGE ** El precio del inmueble se establece en valor fijo, este valor no puede superar el tope VIS establecido por el gobierno nacional al momento de la escrituración.",[],4.6555809,-74.0648999,2026-08-03
"ALTOS DE KENNEDY, Apartamento en Venta en Kennedy Central, Bogotá",https://www.fincaraiz.com.co/proyectos-vivienda/altos-de-kennedy-apartamentos-en-venta-en-kennedy-central-bogota/15018458,15018458,https://cdn4.fincaraiz.com.co/repo/img/th.outside384x275.69f3f84828cd4_infocdn__8unx8qtsvivcj2zhlneiimmh1l7tgur8asrcmcl9png.png,[],Desde $ 277.000.000,2 Habs. 1 Baño 45 m²,"Altos de kennedy, apartamento en venta en kennedy central, bogotá","Apartamento enBogotá, Bogotá, d.c.",Hábitat Colombia,Llamar,¡Pregúntale!,¡Pregúntale!,¡Pregúntale!,¡Pregúntale!,Sobre planos,¡Pregúntale!,70%,CRÉDITO,¡Pregúntale!,¡Pregúntale!,¡Pregúntale!,¡Pregúntale!,3,"ALTOS DE KENNEDY: Un proyecto pensado para quienes buscan vivir en una zona central, con excelente conectividad, proyección de valorización y calidad de vida urbana.Proyecto VIS ubicado en el corazón de Kennedy, conformado por 224 apartamentos, distribuidos en 2 torres de 15 pisos más local comercial, con diseño moderno, espacios funcionales y una propuesta pensada para vivir, trabajar y disfrutar dentro de un entorno de renovación urbana. Apartamentos diseñados para ofrecer funcionalidad, comodidad y adaptabilidad a diferentes etapas de vida. Dentro de las zonas sociales se encuentran espacios para: Salón social, gimnasio, administración y portería (espacios sin dotación).El proyecto se encuentra en una zona consolidada de la localidad de Kennedy, con múltiples beneficios para el día a día:• Local comercial en el primer piso del proyecto.• Portería y cuartos técnicos totalmente dotados.• Hospital Occidente de Kennedy a 8 minutos caminando.• Transporte público cercano y fácil acceso a la futura estación del Metro de Bogotá.• Registraduría Auxiliar de Kennedy Central a 600 metros.• Parque público recreativo “La Amistad” a 10 minutos caminando.• Entidades financieras, restaurantes, minimercados y farmacias a pocos pasos.",[],4.6197198,-74.1550764,2026-08-03
"Apartamento en venta en Multicentro, Bogotá",https://www.fincaraiz.com.co/apartamento-en-venta-en-multicentro-bogota/10509598,10509598,https://d3s5pkt10pk3ga.cloudfront.net/resizedImages/384x275/site/fincaraiz_service/media/listing/e1d12e26-6b35-4077-87cd-09b4c3de7ddc/photos/e1d12e26-6b35-4077-87cd-09b4c3de7ddc_1_True_6698fb9d-fd12-4faa-aaba-2d5fad6a78f9.jpeg,[],$ 2.650.000.000,5 Habs. 7 Baños 440 m²,"Apartamento en venta en multicentro, bogotá","Apartamento enBogotá, Bogotá, d.c.",INSTRUMENTOS Y VALORES INMOBILIARIOS SA,Llamar,,,,,,,,,,,,,,"Penthouse en VENTA ,  ubicado en el piso doceavo. Con área de 350m2 y 90 m2 de terraza,  4 alcobas con baño,  estudio,  sala con chimenea,  comedor independiente,  cuarto y baño de servicio,  cocina abierta,  2 depósitos,  y 3 garajes. A sus alrededores el Parque del Country,  Unicentro,  Hoteles,  Restaurantes,  iglesias,  supermercados y clínicas. Tiene excelentes vías de acceso haciéndolo un lugar ideal para vivir.",[],4.7019053,-74.0345703,2026-08-03
"Apartamento en Venta en Suba Salitre, Bogotá",https://www.fincaraiz.com.co/apartamento-en-venta-en-suba-salitre-bogota/193151181,193151181,https://cdn4.fincaraiz.com.co/repo/img/th.outside384x275.692a0eb4cd8ec_infocdn__kbbv8zxezbv00cor5quzh5b7jghmrhqm4calzyv1png.png,[],$ 204.000.000,2 Habs. 1 Baño 44 m²,"Apartamento en venta en suba salitre, bogotá","Apartamento enBogotá, Bogotá, d.c.",Valenzuela Reyes Constructora Finca Raiz LTDA,Llamar,,,,,,,,,,,,,,"Este apartamento es la opción perfecta para quienes buscan espacio iluminado, cómodo y listo para disfrutar como nuevo hogar. Con 5 años de construido, quinto piso con ascensor, en conjunto cuenta con salón comunal, parqueadero de visitantes. Cerca de transporte, parque, comercio. ¡El mismo ya está listo para ser visitado. ¡No pierdas esta oportunidad! ¡Ahora es el momento!",[],4.7567235,-74.0854933,2026-08-03
"VIENA, Apartamentos en Venta en Marsella, Bogotá",https://www.fincaraiz.com.co/proyectos-vivienda/viena-apartamentos-en-venta-en-marsella-bogota/15017469,15017469,https://cdn4.fincaraiz.com.co/repo/img/th.outside384x275.682ba6b0b6da1_infocdn__ryyrntsxhpgm96vaxukcseb5xcp7w0wm71pw4o2mjpg.jpg,[],Desde $ 485.000.000,2 Habs. 2 Baños 59 m²,"Viena, apartamentos en venta en marsella, bogotá","Apartamento enBogotá, Bogotá, d.c.",ARQUITECTURA Y CONCRETO,Llamar,¡Pregúntale!,¡Pregúntale!,¡Pregúntale!,¡Pregúntale!,En construcción,1,"30 % cuota inicial, 70% crédito",¡Pregúntale!,¡Pregúntale!,¡Pregúntale!,¡Pregúntale!,¡Pregúntale!,4,"Se destaca por ser un proyecto exclusivo de 2 torres ubicado en Las Américas con Carrera 68D (Detrás del Éxito de las Américas) que te permite tener un fácil acceso a Supermercados, Centros Comerciales, Centros de salud y Colegios y con excelente cobertura de transporte público.Los apartamentos cuentan con áreas construidas desde 59 m² hasta 75 m², contamos con opción de elegir 2 o 3 habitaciones, 2 baños, cocina, zona de ropas, sala comedor, estudio u oficina y balcón.",[],4.6320659,-74.1247295,2026-08-03
"WONDER COLIVING · Apartamentos de inversión en Santa Paula, Apartamento en Venta en Santa Paula, Bogotá",https://www.fincaraiz.com.co/proyectos-vivienda/wonder-coliving-·-apartamentos-de-inversion-en-santa-paula-apartamentos-en-venta-en-santa-paula-bogota/15018470,15018470,https://cdn4.fincaraiz.com.co/repo/img/th.outside384x275.69fb7d791384d_infocdn__45g3jprpfl2kaezua63mdhshrwg8eogo7dwupbgfjpg.jpg,[],Desde $ 532.924.800,1 Hab 1 Baño 33.24 m²,"Wonder coliving · apartamentos de inversión en santa paula, apartamento en venta en santa paula, bogotá","Apartamento enBogotá, Bogotá, d.c.",TRAZOS URBANOS,Llamar,¡Pregúntale!,¡Pregúntale!,¡Pregúntale!,¡Pregúntale!,Sobre planos,¡Pregúntale!,70%,30%,¡Pregúntale!,¡Pregúntale!,¡Pregúntale!,¡Pregúntale!,6,"Wonder Coliving – Proyecto de inversión en el norte de BogotáProyecto residencial bajo el modelo de coliving, ubicado en el norte de Bogotá, ideal para inversionistas que buscan una alternativa de renta diferente al arriendo tradicional.Ofrece unidades privadas funcionales con acceso a zonas comunes modernas como áreas sociales, coworking y terrazas, diseñadas para un estilo de vida urbano, flexible y conectado.El proyecto cuenta con operación y administración profesional, lo que permite una gestión eficiente del inmueble y optimización de la ocupación, generando ingresos constantes sin administración directa por parte del propietario.Excelente ubicación en un sector de alta demanda, con potencial de valorización y atractivo para jóvenes profesionales, ejecutivos y nómadas digitales.Ideal para inversión y renta administrada.",[],4.692605,-74.0437625,2026-08-03
"Casa en Venta en Verbenal san antonio, Bogotá",https://www.fincaraiz.com.co/casa-en-venta-en-verbenal-san-antonio-bogota/193720523,193720523,https://cdn4.fincaraiz.com.co/repo/img/th.outside384x275.69fcc415148f3_infocdn__g2tklrx4dqg8noj5zvdepvpww9dffmir2hplhm8qjpg.jpg,[],$ 730.000.000,4 Habs. 3 Baños 130 m²,"Casa en venta en verbenal san antonio, bogotá","Casa enBogotá, Bogotá, d.c.",Giomary Cruz,Llamar,,,,,,,,,,,,,,"Descubra la casa de sus sueños, una propiedad de 4 niveles, en conjunto cerrado con vigilancia 24 horas ubicada cerca de los colegios:  San Carlos, Colegio Gimnasio los Pinos y los clubes Casamata y el Deportivo La Equidad; a pocos minutos está el Terminal de Transporte del Norte, MAKRO y la Autopista Norte con la estación de Transmilenio terminal, facilitando los desplazamientos a diferentes sectores de la ciudad.la casa cuenta con:* Dos Parqueaderos independientes* Un depósito* Un patio amplio con pergola corrediza* Sala Comedor con chimenea* Estudio abierto* 3 baños completos* 4 habitaciones, la principal con walking closed, baño y balcón.",[],4.7680374,-74.0340745,2026-08-03
"Apartamento en Venta en El Virrey, Bogotá",https://www.fincaraiz.com.co/apartamento-en-venta-en-el-virrey-bogota/193580951,193580951,https://cdn4.fincaraiz.com.co/repo/img/th.outside384x275.69caef2416fbf_infocdn__xsx9c0azh3drr4ypbki7u9plpfgnukm8zjxlptnzjpg.jpg,[],$ 1.180.000.000,2 Habs. 3 Baños 72 m²,"Apartamento en venta en el virrey, bogotá","Apartamento enBogotá, Bogotá, d.c.",Grupo Inmobiliario MX-CO,Llamar,,,,,,,,,,,,,,"Apartamento para estrenar, piso 6, edificio moderno a unos pasos del parque del Virrey. Ubicado en la Cra. 19b #85, Bogotá.Al ingresar al apartamento nos recibe un baño social, La sala de estar se integra armoniosamente con una cocina abierta, equipada con electrodomésticos y un área de lavandería. Los suelos de madera y la iluminación empotrada realzan el diseño minimalista en cada rincón, creando ambientes luminosos y acogedores. Ventanas con aislante de ruido, un balcón que se integra con todo el frente del área social y habitaciones.-La habitación principal, con walk-in closet ofrece un santuario privado y un baño muy amplio.-La segunda habitación también cuenta con baño privado y closet amplio de pared. Este apartamento cuenta con dos parqueaderos en duplicador (elevador) asegurando comodidad- El edificio cuenta tiene un Roof top con bbq, maquinas para ejercitarse, chimeneas y áreas de convivencia en exterior. también gimnasio, sala de co-working.",[],4.6721057,-74.0584349,2026-08-03
"URBANIA TERRA, Apartamento en Venta en Fontibon, Bogotá",https://www.fincaraiz.com.co/proyectos-vivienda/urbania-terra-apartamentos-en-venta-en-fontibon-bogota/15017038,15017038,https://cdn4.fincaraiz.com.co/repo/img/th.outside384x275.6753115ba4ec2_infocdn__xg4m0hrizdhlvhpviuzhadgnh226ylescah5bxxbjpg.jpg,[],Desde $ 262.310.000,3 Habs. 2 Baños 45.42 m²,"Urbania terra, apartamento en venta en fontibon, bogotá","Apartamento enBogotá, Bogotá, d.c.",CONSTRUCTORA CAPITAL,Llamar,¡Pregúntale!,¡Pregúntale!,¡Pregúntale!,¡Pregúntale!,En construcción,¡Pregúntale!,30%,¡Pregúntale!,¡Pregúntale!,¡Pregúntale!,¡Pregúntale!,¡Pregúntale!,3,"Terra, es uno de los 6 proyectos de Urbania Ciudadela que vive tu ritmo en la ciudad, contará con más de 22.000 m2 de parque público con zonas deportivas y zonas verdes, lo mejor de este proyecto es su ubicación privilegiada, con acceso a principales e importantes vías como la Calle 13, Avda. El Dorado y la futura Avda. Ferrocarril como a una estación Regiotram del Occidente (a 5 minutos del proyecto). En el futuro podrás disfrutar de un Club House de 8 niveles con diferentes zonas comunes como Zona Cool, Zona de Lavandería, Zona Creativa, Zona Húmeda con piscina para niños y adultos, Turco, Sauna, jacuzzi, Zona Lounge entre otras más. En la parte interna del proyecto al aire libre podrás encontrar una Zona Pet, Playground, Zona Kids; en total contarás con más de 25 zonas comunes totalmente dotadas, espacios para vivir diferentes actividades junto amigos y familiares.",[],4.6971258,-74.1627055,2026-08-03
"URBANIA ECO, Apartamento en Venta en Brisas aldea fontibon, Bogotá",https://www.fincaraiz.com.co/proyectos-vivienda/urbania-eco-apartamentos-en-venta-en-brisas-aldea-fontibon-bogota/7419413,7419413,https://cdn4.fincaraiz.com.co/repo/img/th.outside384x275.68daccdb5cee5_infocdn__wk6nuzd5seubu0lpxwtdequrvwvb0gryxlq1wjs6jpg.jpg,[],Desde $ 225.670.000,2 Habs. 1 Baño 40.67 m²,"Urbania eco, apartamento en venta en brisas aldea fontibon, bogotá","Apartamento enBogotá, Bogotá, d.c.",CONSTRUCTORA CAPITAL,Llamar,¡Pregúntale!,¡Pregúntale!,¡Pregúntale!,¡Pregúntale!,En construcción,¡Pregúntale!,Financiación: 70 % Financiación | Método de pago: 30 % Cuota Inicial,¡Pregúntale!,¡Pregúntale!,¡Pregúntale!,¡Pregúntale!,¡Pregúntale!,3,"Vivir en Eco es tomar la decisión de cambiar tu calidad de vida. Urbania Eco es un proyecto conformado por 8 torres de apartamentos de 19 pisos, para un total de 1208 apartamentos; 306 parqueaderos comunales, 66 parqueaderos de visitantes de los cuales 8 son para personas con movilidad reducida. Vive en el entretenimiento de un club house con más de 10 zonas comunes, inicia tus días recargado con la mejor energía con salón social, zona cool, zona fitness con salón de spining, salón de actividades, área cardio y pesas, cinema, zona húmeda con piscina de adultos y niños climatizada, zona coworking, zona lounge, zona kids, playground, zona sport con cancha múltiple de medidas no reglamentarias, zonas BBQ, zona lavandería y bicicleteros.",[],4.69729604621989000000,-74.16238189239650000000,2026-08-03
"Apartamento en Venta en La Calleja, Bogotá",https://www.fincaraiz.com.co/apartamento-en-venta-en-la-calleja-bogota/193963770,193963770,https://cdn4.fincaraiz.com.co/repo/img/th.outside384x275.6a4d3c7e9f416_infocdn__gr1125353120260707123957jpg.jpg,[],$ 920.000.000,3 Habs. 3 Baños 107 m²,"Apartamento en venta en la calleja, bogotá","Apartamento enBogotá, Bogotá, d.c.",HUS INMOBILIARIA,Llamar,,,,,,,,,,,,,,"Apartamento en venta en el exclusivo sector de La Calleja, con 107 m², excelente iluminación natural y una distribución amplia y funcional. Cuenta con sala-comedor de gran tamaño, cocina abierta con zona de lavandería independiente, baño social y 3 habitaciones, todas con balcón. La habitación principal dispone de walking clóset y baño privado, mientras que las habitaciones auxiliares comparten un baño.Incluye doble parqueadero en línea, depósito y se encuentra en un edificio con vigilancia privada 24/7, en una de las zonas residenciales más valorizadas del norte de Bogotá, con fácil acceso a vías principales, comercio y servicios.",[],4.7091476,-74.0493984,2026-08-03
"Casa en Venta en Alamos, Bogotá",https://www.fincaraiz.com.co/casa-en-venta-en-alamos-bogota/193645487,193645487,https://cdn4.fincaraiz.com.co/repo/img/th.outside384x275.69e28aa79e167_infocdn__bohleb09gxixwyul2ualotri943hvg0el8h2ip7ajpg.jpg,[],$ 350.000.000,3 Habs. 3 Baños 114 m²,"Casa en venta en alamos, bogotá","Casa enBogotá, Bogotá, d.c.",MUNDO INMOBILIARIO,Llamar,,,,,,,,,,,,,,"Excepcional casa en venta, estratégicamente ubicada en el codiciado sector Álamos, con una conectividad inigualable gracias a su cercanía a importantes vías como la Avenida Mutis, Avenida Cali y Avenida Calle 26. Esta propiedad, que no forma parte de un conjunto cerrado, ofrece la libertad y privacidad que usted busca, a pocos minutos de centros comerciales de primer nivel como Nuestro Bogotá y otros establecimientos de interés.Distribuida en tres niveles, esta casa ha sido diseñada para maximizar el espacio y la funcionalidad. El primer piso, con una generosa área de 46.50 m², le da la bienvenida con un encantador antejardín, una espaciosa sala-comedor ideal para el entretenimiento, una cocina funcional, zona de ropas y un baño completo.El segundo piso, de 35.76 m², alberga dos cómodas alcobas, un versátil estudio perfecto para teletrabajo o como espacio adicional, y un baño completo. Finalmente, el tercer piso, con 32.40 m², ofrece una amplia terraza para disfrutar del aire libre, una alcoba adicional y una conveniente zona de ropas.Esta propiedad es una oportunidad única para quienes buscan un hogar con excelente ubicación, amplios espacios y un gran potencial de valorización.",[],4.6997296612249,-74.117142172434,2026-08-03
"Apartamento en Venta en Mazuren, Bogotá",https://www.fincaraiz.com.co/apartamento-en-venta-en-mazuren-bogota/194025993,194025993,https://cdn4.fincaraiz.com.co/repo/img/th.outside384x275.6a627534ed776_infocdn__pm1brkzgpzywjganfglabtr6synviohemtugfjjvjpg.jpg,[],$ 570.000.000,3 Habs. 3 Baños 91 m²,"Apartamento en venta en mazuren, bogotá","Apartamento enBogotá, Bogotá, d.c.",Osorio & CIA,Llamar,,,,,,,,,,,,,,"MR-200 ¡Descubre tu nuevo hogar en uno de los sectores más exclusivos y deseados de Bogotá: Colina Campestre - Mazurén! Este espectacular apartamento, completamente remodelado, te espera para ofrecerte una experiencia de vida inigualable.Ubicado estratégicamente en la Calle 152 con Carrera 56, disfrutarás de una conectividad excepcional y acceso a todos los servicios que necesitas.Este impresionante dúplex de 91 m² ha sido diseñado para maximizar el confort y la funcionalidad. Cuenta con 3 amplias habitaciones, incluyendo una principal con baño privado, y 3 baños modernos que garantizan privacidad y comodidad para toda la familia. La sala comedor es un espacio acogedor y luminoso, perfecto para el entretenimiento o el relax. La cocina cerrada, práctica y funcional, es ideal para los amantes de la gastronomía.Disfruta de la brisa y las vistas desde sus 3 balcones, un verdadero lujo en la ciudad. Además, incluye un parqueadero descubierto y un depósito para mayor conveniencia.El edificio, con 15 años de construido, se distingue por su excelente administración y ofrece amenidades como salón social y parque infantil, creando un ambiente ideal para la convivencia. La seguridad es una prioridad con vigilancia 24/7 y CCTV.Con un estrato 4 y una administración de solo $380.000, esta propiedad representa una inversión inteligente y un estilo de vida superior.¡No dejes pasar esta oportunidad única! Agenda tu cita hoy mismo y ven a conocer este increíble apartamento.",[],4.7367181,-74.0611976,2026-08-03
"Apartaestudio en Venta en Zona centro, Bogotá",https://www.fincaraiz.com.co/apartaestudio-en-venta-en-zona-centro-bogota/194016017,194016017,https://cdn4.fincaraiz.com.co/repo/img/th.outside384x275.6a5ff1396bd95_infocdn__ia3mzpxqi7wzo3ucicev54o8au0rodetsc5ikycujpg.jpg,[],$ 250.000.000,1 Hab 1 Baño 28 m²,"Apartaestudio en venta en zona centro, bogotá","Apartaestudio enBogotá, Bogotá, d.c.",Osorio & CIA,Llamar,,,,,,,,,,,,,,"MR - 281 Vendo moderno y funcional apartamento en séptimo piso, ubicado en una zona estratégica de alta conectividad y valorización en el CENTRO (Edificio Nexus). Un espacio ideal para estudiantes, profesionales o una excelente oportunidad de inversión para rentas cortas o tradicionales. Agenda tu visita 28m2 Habitación 1 Baño 1 Sala comedor / Espacio integrado Cocina Piso 7 Estrato 3 Antigüedad: 4 años Dos ascensores No tiene parqueadero No tiene depósito Vigilancia / Seguridad en edificio Administración $ 240.000 Cuenta con una excelente variedad de amenidades (amenities): Gimnasio totalmente dotado. Salones de coworking y workstations (zonas de trabajo compartido). Cooking lounge (cocina social o comunal integrada). Zona BBQ. Salón de videojuegos. Salón de yoga. Zonas de lavandería comunal. Amplias terrazas con vistas panorámicas increíbles de la ciudad.  Parqueadero comunitario / para visitantes.",[],4.60149,-74.0707596,2026-08-03
"Apartamento en Venta en Santa barbara central, Bogotá",https://www.fincaraiz.com.co/apartamento-en-venta-en-santa-barbara-central-bogota/193878580,193878580,https://cdn4.fincaraiz.com.co/repo/img/th.outside384x275.6a30b20528c63_infocdn__gokvnwf85qipprtmnykmnyichfz3ivahsx976nbmjpg.jpg,[],$ 590.000.000,2 Habs. 2 Baños 86.58 m²,"Apartamento en venta en santa barbara central, bogotá","Apartamento enBogotá, Bogotá, d.c.",NATALIA OSPINA REAL ESTATE,Llamar,,,,,,,,,,,,,,"VENDO APARTAMENTO 100% REMODELADO EN SANTA BÁRBARA CENTRAL. Ubicado en uno de los sectores más apetecidos y estratégicos del norte de Bogotá, este apartamento de 86,58 m² combina una excelente ubicación con espacios funcionales y renovados. Cuenta con sala-comedor, moderna cocina abierta, zona de lavandería independiente, dos alcobas, dos baños completos y un estudio que fácilmente puede convertirse en una tercera habitación. Se encuentra en quinto piso y dispone de un parqueadero privado. Es interior pero bien iluminado.. Edificio de construcción tradicional, automatizado y ofrece conserjería en horario hábil, cámaras de seguridad, monitoreo 24 horas, recepción y salón comunal. Una excelente oportunidad para quienes buscan un apartamento listo para habitar, completamente remodelado y en una ubicación privilegiada, cerca de comercio, restaurantes, parques, centros comerciales y vias de acceso del norte de la ciudad. NAO-056",[],4.695199,-74.035174,2026-08-03
"Apartamento en Venta en Los Pinos, Bogotá",https://www.fincaraiz.com.co/apartamento-en-venta-en-los-pinos-bogota/193365024,193365024,https://cdn4.fincaraiz.com.co/repo/img/th.outside384x275.6a68b8c660d44_infocdn__9405411-1-1764632272-1jpg.jpg,[],$ 254.600.000,1 Hab 2 Baños 46 m²,"Apartamento en venta en los pinos, bogotá","Apartamento enBogotá, Bogotá, d.c.",EXP COLOMBIA SAS,Llamar,,,,,,,,,,,,,,"¡Este dúplex en Zarzamora lo tiene TODO y está esperando por ti! Vive o invierte YA en uno de los barrios más movidos de Engativá. En plena CALLE 72A a pocos pasos de la Avda Cali, este espacio inteligente de 46.4 m² no solo está listo para habitar, sino que se adapta a tu ritmo: rápido, moderno, funcional.",[],4.69777,-74.1071583,2026-08-03
"Apartamento en Venta en Ciudad salitre, Bogotá",https://www.fincaraiz.com.co/apartamento-en-venta-en-ciudad-salitre-bogota/193806447,193806447,https://cdn4.fincaraiz.com.co/repo/img/th.outside384x275.6a6a75901625b_infocdn__639efef0-6dc1-4de9-b63c-4ff403c991b8.jpeg,[],$ 720.000.000,2 Habs. 2 Baños 60 m²,"Apartamento en venta en ciudad salitre, bogotá","Apartamento enBogotá, Bogotá, d.c.",Grupo Inmobiliario Intercontinental S.A.S,Llamar,,,,,,,,,,,,,,"Grupo Inmobiliario Intercontinental vende excelente apartamento de 60 mtrs2 ubicado en un sector de alta valorización de la ciudad, prácticamente para estrenar. El inmueble cuenta con muy buena iluminación natural, amplios espacios y una excelente distribución. Dispone de 2 habitaciones, garaje propio y excelentes acabados, ideal para vivir o invertir. Se encuentra rodeado de centros comerciales, almacenes de cadena y cuenta con excelentes vías de acceso y facilidad de transporte público. Ubicación estratégica, muy cerca al aeropuerto, lo que lo convierte en una excelente oportunidad de inversión. Inf: Mauricio Vera: ***1283",[],4.6635352,-74.1122478,2026-08-03
"La Scala, Apartamento en Venta en San jose de bavaria, Bogotá",https://www.fincaraiz.com.co/proyectos-vivienda/la-scala-apartamentos-en-venta-en-san-jose-de-bavaria-bogota/10566025,10566025,https://d3s5pkt10pk3ga.cloudfront.net/resizedImages/384x275/site/fincaraiz_service/media/listing/113e8e7a-d898-4512-935d-2925e483d367/photos/113e8e7a-d898-4512-935d-2925e483d367_1_True_7f6f5f0b-c993-4d39-8d8c-522db2df14b5.jpg,[],Desde $ 675.050.000,3 Habs. 2 Baños 66.2 m²,"La scala, apartamento en venta en san jose de bavaria, bogotá","Apartamento enBogotá, Bogotá, d.c.",MARVAL BOGOTA,Llamar,¡Pregúntale!,¡Pregúntale!,¡Pregúntale!,¡Pregúntale!,Sobre planos,¡Pregúntale!,¡Pregúntale!,¡Pregúntale!,¡Pregúntale!,¡Pregúntale!,¡Pregúntale!,¡Pregúntale!,5,"Diseñamos La Scala buscando el encuentro entre modernidad, exclusividad y confort; La combinación perfecta para una vida plena. Un proyecto vanguardista diseñado a la luz de las tendencias del lujo silencioso, donde encontrarás espacios que transmiten calma y serenidad gracias a la selección cuidadosa de su vegetación, materiales y texturas. El escenario perfecto para una vida en equilibrio y disfrutar de un entorno natural en el medio de la ciudad, el proyecto ideal para actividades ""indoors"" y ""outdoors"" al ritmo de tu vida.",[],4.76044670000000000000,-74.06558940000000000000,2026-08-03
"Apartamento en Venta en Bosque de pinos, Bogotá",https://www.fincaraiz.com.co/apartamento-en-venta-en-bosque-de-pinos-bogota/193752311,193752311,https://cdn4.fincaraiz.com.co/repo/img/th.outside384x275.6a0663650a317_infocdn__beare5vxhcq9-wxqbmkqmyy0oxmpbxbe2txqupkqxra1q0v1jlugbw9ilkxnsfiowlsrxtcsbnbcftadl3v75gwth6t43lfy-alsgkaik9buog.jpeg,[],$ 2.400.000.000,4 Habs. 5 Baños 235 m²,"Apartamento en venta en bosque de pinos, bogotá","Apartamento enBogotá, Bogotá, d.c.",TIERRA HABITAT,Llamar,,,,,,,,,,,,,,Apartamento EXTERIOR en VENTA en Bosque de PinosCon una espectacular vista panorámica 360° sobre Bogotá y la montaña como tu vecinoÁrea interior: 235 m²Terrazas privadas: 108 m²4 habitaciones5 bañosSala y comedor independientesFamily RoomZona de bar y BBQTerrazas en zonas sociales y habitaciones4 parqueaderosVista panorámica a toda la ciudadEl edificio cuenta con:Zonas verdesParque para niñosCódigo: ***,[],4.7243591,-74.0229726,2026-08-03
"Apartaestudio en Venta en La castellana, Bogotá",https://www.fincaraiz.com.co/apartaestudio-en-venta-en-la-castellana-bogota/193986999,193986999,https://cdn4.fincaraiz.com.co/repo/img/th.outside384x275.6a6d163ca3175_infocdn__61442044-6511-4127-93f7-e24cab458139.jpeg,[],$ 330.000.000,1 Hab 1 Baño 21 m²,"Apartaestudio en venta en la castellana, bogotá","Apartaestudio enBogotá, Bogotá, d.c.",Ignacio Samper y Cía,Llamar,,,,,,,,,,,,,,"Excepcional apartaestudio, diseñado con acabados modernos que reflejan un estilo de vida contemporáneo y sofisticado. Disfrute de la funcionalidad de sus muebles de biblioteca integrados y la calidez de sus pisos en madera laminada. Este espacio inteligentemente distribuido ofrece un baño completo y una sala-comedor que se fusionan en un ambiente armonioso, complementado por una cocina integral abierta, perfecta para el entretenimiento. Además, cuenta con una práctica zona de lavandería comunal. El edificio garantiza su tranquilidad con portería y vigilancia 247, facilitando su movilidad gracias a sus excelentes vías de acceso y la comodidad de un ascensor. Para su bienestar y esparcimiento, el edificio incluye un gimnasio completamente equipado y una espectacular terraza BBQ, ideal para disfrutar de momentos inolvidables ***",[],4.681855,-74.0600539,2026-08-03
"TORRES DEL 20 DE JULIO Etapa II, Apartamentos en Venta en Villa gladis, Bogotá",https://www.fincaraiz.com.co/proyectos-vivienda/torres-del-20-de-julio-etapa-ii-apartamentos-en-venta-en-villa-gladis-bogota/15017942,15017942,https://cdn4.fincaraiz.com.co/repo/img/th.outside384x275.69b9d915b7830_infocdn__ionys3kpunsrdj8vhlmtpsrxwexunqw4tm59pidajpg.jpg,[],Desde $ 255.999.000,3 Habs. 2 Baños 50 m²,"Torres del 20 de julio etapa ii, apartamentos en venta en villa gladis, bogotá","Apartamento enBogotá, Bogotá, d.c.",AR CONSTRUCCIONES,Llamar,¡Pregúntale!,¡Pregúntale!,¡Pregúntale!,¡Pregúntale!,Sobre planos,¡Pregúntale!,30,Plan de pagos en la sala de ventas,¡Pregúntale!,¡Pregúntale!,¡Pregúntale!,2029/ 04,2,"Estrena Apartamento en obra gris con 3 habitaciones y 2 baños cerca al barrio 20 de Julio, con zonas sociales para toda la familia: Coworking, zona de juegos de mesa, biblioteca – ludoteca, salones comunales con cocineta, gimnasio, juegos infantiles al aire libre, cancha múltiple, terraza mirador, 2 BBQs y zona de mascotas. Disfruta de la mejor vista de la ciudad desde sus torres de 31 pisos.La dirección mencionada en el proyecto pertenece a la sala de ventas",[],4.5703253644561,-74.099079657617,2026-08-03
"Oficina en Venta en Santa barbara occidental, Bogotá",https://www.fincaraiz.com.co/oficina-en-venta-en-santa-barbara-occidental-bogota/193700688,193700688,https://cdn4.fincaraiz.com.co/repo/img/th.outside384x275.69f65fc99e33a_infocdn__bs57sr428kjtm7uuzgszy1fwlwyo0brzszpjiruujpg.jpg,[],$ 980.000.000,5 Ambientes 5 Baños 113 m²,"Oficina en venta en santa barbara occidental, bogotá","Oficina enBogotá, Bogotá, d.c.",TULIO PERILLA,Llamar,,,,,,,,,,,,,,"OFICINAS O CONSULTORIOS MEDICOS O SERVICIOS DE SALUD SUBDIVIDIDOS EN 10 ESPACIOS INDEPENDIENTES QUE INCLUYEN RECEPCION, OFICINAS O CONSULTORIOS, SALONES PARA PROCEDIMIENTOS, ESPACIOS DE RECUPERACION, VESTIER INDEPENDIENTE PARA PROFESIONALES Y CLIENTES, BAÑOS INDEPENDIENTES PARA PROFESIONALES, CLIENTES Y ACOMPAÑANTES, OFICINA ADMINISTRATIVA.",[],4.7049802659298,-74.052613991016,2026-08-03
"Apartamento en Venta en El vergel occidental, Bogotá",https://www.fincaraiz.com.co/apartamento-en-venta-en-el-vergel-occidental-bogota/194039454,194039454,https://cdn4.fincaraiz.com.co/repo/img/th.outside384x275.6a6cf1fd3c9d6_infocdn__7527-1-1781023873jpg.jpg,[],$ 380.000.000,2 Habs. 2 Baños 46 m²,"Apartamento en venta en el vergel occidental, bogotá","Apartamento enBogotá, Bogotá, d.c.",BRIKSS SAS,Llamar,,,,,,,,,,,,,,"¡Imagina despertar cada mañana en este acogedor apartamento de 2 habitaciones y 2 baños! Con 46 metros cuadrados, este espacio te brinda comodidad y funcionalidad. Además, cuenta con 1 parqueadero para tu conveniencia. Situado en una ubicación privilegiada, este hogar es perfecto para aquellos que buscan un lugar tranquilo y acogedor para vivir. ¡No pierdas la oportunidad de hacer de este lugar tu nuevo hogar!El valor del canon de arrendamiento es de $2.200.000, el cual ya incluye la cuota de administración de $245.000.",[],4.652329331078,-74.133229733396,2026-08-03
"MANZANO, Apartamento en Venta en Lagos de Torca, Bogotá",https://www.fincaraiz.com.co/proyectos-vivienda/manzano-apartamentos-en-venta-en-lagos-de-torca-bogota/7505242,7505242,https://s3.amazonaws.com/imagenesprof.fincaraiz.com.co/OVFR_COL/2022/8/10/3828390_366_0.jpg,[],Desde $ 197.316.000,2 Habs. 1 Baño 44 m²,"Manzano, apartamento en venta en lagos de torca, bogotá","Apartamento enBogotá, Bogotá, d.c.",AMARILO,Llamar,¡Pregúntale!,¡Pregúntale!,¡Pregúntale!,¡Pregúntale!,En construcción,¡Pregúntale!,¡Pregúntale!,¡Pregúntale!,¡Pregúntale!,¡Pregúntale!,¡Pregúntale!,¡Pregúntale!,3,"El conjunto residencial MANZANO se encuentra ubicado en la Bogotá del futuro al norte de la ciudad, dentro del gran desarrollo Lagos de Torca. Este proyecto es un espacio donde podrás disfrutar de la naturaleza sin alejarte de la ciudad, se encuentra cerca de colegios, hospitales, centros comerciales e importantes vías de acceso. Manzano está muy cerca de la autopista norte, a la futura Av. Guaymaral y a la prolongación de la Av. Boyacá..",[],4.81103515625000000000,-74.04589843750000000000,2026-08-03
"EL PUERTO, Apartamento en Venta en La felicidad, Bogotá",https://www.fincaraiz.com.co/proyectos-vivienda/el-puerto-apartamentos-en-venta-en-la-felicidad-bogota/15017496,15017496,https://cdn4.fincaraiz.com.co/repo/img/th.outside384x275.6a35813ee548b_infocdn__iwaeabb3ju7q07stbusfhbdekpz1djr2cchuqubmpng.png,[],Desde $ 630.000.000,1 Hab 1 Baño 48 m²,"El puerto, apartamento en venta en la felicidad, bogotá","Apartamento enBogotá, Bogotá, d.c.",AMARILO,Llamar,¡Pregúntale!,¡Pregúntale!,¡Pregúntale!,¡Pregúntale!,Sobre planos,¡Pregúntale!,¡Pregúntale!,TODOS LOS MEDIOS DE PAGO,¡Pregúntale!,¡Pregúntale!,¡Pregúntale!,¡Pregúntale!,4,"Descubre El Puerto, el nuevo lanzamiento exclusivo de Amarilo. Un proyecto NO VIS . Apartamentos con un diseño vanguardista, acabados y espacios que elevan tu estilo de vida.Ubicado en el prestigioso Gran Desarrollo La Felicidad, El Puerto es sinónimo de sofisticación y excelente inversión. Su ubicación estratégica te conecta con lo mejor de la ciudad, en una zona de alta proyección y valorización.",[],4.6543809,-74.1235601,2026-08-03
"CIRUELO, Apartamento en Venta en Lagos de Torca, Bogotá",https://www.fincaraiz.com.co/proyectos-vivienda/ciruelo-apartamentos-en-venta-en-lagos-de-torca-bogota/10231398,10231398,https://d3s5pkt10pk3ga.cloudfront.net/resizedImages/384x275/site/fincaraiz_service/media/listing/69571645-a4ee-418e-8ec0-e8a652a1eb82/photos/69571645-a4ee-418e-8ec0-e8a652a1eb82_1_True_5188a685-5f86-42c7-8d18-f6bfeb805183.jpg,[],Desde $ 225.303.000,2 Habs. 1 Baño 44 m²,"Ciruelo, apartamento en venta en lagos de torca, bogotá","Apartamento enBogotá, Bogotá, d.c.",AMARILO,Llamar,¡Pregúntale!,¡Pregúntale!,¡Pregúntale!,¡Pregúntale!,Nuevos,¡Pregúntale!,30,¡Pregúntale!,¡Pregúntale!,¡Pregúntale!,¡Pregúntale!,¡Pregúntale!,3,"Nuevo LanzamientoEs un proyecto de vivienda VIP y TOPE VIS localizado en el desarrollo Ubanistico de HACIENDA EL BOSQUE en la Ciudad de Bogotá, Colombia.Diseñado estrategicamente en medio de la Zona Natural más grande del Norte de Cuidad, en LAGOS DE TORCA. Contará con todo lo que necesitas para vivir plenamente como Importantes Vías, Transporte Publico, Colegios, Universidades, Centros Comerciales, Clubes y mucho más; además que en el interior del gran desarrollo tendremos espacios unicos para compartir en familia como el parque lineal de 1.53 Kms donde podremos encontrar Parques Infantiles, Alamedas, Plazoletas, Senderos Peatonales, Espacios Deportivos, Zonas de Comercio y mucho más.Ven y conoce los Apartamentos, Zonas Comunes y demás caracteristicas que el Proyecto CIRUELO tiene para las familias Colombianas.*Este proyecto se encuentra ubicado en inmediaciones del Aeropuerto Flaminio Suarez Camacho de Guaymaral.",[],4.81122840000000000000,-74.04541060000000000000,2026-08-03
"Edificio en Venta en Chapinero, Bogotá",https://www.fincaraiz.com.co/edificio-en-venta-en-chapinero-bogota/193418845,193418845,https://cdn4.fincaraiz.com.co/repo/img/th.outside384x275.699896fff2a65_infocdn__gr2026010806033988542929767jpg.jpg,[],$ 3.600.000.000,12 Habs. 10 Baños 486 m²,"Edificio en venta en chapinero, bogotá","Edificio enBogotá, Bogotá, d.c.",EXP COLOMBIA SAS,Llamar,,,,,,,,,,,,,,"Excelente oportunidad de inversión en esta magnífica propiedad en venta. Este valioso edificio no solo constituye una estructura completa, sino también un negocio rentable en funcionamiento, con un enorme potencial de expansión de aproximadamente 5 a 6 veces su tamaño productivo actual. Esta propiedad cuenta con 3 pisos, cada uno con características distintivas:- En el primer piso, encontramos un apartamento de 60 m2 con 1 habitación, sala-comedor-cocina y baño, además de dos habitaciones independientes tipo hotel, completamente amobladas y con baño privado.- El segundo piso alberga un amplio apartamento de 150 m2 con 3 alcobas, baño principal, cuarto y baño de servicio, sala comedor, cocina y lavandería.- El tercer piso ofrece otro apartamento de 60 m2 con 1 habitación, sala-comedor, cocina y baño, junto con 4 habitaciones tipo hotel, también amobladas y con baño privado.Además, la propiedad cuenta con estacionamiento para 4 vehículos y un extenso jardín interior de 250 m2 con un estudio.Fue remodelado en 2013, con redes nuevas de luz, aguas limpias y servidas, 10 citófonos, un contador de agua y 4 de luz, Una entrada de gas natural para 2 cocinas y para 2 calentadores centrales del agua caliente que se distribuye a 9 bañosSu ubicación estratégica, a solo una cuadra de la Universidad Javeriana y del Nuevo Hospital Universitario San Ignacio, y su uso de suelo mixto comercial/residencial y educativo, hacen de este lugar una oportunidad excepci",[],4.6301242888778,-74.065172195697,2026-08-03
"Oficina en Venta en Barrancas Norte, Bogotá",https://www.fincaraiz.com.co/oficina-en-venta-en-barrancas-norte-bogota/193778513,193778513,https://cdn4.fincaraiz.com.co/repo/img/th.outside384x275.6a58d961ea77a_infocdn__2867689-1-1779388982jpg.jpg,[],$ 1.530.000.000,177 m²,"Oficina en venta en barrancas norte, bogotá","Oficina enBogotá, Bogotá, d.c.",FONNEGRA GERLEIN,Llamar,,,,,,,,,,,,,,"Ubicada en la estratégica Zona Norte de Bogotá, en el barrio Barrancas-Usaquén, esta oficina de 177 m² ofrece un entorno ideal para el desarrollo de actividades comerciales.  el inmueble se encuentra en un ambiente propicio para empresas que buscan establecerse en una zona con alta valorización y crecimiento. La ubicación favorece la accesibilidad y visibilidad, aspectos clave para atraer un flujo constante de clientes y facilitar la logística operativa. Con un diseño funcional y moderno, este espacio se adapta a diversas necesidades empresariales, permitiendo una distribución eficiente que optimiza el uso del área. Aproveche la oportunidad de establecer su negocio en un sector dinámico y en constante evolución, donde la demanda comercial sigue en aumento. Esta oficina representa una inversión sólida para quienes buscan crecer en un entorno competitivo y atractivo.",[],4.732095345264,-74.023663016978,2026-08-03
"Apartaestudio en Venta en Chico norte, Bogotá",https://www.fincaraiz.com.co/apartaestudio-en-venta-en-chico-norte-bogota/194040259,194040259,https://cdn4.fincaraiz.com.co/repo/img/th.outside384x275.6a67c5a5552a2_infocdn__1q0ghkmegd6r3pjmczxqetix3pm6ngsa2e0hhhdjjpg.jpg,[],$ 275.000.000,1 Hab 1 Baño 20 m²,"Apartaestudio en venta en chico norte, bogotá","Apartaestudio enBogotá, Bogotá, d.c.",INMOBI GO,Llamar,,,,,,,,,,,,,,"✨ Apartaestudio en venta – Chicó Virrey ✨Vivir bien ubicado no es un lujo… es una decisión ??️? Apartaestudio tipo suite? Chicó Virrey – Zona Urbana? $275.000.000? 18 m² construidos?️ 1 habitación? 1 baño? Estrato 6Moderno, acogedor y totalmente amoblado, ideal para quienes buscan comodidad, estilo y una ubicación privilegiada en el norte de Bogotá.A pocos pasos del Parque de la 93 y el Parque El Virrey ?, rodeado de restaurantes, bares, centros comerciales y zonas empresariales.Perfecto para vivir cerca de todo… sin perder tiempo en desplazamientos ?? Con el respaldo de InmobiGo Bienes Raíces? Escríbenos y agenda tu visita antes de que alguien más se adelante ?3209185644",[],4.6769492207424,-74.052424097951,2026-08-03
"Casa en Venta en Costa azul, Bogotá",https://www.fincaraiz.com.co/casa-en-venta-en-costa-azul-bogota/192918061,192918061,https://cdn4.fincaraiz.com.co/repo/img/th.outside384x275.6a68237fc2154_infocdn__gr1910632620250925101020jpg.jpg,[],$ 806.379.080,4 Habs. 5 Baños 292 m²,"Casa en venta en costa azul, bogotá","Casa enBogotá, Bogotá, d.c.",D.C COLOMBIA S.A.S.,Llamar,,,,,,,,,,,,,,"D.C COLOMBIA S.A.S vende casa en Bogotá, ubicada en la Calle 138 No. 101C-16, con un área de terreno de 72 m² y 292,78 m² construidos. Esta propiedad ofrece una excelente relación entre área y valor, ideal para familias que buscan una vivienda amplia en un sector residencial consolidado del norte de la ciudad. Con varios niveles y espacios generosos, la casa brinda posibilidades para adaptar ambientes sociales, privados y hasta áreas de trabajo o estudio, según las necesidades de sus futuros propietarios. El inmueble está disponible para visitas con cita previa y se encuentra distribuida de la siguiente manera: Primer Nivel: Local con baño Segundo Nivel: Salón con cocina y baño. Tercer nivel: Sala, comedor, cocina, un baño social y 3 alcobas. Cuarto Nivel: Sala, cocina, baño social, alcoba y baño privado.. Su ubicación estratégica en una zona de alta valorización hace de esta propiedad una gran oportunidad tanto de vivienda como de inversión. Con D.C COLOMBIA S.A.S recibirás asesoría profesional y acompañamiento integral en todo el proceso de compra, garantizando seguridad y transparencia.",[],4.739841,-74.0949501,2026-08-03
"KOEL 1, Apartaestudio en Venta en Olaya, Bogotá",https://www.fincaraiz.com.co/proyectos-vivienda/koel-1-apartaestudios-en-venta-en-olaya-bogota/15018045,15018045,https://cdn4.fincaraiz.com.co/repo/img/th.outside384x275.6a347afb83072_infocdn__0nikpt9di34npq1gsahtgev421ns7nmevewo53qvpng.png,[],Desde $ 154.594.000,1 Hab 1 Baño 26.42 m²,"Koel 1, apartaestudio en venta en olaya, bogotá","Apartaestudio enBogotá, Bogotá, d.c.",CÍRCULO INGENIERÍA,Llamar,¡Pregúntale!,¡Pregúntale!,¡Pregúntale!,¡Pregúntale!,Nuevos,¡Pregúntale!,¡Pregúntale!,¡Pregúntale!,¡Pregúntale!,¡Pregúntale!,¡Pregúntale!,2026,3,"KOEL es un edificio de 60 apartaestudios y apartamentos de 7 pisos con ascensor peatonal, videoportero y puertas automatizadas para brindar una experiencia inolvidable. Cuenta con parqueaderos comunales.*Aplica subsidio*Entrega en obra gris",[],4.5807212,-74.1057588,2026-08-03
"Apartamento en Venta en Usaquen, Bogotá",https://www.fincaraiz.com.co/apartamento-en-venta-en-usaquen-bogota/193573789,193573789,https://cdn4.fincaraiz.com.co/repo/img/th.outside384x275.69c71891437d7_infocdn__gug9fohwrxv0ac0ydisfkjh8zet7ap9o5ptft5vljpg.jpg,[],$ 275.000.000,2 Habs. 2 Baños 40.45 m²,"Apartamento en venta en usaquen, bogotá","Apartamento enBogotá, Bogotá, d.c.",ROSARIO MORA,Llamar,,,,,,,,,,,,,,"Descubra la esencia del lujo y la comodidad en este magnífico apartamento a estrenar, donde cada detalle ha sido cuidadosamente seleccionado para ofrecerle una experiencia de vida inigualable. Completamente terminado con acabados de la más alta calidad, este hogar irradia un estilo moderno y sofisticado, diseñado para quienes buscan exclusividad y bienestar. La meticulosa planificación de cada espacio maximiza la entrada de luz natural, creando ambientes cálidos, luminosos y acogedores que invitan a la relajación y al disfrute.Su ubicación estratégica es, sencillamente, inmejorable. Disfrute de una conectividad excepcional con las principales rutas de transporte público, facilitando sus desplazamientos diarios y conectándolo con toda la ciudad. Además, la propiedad se encuentra a escasos minutos de un vibrante ecosistema de servicios y entretenimiento: desde exclusivos centros comerciales y supermercados como D1 y Ara, hasta prestigiosas instituciones educativas que abarcan desde colegios de élite hasta reconocidas universidades. Todo lo que usted y su familia necesitan para una vida plena y cómoda está al alcance de su mano.Este apartamento no es solo un lugar para vivir; es un santuario urbano donde la comodidad, la conveniencia y el estilo se fusionan para crear el hogar de sus sueños. Una oportunidad única para invertir en calidad de vida y disfrutar de la máxima expresión del confort moderno.",[],4.7363593,-74.025117,2026-08-03
"Apartamento en Venta en Bella suiza, Bogotá",https://www.fincaraiz.com.co/apartamento-en-venta-en-bella-suiza-bogota/193682085,193682085,https://cdn4.fincaraiz.com.co/repo/img/th.outside384x275.69eff1fcc429f_infocdn__eq2aqc9g0ju3vmdveilg00f9iasokxjvdygq03mhjpg.jpg,[],$ 780.000.000,3 Habs. 3 Baños 90 m²,"Apartamento en venta en bella suiza, bogotá","Apartamento enBogotá, Bogotá, d.c.",JAVIER LOPEZ,Llamar,,,,,,,,,,,,,,"Descubra la exclusividad y el confort en este magnífico apartamento dúplex, estratégicamente ubicado en el prestigioso barrio Bella Suiza. La planta inferior le da la bienvenida con una habitación privada con baño, un versátil estudio adaptable como habitación adicional, una espaciosa sala-comedor ideal para el entretenimiento, un baño social y una cocina independiente con área de lavandería. Ascendiendo a la segunda planta, encontrará una amplia habitación principal que ofrece un santuario de relajación, equipada con baño privado, un generoso walk-in closet y un sauna para su bienestar.Este exclusivo apartamento incluye dos parqueaderos, complementados por un edificio automatizado que garantiza seguridad y comodidad. Su ubicación privilegiada ofrece inmejorables vías de acceso a través de la Carrera Séptima, Carrera Novena y Calle 127, facilitando la movilidad por la ciudad. Disfrute de la cercanía a centros comerciales de renombre como Unicentro y Hacienda Santa Bárbara, así como a la vibrante oferta comercial de la Calle 127, que pone a su alcance todo lo que necesita.",[],4.7052,-74.0321098,2026-08-03
"Apartamento en Venta en Cedritos, Bogotá",https://www.fincaraiz.com.co/apartamento-en-venta-en-cedritos-bogota/193410777,193410777,https://cdn4.fincaraiz.com.co/repo/img/th.outside384x275.699679a526f9e_infocdn__dcgjhwkdgapbdtblhdufbls9dukmzmsq3zxelflfjpg.jpg,[],$ 820.000.000,3 Habs. 2 Baños 102 m²,"Apartamento en venta en cedritos, bogotá","Apartamento enBogotá, Bogotá, d.c.",Emfipa Inmobiliaria S.A.S,Llamar,,,,,,,,,,,,,,"Excelente apto ubicado en el sector norte barrio el country localidad de Usaquén, consta. de tres alcobas, principal con baño y Vestier, salón comedor, cocina integral de isla, zona de lavandería, baño de alcobas, dos parqueaderos cubiertos, un deposito, valor venta $820.millones de pesos.",[],4.7190125,-74.0411926,2026-08-03
"Casa en Venta en Costa azul, Bogotá",https://www.fincaraiz.com.co/casa-en-venta-en-costa-azul-bogota/192918061,192918061,https://cdn4.fincaraiz.com.co/repo/img/th.outside384x275.6a68237fc2154_infocdn__gr1910632620250925101020jpg.jpg,[],$ 806.379.080,4 Habs. 5 Baños 292 m²,"Casa en venta en costa azul, bogotá","Casa enBogotá, Bogotá, d.c.",D.C COLOMBIA S.A.S.,Llamar,,,,,,,,,,,,,,"D.C COLOMBIA S.A.S vende casa en Bogotá, ubicada en la Calle 138 No. 101C-16, con un área de terreno de 72 m² y 292,78 m² construidos. Esta propiedad ofrece una excelente relación entre área y valor, ideal para familias que buscan una vivienda amplia en un sector residencial consolidado del norte de la ciudad. Con varios niveles y espacios generosos, la casa brinda posibilidades para adaptar ambientes sociales, privados y hasta áreas de trabajo o estudio, según las necesidades de sus futuros propietarios. El inmueble está disponible para visitas con cita previa y se encuentra distribuida de la siguiente manera: Primer Nivel: Local con baño Segundo Nivel: Salón con cocina y baño. Tercer nivel: Sala, comedor, cocina, un baño social y 3 alcobas. Cuarto Nivel: Sala, cocina, baño social, alcoba y baño privado.. Su ubicación estratégica en una zona de alta valorización hace de esta propiedad una gran oportunidad tanto de vivienda como de inversión. Con D.C COLOMBIA S.A.S recibirás asesoría profesional y acompañamiento integral en todo el proceso de compra, garantizando seguridad y transparencia.",[],4.739841,-74.0949501,2026-08-03
"Apartamento en Venta en Cedritos, Bogotá",https://www.fincaraiz.com.co/apartamento-en-venta-en-cedritos-bogota/193777354,193777354,https://cdn4.fincaraiz.com.co/repo/img/th.outside384x275.6a68e7729fe40_infocdn__0b433051-156f-48e1-9054-b4d24505344ajpg.jpg,[],$ 450.000.000,3 Habs. 2 Baños 80 m²,"Apartamento en venta en cedritos, bogotá","Apartamento enBogotá, Bogotá, d.c.",Engel & Völkers,Llamar,,,,,,,,,,,,,,"Apartamento en edificio de dos torres, de pocos pisos, con corredores y escaleras amplias, para un total de 22 apartamentos en donde la mayoría de propietarios se conocen. Al ingresar encontramos un pequeño recibidor que nos permite tener un espacio para colocar las llaves, paraguas y abrigos tanto personales como los de las visitas. Desde allí podemos apreciar de frente el ingreso a la cocina cerrada, muy bien distribuida con su zona de lavandería, y un ventanal que nos permite la luz natural como un amplio flujo de aire que ayuda para los olores en el momento de cocción y para el secado de la ropa. Saliendo de la cocina a mano derecha encontramos una zona social amplia, conformada por sala comedor. En esa área encontramos unas escaleras que nos llevan a una habitación en una especie de altillo, amplia, con su baño privado. Y de frente a la sala se encuentran dos habitaciones de buen tamaño con sus closets de pared a pared, muy iluminadas con unas ventanas muy lindas, semicirculares. Del lado izquierdo el baño de las habitaciones que también hace de baño social y frente a este un estudio. Este apartamento se complementa con un parqueadero y un depósito.",[],4.7220081,-74.0378682,2026-08-03
"Apartamento en Venta en Santa Barbara, Bogotá",https://www.fincaraiz.com.co/apartamento-en-venta-en-santa-barbara-bogota/194037671,194037671,https://cdn4.fincaraiz.com.co/repo/img/th.outside110x50.69f27ae0452db_siempre.png,[],$ 1.100.000.000,2 Habs. 3 Baños 104 m²,"Apartamento en venta en santa barbara, bogotá","Apartamento enBogotá, Bogotá, d.c.",Siempre Contigo Grupo Inmobiliario,Llamar,,,,,,,,,,,,,,SE VENDE Y/O ARRIENDA APARTAMENTO EN SANTA BARBARA 104 mts con balcón Venta: $ ***000ooArriendo: $ ***oo inc admon 2 cuartos con baño + baño social + cocina abierta Piso 2 alto exterior Admon: $ ***oo2 parqueaderos ind + depósitoMueble con cama de visitas Edificio del 2013 con salón social y terraza bbq con juego de niñosCod julLil Jac,[],4.6988592661956,-74.047749525053,2026-08-03
"La Almería Alsacia Reservado, Apartamento en Venta en Ciudad alsacia, Bogotá",https://www.fincaraiz.com.co/proyectos-vivienda/la-almeria-alsacia-reservado-apartamentos-en-venta-en-ciudad-alsacia-bogota/7872475,7872475,https://d3s5pkt10pk3ga.cloudfront.net/resizedImages/384x275/site/fincaraiz_service/media/listing/c5b0ea29-9520-496c-8ae9-e6c71d54a33b/photos/c5b0ea29-9520-496c-8ae9-e6c71d54a33b_1_True_61c04b56-8250-4b0c-98fa-85194de1d4ff.jpg,[],Desde $ 641.680.000,3 Habs. 2 Baños 64.43 m²,"La almería alsacia reservado, apartamento en venta en ciudad alsacia, bogotá","Apartamento enBogotá, Bogotá, d.c.",MARVAL BOGOTA,Llamar,¡Pregúntale!,¡Pregúntale!,¡Pregúntale!,¡Pregúntale!,Nuevos,¡Pregúntale!,Financiación: 75%,¡Pregúntale!,¡Pregúntale!,¡Pregúntale!,¡Pregúntale!,¡Pregúntale!,4,"Ubicado en la zona occidental de Bogotá, entre Av. principales como la Cl 13 y la Av Boyacá, en el sector de Alsacia, con influencia directa de la Clínica La Paz, integrándose a otros desarrollos de la zona denominada Alsacia. Cuenta con centros comerciales cerca como El Edén y Multiplaza; Zonas verdes, parques, alamedas, plazoletas, vías, etc. convirtiéndose en una zona de valorización constante. Este proyecto se compone de 2 torres de apartamentos, 2 sótanos para parqueaderos, portería.",[],4.64103960000000000000,-74.12557980000000000000,2026-08-03
"La Palma, Apartamentos en Venta en Bogotá",https://www.fincaraiz.com.co/proyectos-vivienda/la-palma-apartamentos-en-venta-en-bogota/15017665,15017665,https://cdn4.fincaraiz.com.co/repo/img/th.outside384x275.6890f7743d7ba_infocdn__nvdmqe6mibbaligrlkgxp1q8k0ldjhjc9hgsdi8ajpg.jpg,[],Desde $ 173.340.000,2 Habs. 1 Baño 47.14 m²,"La palma, apartamentos en venta en bogotá","Apartamento enBogotá, Bogotá, d.c.",MARVAL BOGOTA,Llamar,¡Pregúntale!,¡Pregúntale!,¡Pregúntale!,¡Pregúntale!,En construcción,¡Pregúntale!,Cuota Inicial = 10% Plazo Cuota Inicial : 8 Meses,¡Pregúntale!,¡Pregúntale!,¡Pregúntale!,¡Pregúntale!,¡Pregúntale!,3,"La Palma es un proyecto de Vivienda de Interés Prioritario con apartamentos amplios, zonas verdes, zona social y torres de 6 pisos en conjunto cerrado para elegir la ubicación que prefieras.",[],4.5329903,-74.1174352,2026-08-03
"Baviera, Apartamentos en Venta en Prados de la Sabana, Bogotá",https://www.fincaraiz.com.co/proyectos-vivienda/baviera-apartamentos-en-venta-en-prados-de-la-sabana-bogota/15017164,15017164,https://cdn4.fincaraiz.com.co/repo/img/th.outside384x275.67a2703059229_infocdn__ffcsvbtgq2l4gfkvxusqhmxuayewotclnobd3s3zpng.png,[],Desde $ 1.258.701.000,3 Habs. 2 Baños 138.86 m²,"Baviera, apartamentos en venta en prados de la sabana, bogotá","Apartamento enBogotá, Bogotá, d.c.",MARVAL BOGOTA,Llamar,¡Pregúntale!,¡Pregúntale!,¡Pregúntale!,¡Pregúntale!,Nuevos,¡Pregúntale!,¡Pregúntale!,¡Pregúntale!,¡Pregúntale!,¡Pregúntale!,¡Pregúntale!,¡Pregúntale!,4,"Baviera será protagonista en el desarrollo urbanístico y residencial al norte de Bogotá, ubicado en la Avda. Boyacá con Calle 170 en un sector destinado a convertirse en la más completa y excepcional experiencia para vivir. Desde ahora esta zona se proyecta como la más moderna e integral oferta de centros comerciales, colegios, sitios de interés cultural y de entretenimiento, servicios médicos y vías de acceso principales entre otras ventajas incomparablesSitios de interés cercanos: – Colegio Iragua – Colegio Marymount – Jumbo – Alkosto – Olímpica – Farmatodo – Teatro – Biblioteca Julio Mario Santo Domingo – Academia de tenis Forest Hills.",[],4.7590613,-74.0652716,2026-08-03
"Apartamento en Venta en Santa barbara central, Bogotá",https://www.fincaraiz.com.co/apartamento-en-venta-en-santa-barbara-central-bogota/193348305,193348305,https://cdn4.fincaraiz.com.co/repo/img/th.outside384x275.6980cec52729d_infocdn__925feb79-6a0b-4be5-92a8-9a0fee5e58a9.jpeg,[],$ 2.500.000.000,3 Habs. 3 Baños 301 m²,"Apartamento en venta en santa barbara central, bogotá","Apartamento enBogotá, Bogotá, d.c.",Ignacio Samper y Cía,Llamar,,,,,,,,,,,,,,"CaracterísticasSector residencial muy tranquilo en calle cerrada; amplia zona social de sala con chimenea y balcón, comedor independiente, estudio con bibliotecas y chimenea; baño social;  zona de alcobas con vista sobre árboles, estar de alcobas con bibliotecas, alcoba principal con baño privado y 2 walking closet, las otras 2 alcobas comparten un segundo baño; cocina, lavandería y cuarto y baño de servicio.***",[],4.7071170177061,-74.043940083234,2026-08-03
"Apartamento en Venta en Bellavista, Bogotá",https://www.fincaraiz.com.co/apartamento-en-venta-en-bellavista-bogota/193653535,193653535,https://cdn4.fincaraiz.com.co/repo/img/th.outside384x275.69e664f72fac1_infocdn__43525c80-bec9-4962-9df1-5811af3bc64d.jpeg,[],$ 4.300.000.000,3 Habs. 4 Baños 290 m²,"Apartamento en venta en bellavista, bogotá","Apartamento enBogotá, Bogotá, d.c.",Ignacio Samper y Cía,Llamar,,,,,,,,,,,,,,"Excelente apartamento para vivir como si fuera una casa. Es único ubicado en Peñas Blancas, tiene jardín y terraza privada, ideal para familias. Al apartamento se entra directo desde el ascensor, el cual cuenta con puerta de seguridad y llega directo a la zona social, super amplia compuesta de sala comedor con chimenea a gas. Cuenta con estudio, baño social, estar de TV con salida a terraza y jardín, 3 cuartos cada uno con su baño, y el principal con Walking Closet y tina. Al apartamento también se puede ingresar por la lavandería con puerta blindada, la cual conecta con la cocina con comedor auxiliar, y el cuarto y baño de servicio. Tiene un depósito muy amplio y 5 parqueaderos, 4 en línea y uno independiente. Exclusivo y reconocido edificio Peñas Blancas, cuenta con club house, con piscina, gimnasio con entrenador, Spa con zonas húmedas y salas de masaje, sala de cine, cuarto de juegos, cuarto de choferes, parque de niños, zonas verdes, 30 parqueaderos de visitantes, salones comunales y mucho más.***",[],4.660526,-74.04721,2026-08-03
"Apartamento en Venta en Colina Campestre, Bogotá",https://www.fincaraiz.com.co/apartamento-en-venta-en-colina-campestre-bogota/194052009,194052009,https://cdn4.fincaraiz.com.co/repo/img/th.outside384x275.6a6acd92242fd_infocdn__gr1978224320260729105725jpeg.jpeg,[],$ 1.850.000.000,4 Habs. 5 Baños 223 m²,"Apartamento en venta en colina campestre, bogotá","Apartamento enBogotá, Bogotá, d.c.",Home Colombia,Llamar,,,,,,,,,,,,,,"? Exclusividad, amplitud y naturaleza en un solo lugar: Apartamento de lujo en Nueva ColinaDescubre este espectacular apartamento ubicado en el exclusivo Conjunto Nogales Reserva Residencial, en Nueva Colina, diseñado para quienes buscan confort, privacidad y una excelente calidad de vida en uno de los sectores de mayor valorización del norte de Bogotá.Con 221,87 m² de área construida, este elegante inmueble ofrece espacios amplios, excelente iluminación natural y una privilegiada vista a la reserva natural, creando un ambiente único de tranquilidad.Características del inmueble:? 221,87 m² de área construida.?️ 4 amplias habitaciones, cada una con baño privado.? 5 baños en total, incluido baño social.?‍? Alcoba y baño de servicio.? Amplia zona social con chimenea.? Estudio o segunda sala integrada.? 3 balcones con vista panorámica (sala, cocina y habitación principal).? 4 parqueaderos en servidumbre.? Depósito.? Puerta de seguridad.? Sistema de domótica para iluminación, cortinas y chimenea.? Piso 2.? Construido en 2016.Amenidades del conjunto:? Piscina cubierta climatizada para adultos y niños.?️ Gimnasio completamente dotado.? Cancha de squash.? Dos parques infantiles.? Zona BBQ.? Salón de eventos.? Espacio de coworking.? Senderos ecológicos rodeados de naturaleza.? Vigilancia y seguridad permanente.Ubicación privilegiadaSu excelente ubica",[],4.740825,-74.0706365,2026-08-03
"Apartamento en Venta en Gran granada, Bogotá",https://www.fincaraiz.com.co/apartamento-en-venta-en-gran-granada-bogota/194011244,194011244,https://cdn4.fincaraiz.com.co/repo/img/th.outside384x275.6a6b8de01f6fe_infocdn__gr-se-vende-apartamento-primer-pi-1784592390-5457-3789jpeg.jpeg,[],$ 435.000.000,3 Habs. 2 Baños 83 m²,"Apartamento en venta en gran granada, bogotá","Apartamento enBogotá, Bogotá, d.c.",De La Hoz Inmobiliaria,Llamar,,,,,,,,,,,,,,"Apartamento en venta en Caminos de Granada – Gran Granada, Engativá | 83 m² | Primer piso | 3 hab | Estudio | Balcón | Depósito | ParqueaderoPrecio de venta $435.000.000 | Administración $326.000Apartamento interior ubicado en el Conjunto Residencial Caminos de Granada, a pocas cuadras de la Calle 80, en uno de los sectores de mayor valorización de Gran Granada. Su excelente ubicación ofrece fácil acceso a vías principales, transporte público, parques, supermercados, colegios y centros comerciales.Distribución:Sala comedor con balcón • Cocina integral • Patio independiente con zona de ropas • Estudio • 3 habitaciones • 2 baños (uno en la habitación principal) • Parqueadero descubierto • Depósito (único en la torre)El inmueble cuenta con una distribución amplia y funcional, excelente iluminación y solo 5 años de antigüedad, ideal para familias que buscan comodidad y una excelente ubicación.Zonas comunes:Vigilancia 24/7 • Ascensores • Salón comunal • Parque infantil • Zonas verdes • Parqueaderos de visitantesEstrato 4.Excelente oportunidad de inversión o vivienda en un conjunto moderno, ubicado en uno de los sectores con mayor desarrollo y valorización del occidente de Bogotá.",[],4.7234984,-74.1250182,2026-08-03
Lote en Venta en San fernando,https://www.fincaraiz.com.co/lote-en-venta-en-san-fernando/193673432,193673432,https://cdn4.fincaraiz.com.co/repo/img/th.outside384x275.69ebcc9b4ee65_infocdn__zlbfk2xhwvyjiw885rsi9n9lgq3fisujohcjxmnfjpg.jpg,[],$ 680.000.000,160 m²,Lote en venta en san fernando,"Lote enBogotá, Bogotá, d.c.",OVAYCA INVERSIÓN INMOBILIARIA S.A.S,Llamar,,,,,,,,,,,,,,"OPORTUNIDAD se vende CASA LOTE de 8 metros de frente por 20 de fondo, en el barrio San Fernando, muy bien ubicado cerca la Av NQ, calle 72 y calle 68.",[],4.6687111,-74.0772378,2026-08-03
"Apartamento en Venta en Santa Paula, Bogotá",https://www.fincaraiz.com.co/apartamento-en-venta-en-santa-paula-bogota/192960186,192960186,https://cdn4.fincaraiz.com.co/repo/img/th.outside384x275.6a6a232fe0a86_infocdn__gr-santa-paula-venta-ph-gran-altu-1759895518-5633-1695jpeg.jpeg,[],$ 2.200.000.000,3 Habs. 5 Baños 246 m²,"Apartamento en venta en santa paula, bogotá","Apartamento enBogotá, Bogotá, d.c.",AM2 Finca Raíz,Llamar,,,,,,,,,,,,,,"DISPONIBLE! Te sorprenderás con este gran PentHouse que se destaca por su luminosidad, altura, acabados y distribución! Ubicado en Santa Paula, entre calles 112 y 109 y carreras 15 y 11, zona residencial cerca de las principales vías de acceso y zonas de interés. Al ingresar encontramos una amplia zona social con vista occidental donde se recibe el sol de la tarde. El comedor se integra muy bien con la cómoda cocina y con una terraza en L con cortavientos para disfrutar de los momentos de BBQ. La zona de servicio cuenta con su habitación, baño y zona de ropas. Antes de pasar a la zona privada de habitaciones, encontramos un gran estar de TV y un estudio u oficina. Y finalmente, al pasar una puerta corrediza entramos a la acogedora zona de habitaciones con play room, 2 alcobas con baño privado, la principal muy amplia, con balcón, walk-in closet y baño con jacuzzi. Qué esperas para conocerlo ? Agenda tu cita ahora! AMCCódigo. nueve cinco uno dos cuatro tres seis .",[],4.6910193440253,-74.041800498962,2026-08-03
"Casa en Venta en Chapinero, Bogotá",https://www.fincaraiz.com.co/casa-en-venta-en-chapinero-bogota/193955578,193955578,https://cdn4.fincaraiz.com.co/repo/img/th.outside384x275.6a4ad0628c7d9_infocdn__picture-cde65cc9040d49ca98003b2405f5bfb6jpeg.jpeg,[],$ 2.850.000.000,11 Habs. 11 Baños 192 m²,"Casa en venta en chapinero, bogotá","Casa enBogotá, Bogotá, d.c.",Tu360Inmobiliario,Llamar,,,,,,,,,,,,,,"Inmueble calle 65 # 5-50. Bogota Chapinero Alto.Frente 12 por 16, Total área terreno 192 m.Área construida en 4 pisos 572 m.,  hace 13 años.Tiene 11 habitaciones (oficinas, consultorio), todas con closet y baño privado, hall amplio para sala comedor,  cocina abierta ,  baño social, 3 parqueaderos en línea.Precio $ 2.850 millonesCatastro avaluo 2026 $1.300 millonesAvaluo Comercial 2023 $2.980 millonesUbicación estratégica el corazón de zona financiera y gastronómica de Chapinero Alto, calle 65 con 7, con fácil acceso  a servicios esenciales: supermercados, hospitales, universidades, centros comerciales, teatros para cine y cultura, terminales de transporte y aeropuerto, lo que permite comodidad, conveniencia y eficacia en el tiempo.El inmueble podría estar enfocado para rentas cortas, 11 habitaciones con su baño privado, luz natural, ideal para nómadas digitales y viajeros, pues  tieneamplios espacios para ser convertidos fácil y con baja inversión  en áreas para, Meet Room, Podcast Room, Work Center, Rooftop, Coffee Shop y  Solarium para  Indoor Yoga. Gym, para promover la productividad, el bienestar y los residentes. Todo asegura al inversionista  buena y segura rentabilidad desde el primer diaDescripción de espacios.Primer piso. Total 192 m. Construido 180 m.Antejardin, 3 garajes en linea, Hall para recepción con baño social,  sala  - comedor,  cocina, una habitacion con baño y closet, un cuarto útil.Segundo piso. area construida 154 m.Hall 5  habitaciones cada una con baño y closet. Closet linos.Tercer piso. area construida 138 m.5 habitaciones.Cuaro Piso.Área construida 100 m. Solariun cubierto, cuarto para ropas, lavadero, baño completo.Tiene espacio en 2⁰ 3⁰ y 4⁰ que sumado se podría  ampliar hasta 70 u 80 m²",[],4.6489277,-74.0582421,2026-08-03
"Apartamento en Venta en Los rosales, Bogotá",https://www.fincaraiz.com.co/apartamento-en-venta-en-los-rosales-bogota/193132464,193132464,https://cdn4.fincaraiz.com.co/repo/img/th.outside384x275.6a6d7cdd413cf_infocdn__acfdc670-dc90-46f1-a1a5-ddd0fa672122propertyacfdc670dc9046f1a1a5ddd0fa672122pc3ceyiy8ijpg.jpg,[],$ 5.280.000.000,3 Habs. 3 Baños 352 m²,"Apartamento en venta en los rosales, bogotá","Apartamento enBogotá, Bogotá, d.c.",Houm,Llamar,,,,,,,,,,,,,,"[VEN] ID HOUM: 162680En Houm te ayudamos de forma fácil y segura. Los beneficios de comprar con nosotros:• Te ayudamos a conseguir financiamiento a través de una asesoría personalizada• Mediación y seguimiento de todo el proceso• Ponemos a tu disposición profesionales en notariado, registro y asesoría jurídica¡Solo te preocupas de las firmas!Departamento en venta, ubicado en el barrio Toscama, con una superficie construida de 318.00 m² y superficie total de 352.00 m².Sus principales características son:• 3 dormitorios• 3 baños• Admite mascotas• 3 parqueaderos• Año de construcción: 2015• Cuarto de lavado• BodegaAdemás, el inmueble cuenta con las siguientes amenidades:• Salón de eventos• Ascensor• Zona de juegos• Alberca• Gimnasio• LavanderíaSi compras con nosotros, te brindamos asesoría personalizada durante todo el proceso.Más que una inmobiliaria, somos Houm.*Aplican T&C",[],4.6618765,-74.0460637,2026-08-03
"Apartamento en Venta en Los molinos, Bogotá",https://www.fincaraiz.com.co/apartamento-en-venta-en-los-molinos-bogota/192638321,192638321,https://cdn4.fincaraiz.com.co/repo/img/th.outside384x275.6a0347ebd5906_infocdn__1002660-1-1752514691jpg.jpg,[],$ 1.155.000.000,3 Habs. 4 Baños 164 m²,"Apartamento en venta en los molinos, bogotá","Apartamento enBogotá, Bogotá, d.c.",INMOBILIARIA BIENES URBANOS E.U.,Llamar,,,,,,,,,,,,,,"PRECIO DE OPORTUNIDAD.  Apartamento en Venta Molinos, 3 habitaciones, 4 parqueaderos. Descubre la elegancia y comodidad en este exclusivo apartamento ubicado en el corazón de la ciudad. Con una distribución de 164 metros cuadrados, este inmueble cuenta con 4 baños y 4 parqueaderos independientes.  Su diseño moderno y espacioso te brinda un ambiente acogedor y funcional para disfrutar en familia o con amigos. Vive la experiencia de lujo y confort que este lugar tiene para ofrecerte. ¡No pierdas la oportunidad de hacer de este apartamento tu nuevo hogar!",[],4.689157621325,-74.043037031797,2026-08-03
"Apartamento en Venta en Bonanza, Bogotá",https://www.fincaraiz.com.co/apartamento-en-venta-en-bonanza-bogota/193556742,193556742,https://cdn4.fincaraiz.com.co/repo/img/th.outside384x275.69c2bed6a3239_infocdn__69bace05a8801jpg.jpg,[],$ 430.000.000,2 Habs. 2 Baños 67 m²,"Apartamento en venta en bonanza, bogotá","Apartamento enBogotá, Bogotá, d.c.",CUVIK INMOBILIARIA,Llamar,,,,,,,,,,,,,,"Apartamento en venta – Edificio Del PilarDescubre este moderno apartamento en edificio en construcción, ideal para quienes buscan invertir o vivir en una zona tranquila y bien conectada de Bogotá. Ubicado en el Edificio El Pilar, en el corazón de Bonanza, un sector residencial reconocido por su seguridad, tranquilidad y excelente ubicación.Este apartamento contará con diseño contemporáneo y excelentes acabados, pensado para aprovechar al máximo cada espacio y ofrecer un ambiente moderno, funcional y acogedor.Su ubicación estratégica lo convierte en una excelente oportunidad de valorización, ya que se encuentra muy cerca de las futuras estaciones del Metro de Bogotá (segunda etapa), lo que mejorará aún más la movilidad y el acceso a diferentes puntos de la ciudad.Además, su entorno ofrece zonas verdes ideales para caminar, hacer deporte o disfrutar en familia, así como cercanía a centros comerciales, supermercados y almacenes de cadena, brindando comodidad para el día a día. Un aspecto relevante es que el edificio cuenta con aprobacion para rentas cortas, lo cual lo hace muy atractivo para inversionistas.",[],4.687838,-74.093824,2026-08-03
"BULEVAR DEL PORTAL, Apartamento en Venta en Ciudadela del Portal, Bogotá",https://www.fincaraiz.com.co/proyectos-vivienda/bulevar-del-portal-apartamentos-en-venta-en-ciudadela-del-portal-bogota/6277577,6277577,https://s3.amazonaws.com/imagenesprof.fincaraiz.com.co/OVFR_COL/2021/7/20/3065241_593_9.jpg,[],Desde $ 127.300.000,2 Habs. 1 Baño 43 m²,"Bulevar del portal, apartamento en venta en ciudadela del portal, bogotá","Apartamento enBogotá, Bogotá, d.c.",AMARILO,Llamar,¡Pregúntale!,¡Pregúntale!,¡Pregúntale!,¡Pregúntale!,En construcción,¡Pregúntale!,¡Pregúntale!,¡Pregúntale!,¡Pregúntale!,¡Pregúntale!,¡Pregúntale!,¡Pregúntale!,3,"BULEVAR DEL PORTAL es un conjunto residencial de apartamentos ubicado en la SM 13 lote2 del desarrollo urbanistico CIUDADELA DEL PORTAL en la localidad de Usme. El proyecto tiene facilidades de acceso y transporte a través de la troncal de trasmilenio de la Av. Caracas, cercano al Centro Comercial Altavista y almacenes de cadena, lo cual garantiza la valorización de su inversión. BULEVAR DEL PORTAL se desarrolla como un solo conjunto cerrado con portería y accesos..",[],4.53394985198975000000,-74.11940765380860000000,2026-08-03
"Local en Venta en Galan, Bogotá",https://www.fincaraiz.com.co/local-en-venta-en-galan-bogota/194015078,194015078,https://cdn4.fincaraiz.com.co/repo/img/th.outside384x275.6a5fd54f3a4e7_infocdn__w2a5fxycodattu8fhq14okpm3hiv82stsc0ga6rwjpg.jpg,[],$ 2.700.000.000,3 Ambientes 2 Baños 240 m²,"Local en venta en galan, bogotá","Local Comercial enBogotá, Bogotá, d.c.",INMOBILIARIA CASTILLO & CELY S A S,Llamar,,,,,,,,,,,,,,Se vende edificio comercial en el barrio galán sobre avenida principal frente a Davivienda.Excelente inversión.,[],4.6211609,-74.1180864,2026-08-03
"Apartamento en Venta en Santa Barbara, Bogotá",https://www.fincaraiz.com.co/apartamento-en-venta-en-santa-barbara-bogota/193948771,193948771,https://cdn4.fincaraiz.com.co/repo/img/th.outside384x275.6a4fc9afa13d9_infocdn__kzlb368lzgwtcszhcvwkntvbervvosiwsdegjpsnjpg.jpg,[],$ 1.100.000.000,2 Habs. 2 Baños 147 m²,"Apartamento en venta en santa barbara, bogotá","Apartamento enBogotá, Bogotá, d.c.",Sell and Rent Colombia,Llamar,,,,,,,,,,,,,,T. VENTA APARTAMENTO SANTA BARBARA con TERRAZAArea de 112mt + 35m de terraza privada. Sala - comedor y cocina abierta con zona de lavandería. 2 alcobas y 1 estudio. 2 baños completos.2 garajes independientes y zona de deposito. 100% remodelado.Valor admin: $$1.109.000Valor apartamento: $1.100.000.000,[],4.7037177040327,-74.031843825457,2026-08-03
"Apartamento en Venta en San jose de bavaria, Bogotá",https://www.fincaraiz.com.co/apartamento-en-venta-en-san-jose-de-bavaria-bogota/193644612,193644612,https://cdn4.fincaraiz.com.co/repo/img/th.outside384x275.69e24ea8ed11c_infocdn__okak43i3c2onsdl69inxyhqpicrte9qmplr1qwxcjpg.jpg,[],$ 1.250.000.000,1 Hab 1488 m²,"Apartamento en venta en san jose de bavaria, bogotá","Apartamento enBogotá, Bogotá, d.c.",Ramon Asociados,Llamar,,,,,,,,,,,,,,"lindo apto , sector de alta valorización, de 148,8 metros en 9 piso,   de 3 habitaciones, 3 baños, sala y habitación principal con balcón , estudio, cocina abierta, zona de lavandería,  club house, parqueadero en línea, de visitan tes ,leasing con davivienda,cerca a supermercados, clínica colina avenida boyaca, calle 170, facil transporte. también se recibe permutas por aptos de menor valor aparta estudios , centro, chapinero, o cedritos.",[],4.7586539,-74.0645124,2026-08-03
